method,stage,task,module,diagnostic,delta_frobenius,old_delta_frobenius,cosine_with_old_adapter_sum,cosine_with_previous_task_update,rank1_energy_fraction,rank4_energy_fraction
seq_lora,1,task1290_xsum_summarization,model.layers.0.self_attn.q_proj,change_of_shared_adapter,0.33363579959131356,0.0,,,0.5948567614546828,0.8832880534742764
seq_lora,1,task1290_xsum_summarization,model.layers.0.self_attn.v_proj,change_of_shared_adapter,0.14070815704481693,0.0,,,0.42180722402922244,0.8570331962265278
seq_lora,1,task1290_xsum_summarization,model.layers.1.self_attn.q_proj,change_of_shared_adapter,0.3386161161971676,0.0,,,0.44994091139418696,0.8686260070875556
seq_lora,1,task1290_xsum_summarization,model.layers.1.self_attn.v_proj,change_of_shared_adapter,0.1529908402318754,0.0,,,0.5563888977326502,0.9007516951717799
seq_lora,1,task1290_xsum_summarization,model.layers.2.self_attn.q_proj,change_of_shared_adapter,0.32818251235679563,0.0,,,0.3705303250695079,0.8232694336946247
seq_lora,1,task1290_xsum_summarization,model.layers.2.self_attn.v_proj,change_of_shared_adapter,0.16440640673113177,0.0,,,0.6711420700191552,0.9498358050291629
seq_lora,1,task1290_xsum_summarization,model.layers.3.self_attn.q_proj,change_of_shared_adapter,0.3413003716264967,0.0,,,0.5150070793369127,0.8718227197929324
seq_lora,1,task1290_xsum_summarization,model.layers.3.self_attn.v_proj,change_of_shared_adapter,0.16885813727055107,0.0,,,0.593157591630954,0.9515069258643303
seq_lora,1,task1290_xsum_summarization,model.layers.4.self_attn.q_proj,change_of_shared_adapter,0.3131340999387538,0.0,,,0.5016946740817085,0.889197501133609
seq_lora,1,task1290_xsum_summarization,model.layers.4.self_attn.v_proj,change_of_shared_adapter,0.17321688876192545,0.0,,,0.7167498098256556,0.9432768542651074
seq_lora,1,task1290_xsum_summarization,model.layers.5.self_attn.q_proj,change_of_shared_adapter,0.282976737196283,0.0,,,0.4655703928337143,0.8573991155875899
seq_lora,1,task1290_xsum_summarization,model.layers.5.self_attn.v_proj,change_of_shared_adapter,0.15005561826970548,0.0,,,0.45259173941966246,0.8843593988727413
seq_lora,1,task1290_xsum_summarization,model.layers.6.self_attn.q_proj,change_of_shared_adapter,0.33025037934355894,0.0,,,0.5084091361751432,0.892754690307584
seq_lora,1,task1290_xsum_summarization,model.layers.6.self_attn.v_proj,change_of_shared_adapter,0.16685978290163675,0.0,,,0.7081243574420762,0.9513022440428185
seq_lora,1,task1290_xsum_summarization,model.layers.7.self_attn.q_proj,change_of_shared_adapter,0.29582508599948293,0.0,,,0.567053851302267,0.8818123301224022
seq_lora,1,task1290_xsum_summarization,model.layers.7.self_attn.v_proj,change_of_shared_adapter,0.1610840809368364,0.0,,,0.6924183385294786,0.9256509575838049
seq_lora,1,task1290_xsum_summarization,model.layers.8.self_attn.q_proj,change_of_shared_adapter,0.28335020826282614,0.0,,,0.5033018057258277,0.8840981503296623
seq_lora,1,task1290_xsum_summarization,model.layers.8.self_attn.v_proj,change_of_shared_adapter,0.14058353894140885,0.0,,,0.49396390063803663,0.897045289271146
seq_lora,1,task1290_xsum_summarization,model.layers.9.self_attn.q_proj,change_of_shared_adapter,0.2511367453143946,0.0,,,0.5736993472320937,0.8712659381818896
seq_lora,1,task1290_xsum_summarization,model.layers.9.self_attn.v_proj,change_of_shared_adapter,0.12771019174182774,0.0,,,0.40492027861196295,0.8956038414607153
seq_lora,1,task1290_xsum_summarization,model.layers.10.self_attn.q_proj,change_of_shared_adapter,0.2943959906991162,0.0,,,0.42812861615367626,0.9048156867466869
seq_lora,1,task1290_xsum_summarization,model.layers.10.self_attn.v_proj,change_of_shared_adapter,0.15355552293727748,0.0,,,0.5144687138749567,0.9283922446546511
seq_lora,1,task1290_xsum_summarization,model.layers.11.self_attn.q_proj,change_of_shared_adapter,0.3107038389719845,0.0,,,0.5750150503616338,0.8995593467662188
seq_lora,1,task1290_xsum_summarization,model.layers.11.self_attn.v_proj,change_of_shared_adapter,0.15526612419641975,0.0,,,0.48101959421657475,0.9215000518342755
seq_lora,1,task1290_xsum_summarization,model.layers.12.self_attn.q_proj,change_of_shared_adapter,0.325352803771864,0.0,,,0.6985870469654605,0.9274570860570424
seq_lora,1,task1290_xsum_summarization,model.layers.12.self_attn.v_proj,change_of_shared_adapter,0.15544582852494962,0.0,,,0.6322810359988755,0.9310392402615052
seq_lora,1,task1290_xsum_summarization,model.layers.13.self_attn.q_proj,change_of_shared_adapter,0.31602564358599244,0.0,,,0.6587031415860224,0.9191889048705878
seq_lora,1,task1290_xsum_summarization,model.layers.13.self_attn.v_proj,change_of_shared_adapter,0.15190799411931546,0.0,,,0.6385905201210675,0.9292584694767936
seq_lora,1,task1290_xsum_summarization,model.layers.14.self_attn.q_proj,change_of_shared_adapter,0.2179773765024474,0.0,,,0.4059860582719716,0.860928794380369
seq_lora,1,task1290_xsum_summarization,model.layers.14.self_attn.v_proj,change_of_shared_adapter,0.14458016023290055,0.0,,,0.45063875739037634,0.9540509787941446
seq_lora,1,task1290_xsum_summarization,model.layers.15.self_attn.q_proj,change_of_shared_adapter,0.3200510075629417,0.0,,,0.8799122422308908,0.9644004035960325
seq_lora,1,task1290_xsum_summarization,model.layers.15.self_attn.v_proj,change_of_shared_adapter,0.165855453834907,0.0,,,0.5569085735224301,0.9627736797768327
seq_lora,1,task1290_xsum_summarization,model.layers.16.self_attn.q_proj,change_of_shared_adapter,0.24845599895357712,0.0,,,0.7553555738506044,0.9175661861586021
seq_lora,1,task1290_xsum_summarization,model.layers.16.self_attn.v_proj,change_of_shared_adapter,0.15311159013569675,0.0,,,0.7063292881525236,0.9501399485156298
seq_lora,1,task1290_xsum_summarization,model.layers.17.self_attn.q_proj,change_of_shared_adapter,0.23278589599963428,0.0,,,0.6651692793607544,0.9016424821755125
seq_lora,1,task1290_xsum_summarization,model.layers.17.self_attn.v_proj,change_of_shared_adapter,0.14167241697232472,0.0,,,0.6511184831206036,0.9708826153336938
seq_lora,1,task1290_xsum_summarization,model.layers.18.self_attn.q_proj,change_of_shared_adapter,0.20181567069838427,0.0,,,0.35526161316088356,0.8236867385097485
seq_lora,1,task1290_xsum_summarization,model.layers.18.self_attn.v_proj,change_of_shared_adapter,0.1407729782688693,0.0,,,0.8126315597440458,0.9675404637501539
seq_lora,1,task1290_xsum_summarization,model.layers.19.self_attn.q_proj,change_of_shared_adapter,0.1945420442006045,0.0,,,0.5373737683896148,0.8400913809185286
seq_lora,1,task1290_xsum_summarization,model.layers.19.self_attn.v_proj,change_of_shared_adapter,0.13649302511220504,0.0,,,0.657849563834053,0.9404421263977659
seq_lora,1,task1290_xsum_summarization,model.layers.20.self_attn.q_proj,change_of_shared_adapter,0.230881419086122,0.0,,,0.6827451929011952,0.8862660906628009
seq_lora,1,task1290_xsum_summarization,model.layers.20.self_attn.v_proj,change_of_shared_adapter,0.15949267319620225,0.0,,,0.8850933939799338,0.9728925874982027
seq_lora,1,task1290_xsum_summarization,model.layers.21.self_attn.q_proj,change_of_shared_adapter,0.20367873446301232,0.0,,,0.5021272504093345,0.8494235118927422
seq_lora,1,task1290_xsum_summarization,model.layers.21.self_attn.v_proj,change_of_shared_adapter,0.10329715160344484,0.0,,,0.3983048171723068,0.8933747789186625
seq_lora,1,task1290_xsum_summarization,model.layers.22.self_attn.q_proj,change_of_shared_adapter,0.18768993678039986,0.0,,,0.5560525320876322,0.8419295025981758
seq_lora,1,task1290_xsum_summarization,model.layers.22.self_attn.v_proj,change_of_shared_adapter,0.09222813473081354,0.0,,,0.4795206688035418,0.9312198483995306
seq_lora,1,task1290_xsum_summarization,model.layers.23.self_attn.q_proj,change_of_shared_adapter,0.20766894700801106,0.0,,,0.6430660187380706,0.8854233025895721
seq_lora,1,task1290_xsum_summarization,model.layers.23.self_attn.v_proj,change_of_shared_adapter,0.10597262373289565,0.0,,,0.6803219496636997,0.9411589945651903
seq_lora,1,task1290_xsum_summarization,model.layers.24.self_attn.q_proj,change_of_shared_adapter,0.16361772051998802,0.0,,,0.3790569697343617,0.7366525126646463
seq_lora,1,task1290_xsum_summarization,model.layers.24.self_attn.v_proj,change_of_shared_adapter,0.0973900641496774,0.0,,,0.5493994887742853,0.9066917660958674
seq_lora,1,task1290_xsum_summarization,model.layers.25.self_attn.q_proj,change_of_shared_adapter,0.15590835859306887,0.0,,,0.3141780829343962,0.7138748281939302
seq_lora,1,task1290_xsum_summarization,model.layers.25.self_attn.v_proj,change_of_shared_adapter,0.10457545642401303,0.0,,,0.6141050797669224,0.9388748500563706
seq_lora,1,task1290_xsum_summarization,model.layers.26.self_attn.q_proj,change_of_shared_adapter,0.19394657931516096,0.0,,,0.5849062677602361,0.8261681827919022
seq_lora,1,task1290_xsum_summarization,model.layers.26.self_attn.v_proj,change_of_shared_adapter,0.07658834665240279,0.0,,,0.5716690561067623,0.8564783832778957
seq_lora,1,task1290_xsum_summarization,model.layers.27.self_attn.q_proj,change_of_shared_adapter,0.23858228385484065,0.0,,,0.6884090601588554,0.9069627355990084
seq_lora,1,task1290_xsum_summarization,model.layers.27.self_attn.v_proj,change_of_shared_adapter,0.08645930383905552,0.0,,,0.5148139421669543,0.8946613012788844
seq_lora,2,task002_quoref_answer_generation,model.layers.0.self_attn.q_proj,change_of_shared_adapter,0.2766313224984797,0.3336357995913136,-0.09744539718773536,-0.09744539718773533,0.7236802567534604,0.9533389027713703
seq_lora,2,task002_quoref_answer_generation,model.layers.0.self_attn.v_proj,change_of_shared_adapter,0.11716328297572912,0.14070815704481696,0.05801252007108613,0.05801252007108612,0.47165636026711244,0.9159052953585507
seq_lora,2,task002_quoref_answer_generation,model.layers.1.self_attn.q_proj,change_of_shared_adapter,0.282165438345577,0.33861611619716764,0.06513401080405501,0.06513401080405501,0.6496521044759493,0.8994487380598326
seq_lora,2,task002_quoref_answer_generation,model.layers.1.self_attn.v_proj,change_of_shared_adapter,0.1167845856534434,0.15299084023187542,0.08454373743882079,0.08454373743882078,0.7704111990990927,0.9391956742013625
seq_lora,2,task002_quoref_answer_generation,model.layers.2.self_attn.q_proj,change_of_shared_adapter,0.23879081753079762,0.3281825123567957,0.05531652788321983,0.05531652788321978,0.3984631243504255,0.8335494508084067
seq_lora,2,task002_quoref_answer_generation,model.layers.2.self_attn.v_proj,change_of_shared_adapter,0.11965757462299816,0.16440640673113183,0.0324694692112885,0.03246946921128862,0.7573246422824246,0.9536522281844975
seq_lora,2,task002_quoref_answer_generation,model.layers.3.self_attn.q_proj,change_of_shared_adapter,0.26728821775967565,0.34130037162649685,0.06501497212188971,0.06501497212188977,0.556495860897798,0.87192095536946
seq_lora,2,task002_quoref_answer_generation,model.layers.3.self_attn.v_proj,change_of_shared_adapter,0.12363399750544248,0.1688581372705511,0.0550014523649776,0.05500145236497771,0.83932140180747,0.9624701932510588
seq_lora,2,task002_quoref_answer_generation,model.layers.4.self_attn.q_proj,change_of_shared_adapter,0.2336980072372431,0.3131340999387539,-0.08896280435819423,-0.08896280435819431,0.44807787114445646,0.8459709060006506
seq_lora,2,task002_quoref_answer_generation,model.layers.4.self_attn.v_proj,change_of_shared_adapter,0.11205354884219824,0.1732168887619255,-0.07345443203956913,-0.07345443203956913,0.8472183834049412,0.972637285673502
seq_lora,2,task002_quoref_answer_generation,model.layers.5.self_attn.q_proj,change_of_shared_adapter,0.25999146564271025,0.28297673719628313,-0.1278789103075264,-0.12787891030752646,0.613967214259285,0.8652232088006822
seq_lora,2,task002_quoref_answer_generation,model.layers.5.self_attn.v_proj,change_of_shared_adapter,0.10911834166824601,0.15005561826970557,-0.17467333321503162,-0.17467333321503176,0.5431710246268264,0.9271474061197449
seq_lora,2,task002_quoref_answer_generation,model.layers.6.self_attn.q_proj,change_of_shared_adapter,0.2529371756766983,0.33025037934355905,-0.18747671531290938,-0.18747671531290952,0.6412334361718733,0.926026799853816
seq_lora,2,task002_quoref_answer_generation,model.layers.6.self_attn.v_proj,change_of_shared_adapter,0.12321878946792489,0.16685978290163678,-0.09114313718051777,-0.09114313718051778,0.8373918579119233,0.9705489835801858
seq_lora,2,task002_quoref_answer_generation,model.layers.7.self_attn.q_proj,change_of_shared_adapter,0.26772343602037707,0.2958250859994831,-0.04359285771022296,-0.043592857710223004,0.6835601711309902,0.9229388348944688
seq_lora,2,task002_quoref_answer_generation,model.layers.7.self_attn.v_proj,change_of_shared_adapter,0.12380369514473484,0.16108408093683643,0.08620269500873196,0.086202695008732,0.880746720107656,0.9672931031842312
seq_lora,2,task002_quoref_answer_generation,model.layers.8.self_attn.q_proj,change_of_shared_adapter,0.2574332576993407,0.28335020826282625,-0.1748818081060351,-0.17488180810603512,0.6577829531238123,0.9087656602403402
seq_lora,2,task002_quoref_answer_generation,model.layers.8.self_attn.v_proj,change_of_shared_adapter,0.11267599980336335,0.1405835389414089,-0.1000433446344374,-0.10004334463443752,0.701761900592072,0.9390719803594714
seq_lora,2,task002_quoref_answer_generation,model.layers.9.self_attn.q_proj,change_of_shared_adapter,0.21469546067399825,0.2511367453143947,-0.009318517733025153,-0.009318517733025111,0.5360606330645693,0.8755309098363849
seq_lora,2,task002_quoref_answer_generation,model.layers.9.self_attn.v_proj,change_of_shared_adapter,0.09723596365206362,0.12771019174182777,-0.04364236302346553,-0.04364236302346547,0.4462886916994408,0.91448421839384
seq_lora,2,task002_quoref_answer_generation,model.layers.10.self_attn.q_proj,change_of_shared_adapter,0.22547906726846356,0.29439599069911626,-0.055563522717697565,-0.05556352271769762,0.4723591127052766,0.8841578307217873
seq_lora,2,task002_quoref_answer_generation,model.layers.10.self_attn.v_proj,change_of_shared_adapter,0.10589736124852252,0.15355552293727753,0.003981416250906387,0.00398141625090637,0.529314674027913,0.9098076146276699
seq_lora,2,task002_quoref_answer_generation,model.layers.11.self_attn.q_proj,change_of_shared_adapter,0.23958197356220315,0.3107038389719846,0.0054882806679849745,0.005488280667984987,0.6164815329435115,0.9002213934764631
seq_lora,2,task002_quoref_answer_generation,model.layers.11.self_attn.v_proj,change_of_shared_adapter,0.10717713587436664,0.1552661241964198,-0.04777055708339333,-0.04777055708339343,0.5536891123629569,0.9318100890387433
seq_lora,2,task002_quoref_answer_generation,model.layers.12.self_attn.q_proj,change_of_shared_adapter,0.23915740604269864,0.3253528037718641,0.026429699204774913,0.02642969920477496,0.7862275117613681,0.9424968952417111
seq_lora,2,task002_quoref_answer_generation,model.layers.12.self_attn.v_proj,change_of_shared_adapter,0.1090771488182961,0.15544582852494965,0.011985979355241733,0.011985979355241703,0.6082998796934984,0.9188062200253896
seq_lora,2,task002_quoref_answer_generation,model.layers.13.self_attn.q_proj,change_of_shared_adapter,0.2462182213141894,0.31602564358599256,-0.0032034703934430303,-0.003203470393442998,0.737884011542495,0.9278142613209287
seq_lora,2,task002_quoref_answer_generation,model.layers.13.self_attn.v_proj,change_of_shared_adapter,0.11834410488028768,0.15190799411931552,-0.03161144883670635,-0.031611448836706406,0.762197202500346,0.9502404551715316
seq_lora,2,task002_quoref_answer_generation,model.layers.14.self_attn.q_proj,change_of_shared_adapter,0.2538018627926302,0.21797737650244747,0.14224013726340806,0.14224013726340812,0.796653562536846,0.9264931078131587
seq_lora,2,task002_quoref_answer_generation,model.layers.14.self_attn.v_proj,change_of_shared_adapter,0.11655032990021827,0.14458016023290057,0.029313952037526125,0.02931395203752608,0.3992865261993223,0.9221975647115229
seq_lora,2,task002_quoref_answer_generation,model.layers.15.self_attn.q_proj,change_of_shared_adapter,0.24426702151570076,0.3200510075629418,-0.08079092629629261,-0.08079092629629257,0.7648534446314343,0.9534002337549268
seq_lora,2,task002_quoref_answer_generation,model.layers.15.self_attn.v_proj,change_of_shared_adapter,0.12584246839530877,0.16585545383490702,0.020637752419117597,0.020637752419117545,0.5545996469868792,0.93378551225605
seq_lora,2,task002_quoref_answer_generation,model.layers.16.self_attn.q_proj,change_of_shared_adapter,0.27178153858767157,0.2484559989535772,0.06652243665937127,0.06652243665937133,0.805861169860851,0.9384116404329337
seq_lora,2,task002_quoref_answer_generation,model.layers.16.self_attn.v_proj,change_of_shared_adapter,0.1487853925928814,0.1531115901356968,0.17207505268022905,0.17207505268022905,0.8607601108936532,0.9705416610306705
seq_lora,2,task002_quoref_answer_generation,model.layers.17.self_attn.q_proj,change_of_shared_adapter,0.2742717243547606,0.23278589599963434,0.19303132646179627,0.19303132646179635,0.8689776302338517,0.9558741330315622
seq_lora,2,task002_quoref_answer_generation,model.layers.17.self_attn.v_proj,change_of_shared_adapter,0.12574473717791793,0.14167241697232474,0.010692462772528166,0.010692462772528184,0.5312212373920682,0.9322722564432143
seq_lora,2,task002_quoref_answer_generation,model.layers.18.self_attn.q_proj,change_of_shared_adapter,0.25215027542986584,0.20181567069838433,-0.025340924807775864,-0.025340924807775847,0.7274101279822747,0.9211908746010246
seq_lora,2,task002_quoref_answer_generation,model.layers.18.self_attn.v_proj,change_of_shared_adapter,0.15775299655638583,0.14077297826886934,0.10363171022475415,0.10363171022475412,0.817163679606965,0.9727694208424352
seq_lora,2,task002_quoref_answer_generation,model.layers.19.self_attn.q_proj,change_of_shared_adapter,0.23068948648541374,0.19454204420060456,-0.02693649523578387,-0.02693649523578389,0.617743764711599,0.8799834004014132
seq_lora,2,task002_quoref_answer_generation,model.layers.19.self_attn.v_proj,change_of_shared_adapter,0.14609004100808448,0.1364930251122051,0.11627100755147678,0.11627100755147679,0.859427055123122,0.9735664540534162
seq_lora,2,task002_quoref_answer_generation,model.layers.20.self_attn.q_proj,change_of_shared_adapter,0.21960593728019934,0.23088141908612203,0.022576467564029687,0.02257646756402972,0.6999618997315402,0.9249167024200051
seq_lora,2,task002_quoref_answer_generation,model.layers.20.self_attn.v_proj,change_of_shared_adapter,0.12628124192006868,0.1594926731962023,-0.12047970582961659,-0.12047970582961672,0.7937594188934889,0.9672576597407458
seq_lora,2,task002_quoref_answer_generation,model.layers.21.self_attn.q_proj,change_of_shared_adapter,0.2054824532044725,0.20367873446301238,-0.12629216115079295,-0.12629216115079298,0.53476511809447,0.9016683804975715
seq_lora,2,task002_quoref_answer_generation,model.layers.21.self_attn.v_proj,change_of_shared_adapter,0.09288173739157499,0.10329715160344485,-0.14876714707245628,-0.1487671470724563,0.4755242546693775,0.9247542913038252
seq_lora,2,task002_quoref_answer_generation,model.layers.22.self_attn.q_proj,change_of_shared_adapter,0.18035617129285975,0.18768993678039989,-0.048732208419083066,-0.048732208419083,0.5590638595664803,0.8992029185488523
seq_lora,2,task002_quoref_answer_generation,model.layers.22.self_attn.v_proj,change_of_shared_adapter,0.09098590461658118,0.09222813473081357,0.009675117370524173,0.009675117370524221,0.5541942804326069,0.9378888768132629
seq_lora,2,task002_quoref_answer_generation,model.layers.23.self_attn.q_proj,change_of_shared_adapter,0.23655872810222492,0.20766894700801114,0.04203600519548979,0.04203600519548976,0.6757935182477088,0.9370435756830775
seq_lora,2,task002_quoref_answer_generation,model.layers.23.self_attn.v_proj,change_of_shared_adapter,0.12566907995863108,0.10597262373289568,-0.014515649583534015,-0.014515649583534006,0.5831463235205694,0.965299275921181
seq_lora,2,task002_quoref_answer_generation,model.layers.24.self_attn.q_proj,change_of_shared_adapter,0.27754158804602064,0.16361772051998807,-0.03070628407504442,-0.030706284075044433,0.85065100351369,0.9541568607538007
seq_lora,2,task002_quoref_answer_generation,model.layers.24.self_attn.v_proj,change_of_shared_adapter,0.13623456764348252,0.09739006414967742,0.01524090224804539,0.015240902248045382,0.840183684926919,0.9711968444871981
seq_lora,2,task002_quoref_answer_generation,model.layers.25.self_attn.q_proj,change_of_shared_adapter,0.1997519833222289,0.15590835859306892,-0.05405355940144973,-0.05405355940144976,0.5916651064757545,0.8969250461758959
seq_lora,2,task002_quoref_answer_generation,model.layers.25.self_attn.v_proj,change_of_shared_adapter,0.11687106713769925,0.10457545642401306,-0.20249972998364277,-0.20249972998364285,0.6397605517805115,0.9385283255263143
seq_lora,2,task002_quoref_answer_generation,model.layers.26.self_attn.q_proj,change_of_shared_adapter,0.1986557203466013,0.19394657931516102,-0.12196031319419104,-0.12196031319419101,0.6401859455893598,0.9165425332175254
seq_lora,2,task002_quoref_answer_generation,model.layers.26.self_attn.v_proj,change_of_shared_adapter,0.10196431287957404,0.07658834665240281,-0.19556943858076334,-0.1955694385807634,0.5703534377269214,0.9022173492301545
seq_lora,2,task002_quoref_answer_generation,model.layers.27.self_attn.q_proj,change_of_shared_adapter,0.2128992102930786,0.23858228385484073,-0.41781052045043066,-0.4178105204504308,0.7622313585642266,0.9266603681827545
seq_lora,2,task002_quoref_answer_generation,model.layers.27.self_attn.v_proj,change_of_shared_adapter,0.10972766775774667,0.08645930383905556,-0.2949619599298028,-0.29496195992980295,0.5679904651718342,0.9175094621577288
seq_lora,3,task1510_evalution_relation_extraction,model.layers.0.self_attn.q_proj,change_of_shared_adapter,0.28405694367475104,0.41212918176222196,-0.09984006969123621,0.01846632991462819,0.874293892297368,0.9584277820408369
seq_lora,3,task1510_evalution_relation_extraction,model.layers.0.self_attn.v_proj,change_of_shared_adapter,0.11182414093370596,0.1882519306146263,-0.0493503532821325,0.0027477211701203673,0.4641452771731061,0.9171058812845239
seq_lora,3,task1510_evalution_relation_extraction,model.layers.1.self_attn.q_proj,change_of_shared_adapter,0.2442422752789319,0.45466995337964133,-0.13405596954385185,-0.03303781612022593,0.5615319364466135,0.8587368270118848
seq_lora,3,task1510_evalution_relation_extraction,model.layers.1.self_attn.v_proj,change_of_shared_adapter,0.10477994699492736,0.2001647266650364,-0.12661878034579013,-0.058039296926082555,0.8217923488211767,0.9517147086163906
seq_lora,3,task1510_evalution_relation_extraction,model.layers.2.self_attn.q_proj,change_of_shared_adapter,0.28699691754885065,0.41640700445972323,-0.03790287534154489,-0.03051016546827044,0.41546484738505635,0.8181910084260753
seq_lora,3,task1510_evalution_relation_extraction,model.layers.2.self_attn.v_proj,change_of_shared_adapter,0.11153591235202492,0.20645801311419526,-0.09149903822319022,-0.047141649238199634,0.7431212978211534,0.9564268341608936
seq_lora,3,task1510_evalution_relation_extraction,model.layers.3.self_attn.q_proj,change_of_shared_adapter,0.2974576322734706,0.4469798547507889,0.051694864018412466,0.05683705030266158,0.5751889413499662,0.8713529553595176
seq_lora,3,task1510_evalution_relation_extraction,model.layers.3.self_attn.v_proj,change_of_shared_adapter,0.11037234709062795,0.2146972827494314,-0.14034261784662544,0.008581640094341491,0.7816334750897169,0.9370594892991991
seq_lora,3,task1510_evalution_relation_extraction,model.layers.4.self_attn.q_proj,change_of_shared_adapter,0.2778063196724699,0.3736941769679364,-0.005878132121442742,0.07206260060637405,0.3831504943201985,0.8437898354399275
seq_lora,3,task1510_evalution_relation_extraction,model.layers.4.self_attn.v_proj,change_of_shared_adapter,0.11786143836697215,0.19927029609252522,-0.11864308559308524,-0.004194256748717992,0.7510167377177307,0.9562401123154597
seq_lora,3,task1510_evalution_relation_extraction,model.layers.5.self_attn.q_proj,change_of_shared_adapter,0.27824403458903924,0.3589636473646063,-0.10552017159611009,-0.02174461131301956,0.41432060773617685,0.7957433172850354
seq_lora,3,task1510_evalution_relation_extraction,model.layers.5.self_attn.v_proj,change_of_shared_adapter,0.12156391321358298,0.16942066447424314,-0.02750882279523998,-0.003962347183241262,0.5556122184759751,0.9316165769573732
seq_lora,3,task1510_evalution_relation_extraction,model.layers.6.self_attn.q_proj,change_of_shared_adapter,0.2830929373624091,0.37645941829790636,0.09125725317691323,0.09149596607242313,0.5674455246449441,0.8701039818112022
seq_lora,3,task1510_evalution_relation_extraction,model.layers.6.self_attn.v_proj,change_of_shared_adapter,0.1324941037647449,0.19818477224240144,-0.04733870873049773,-0.04504165449299756,0.7231110626019166,0.9431329401729227
seq_lora,3,task1510_evalution_relation_extraction,model.layers.7.self_attn.q_proj,change_of_shared_adapter,0.2891328030487562,0.3902348925072003,0.04306572759299889,0.015545338461484594,0.5905336867238741,0.8617864016171284
seq_lora,3,task1510_evalution_relation_extraction,model.layers.7.self_attn.v_proj,change_of_shared_adapter,0.13385997440539235,0.21145610192619904,-0.17176322554729193,-0.14385266219981527,0.8336691368687555,0.9518071291344515
seq_lora,3,task1510_evalution_relation_extraction,model.layers.8.self_attn.q_proj,change_of_shared_adapter,0.29564045104463577,0.3479168678035956,0.014154763917737167,0.019464391970004786,0.4253283827511519,0.8489352091726831
seq_lora,3,task1510_evalution_relation_extraction,model.layers.8.self_attn.v_proj,change_of_shared_adapter,0.12076856818890934,0.17114368524680318,-0.13774668194698048,-0.09528322760098544,0.4346248625284858,0.8560531715149662
seq_lora,3,task1510_evalution_relation_extraction,model.layers.9.self_attn.q_proj,change_of_shared_adapter,0.312565324696362,0.3288752582792297,-0.017652827165002702,-0.008915828516966028,0.6005996515564846,0.8678232999415053
seq_lora,3,task1510_evalution_relation_extraction,model.layers.9.self_attn.v_proj,change_of_shared_adapter,0.12557899823400487,0.15710131099837563,-0.02910232824521234,-0.005094696842937074,0.48311519529419017,0.8805112018340385
seq_lora,3,task1510_evalution_relation_extraction,model.layers.10.self_attn.q_proj,change_of_shared_adapter,0.31036423702951776,0.3607397691088225,0.008783928216297398,-0.029048386576152933,0.4082846395086134,0.8041546585103271
seq_lora,3,task1510_evalution_relation_extraction,model.layers.10.self_attn.v_proj,change_of_shared_adapter,0.11982106327189582,0.18687705679427902,-0.04788794399088308,-0.05939377979894892,0.4584611713548441,0.8440555303303761
seq_lora,3,task1510_evalution_relation_extraction,model.layers.11.self_attn.q_proj,change_of_shared_adapter,0.3416601443744322,0.3933871913071672,-0.02659557731762757,0.0027530634672603216,0.6044456346706989,0.8794086224985324
seq_lora,3,task1510_evalution_relation_extraction,model.layers.11.self_attn.v_proj,change_of_shared_adapter,0.13191236682610805,0.18440338975051512,-0.0334587340719745,-0.04256516870240492,0.5579528938497168,0.8939321117184155
seq_lora,3,task1510_evalution_relation_extraction,model.layers.12.self_attn.q_proj,change_of_shared_adapter,0.33470989658016903,0.4088566126778244,-0.07338599224696066,-0.014002078495278401,0.5961941930972501,0.8821626079239674
seq_lora,3,task1510_evalution_relation_extraction,model.layers.12.self_attn.v_proj,change_of_shared_adapter,0.12994314622543052,0.19096515035497955,-0.041904944728926696,-0.01957129279068234,0.4619633628371382,0.858324680819906
seq_lora,3,task1510_evalution_relation_extraction,model.layers.13.self_attn.q_proj,change_of_shared_adapter,0.31146111592357284,0.399996359608118,-0.025425465431262805,0.03366233989021232,0.48606569240432523,0.8500873433131603
seq_lora,3,task1510_evalution_relation_extraction,model.layers.13.self_attn.v_proj,change_of_shared_adapter,0.13545444326869374,0.18959109032627214,-0.07037280143100748,-0.06288154277366852,0.5477729770290544,0.8965132378976872
seq_lora,3,task1510_evalution_relation_extraction,model.layers.14.self_attn.q_proj,change_of_shared_adapter,0.3332458829420217,0.3573063709423957,0.041003255667394725,0.04454851565792948,0.7991687128849835,0.9119627017814486
seq_lora,3,task1510_evalution_relation_extraction,model.layers.14.self_attn.v_proj,change_of_shared_adapter,0.1333974987738816,0.18834896615442884,-0.11781378127295138,-0.13602025122369849,0.5209699738100719,0.8913118938122196
seq_lora,3,task1510_evalution_relation_extraction,model.layers.15.self_attn.q_proj,change_of_shared_adapter,0.35650299676436453,0.3866094855306616,0.017351433158481495,0.06804326173567307,0.7176871530152035,0.9220788333662854
seq_lora,3,task1510_evalution_relation_extraction,model.layers.15.self_attn.v_proj,change_of_shared_adapter,0.14196715367868631,0.21025186493784645,-0.1504654676927012,-0.1360598887109033,0.3706227782634668,0.8703036763750956
seq_lora,3,task1510_evalution_relation_extraction,model.layers.16.self_attn.q_proj,change_of_shared_adapter,0.32389006084389743,0.3802361680264946,-0.025101933598358668,0.0005025750151740139,0.7024304861784221,0.9231862390378986
seq_lora,3,task1510_evalution_relation_extraction,model.layers.16.self_attn.v_proj,change_of_shared_adapter,0.14666788293188363,0.23112822373545552,-0.19092308297317348,-0.20985606088511186,0.656791324721206,0.8974090772140543
seq_lora,3,task1510_evalution_relation_extraction,model.layers.17.self_attn.q_proj,change_of_shared_adapter,0.31676922206478575,0.39250864414105846,-0.0391463640698112,-0.08094572226354797,0.661730615676935,0.9252471799491458
seq_lora,3,task1510_evalution_relation_extraction,model.layers.17.self_attn.v_proj,change_of_shared_adapter,0.13145135424007393,0.19043050101244993,-0.0564480444949127,-0.05634905487329215,0.5819249233722134,0.8808580816337355
seq_lora,3,task1510_evalution_relation_extraction,model.layers.18.self_attn.q_proj,change_of_shared_adapter,0.34351560754156546,0.31895177474318354,0.0036817734705347892,-0.024919918432131143,0.48881079377970255,0.8685119622478223
seq_lora,3,task1510_evalution_relation_extraction,model.layers.18.self_attn.v_proj,change_of_shared_adapter,0.14530244341297963,0.22204912193261817,-0.19279453637832497,-0.2116003752866215,0.719820986203565,0.9452927478347956
seq_lora,3,task1510_evalution_relation_extraction,model.layers.19.self_attn.q_proj,change_of_shared_adapter,0.3645656835799553,0.29773560543121613,-0.019478949262449148,-0.03932008149635297,0.7659640773620582,0.9314582291065086
seq_lora,3,task1510_evalution_relation_extraction,model.layers.19.self_attn.v_proj,change_of_shared_adapter,0.14977314898806968,0.21120984099693643,-0.24469438854025558,-0.275034829995148,0.71309230623053,0.9477239184804598
seq_lora,3,task1510_evalution_relation_extraction,model.layers.20.self_attn.q_proj,change_of_shared_adapter,0.3400013849341145,0.32221480955544335,-0.02330121853593222,-0.03991846909518186,0.6515192303060043,0.9548765983487166
seq_lora,3,task1510_evalution_relation_extraction,model.layers.20.self_attn.v_proj,change_of_shared_adapter,0.14045418025234446,0.19113272230242156,-0.2615661913223319,-0.37805099860570507,0.4611158428659966,0.8683281864589899
seq_lora,3,task1510_evalution_relation_extraction,model.layers.21.self_attn.q_proj,change_of_shared_adapter,0.3335894657877616,0.27043817007841486,-0.012491708431087864,0.024907123560240448,0.6151702822788268,0.9205233729029725
seq_lora,3,task1510_evalution_relation_extraction,model.layers.21.self_attn.v_proj,change_of_shared_adapter,0.1296305809124874,0.12822889694831985,-0.03147255455067136,-0.06445001688862134,0.5277054738438209,0.9258249931160907
seq_lora,3,task1510_evalution_relation_extraction,model.layers.22.self_attn.q_proj,change_of_shared_adapter,0.3347433169831134,0.2538830226230295,-0.04794399714422552,-0.03955494491405422,0.7590949360438736,0.9534406110616056
seq_lora,3,task1510_evalution_relation_extraction,model.layers.22.self_attn.v_proj,change_of_shared_adapter,0.13278343089334665,0.13018003072998302,-0.11300590315158551,-0.11591509169736049,0.4313275294204806,0.912420344728325
seq_lora,3,task1510_evalution_relation_extraction,model.layers.23.self_attn.q_proj,change_of_shared_adapter,0.32852315947342037,0.3212733053549459,-0.04278699724603879,-0.0672007034809324,0.5609977045785781,0.9168549975250163
seq_lora,3,task1510_evalution_relation_extraction,model.layers.23.self_attn.v_proj,change_of_shared_adapter,0.13381159465232154,0.16320628306150042,-0.31829838500342433,-0.3689642665706335,0.48562822489640217,0.9357425668218432
seq_lora,3,task1510_evalution_relation_extraction,model.layers.24.self_attn.q_proj,change_of_shared_adapter,0.3238637926263411,0.3178227532833031,-0.22309274496918924,-0.2615006466336498,0.5945876380250038,0.9204588609425888
seq_lora,3,task1510_evalution_relation_extraction,model.layers.24.self_attn.v_proj,change_of_shared_adapter,0.13941331779888305,0.16866864363356932,-0.3070862755118264,-0.32325398051376847,0.5625086680067098,0.9324704491032371
seq_lora,3,task1510_evalution_relation_extraction,model.layers.25.self_attn.q_proj,change_of_shared_adapter,0.31545786388319785,0.246660679281775,-0.05962256615243099,-0.11738898833054995,0.6663410218892045,0.9183539872112279
seq_lora,3,task1510_evalution_relation_extraction,model.layers.25.self_attn.v_proj,change_of_shared_adapter,0.1431782855461557,0.14016073529692086,-0.23534015931625119,-0.24520660390786067,0.5597275106228733,0.9205086205339182
seq_lora,3,task1510_evalution_relation_extraction,model.layers.26.self_attn.q_proj,change_of_shared_adapter,0.3308954841909174,0.26015658984021467,-0.044450440743028466,-0.0719218118447189,0.7307336506633498,0.9463791952178505
seq_lora,3,task1510_evalution_relation_extraction,model.layers.26.self_attn.v_proj,change_of_shared_adapter,0.13760338129935715,0.11492599210118441,-0.13143018361186984,-0.16991465531309538,0.5725978090288306,0.8878564697296853
seq_lora,3,task1510_evalution_relation_extraction,model.layers.27.self_attn.q_proj,change_of_shared_adapter,0.3097451220747843,0.24454664508419993,-0.030826467750987886,-0.2167020973284644,0.6441061066945856,0.94807888310099
seq_lora,3,task1510_evalution_relation_extraction,model.layers.27.self_attn.v_proj,change_of_shared_adapter,0.1450074474005994,0.1179778673329042,-0.17720657679437088,-0.2421575912045242,0.5338783980491402,0.919141986939256
seq_lora,4,task1729_personachat_generate_next,model.layers.0.self_attn.q_proj,change_of_shared_adapter,0.22860715586702954,0.476615803397586,-0.021329327219853877,0.04780599800496978,0.8586978562883736,0.9513306966908797
seq_lora,4,task1729_personachat_generate_next,model.layers.0.self_attn.v_proj,change_of_shared_adapter,0.09636291420927616,0.21416271478310586,0.07098260077195839,-0.14527915202887678,0.5098822415793031,0.9233373090940877
seq_lora,4,task1729_personachat_generate_next,model.layers.1.self_attn.q_proj,change_of_shared_adapter,0.23082595595011618,0.48642093451764823,0.06074736161491293,0.004989039023786664,0.5688660186821354,0.8986844361199684
seq_lora,4,task1729_personachat_generate_next,model.layers.1.self_attn.v_proj,change_of_shared_adapter,0.10768903879016062,0.21385401694286602,0.19163426011847484,0.06128790825496822,0.8459786260978676,0.9619343348202426
seq_lora,4,task1729_personachat_generate_next,model.layers.2.self_attn.q_proj,change_of_shared_adapter,0.23088855390888144,0.49669172156372954,0.1366812375272896,0.018428826235408244,0.38009631133963584,0.8174697611051807
seq_lora,4,task1729_personachat_generate_next,model.layers.2.self_attn.v_proj,change_of_shared_adapter,0.11180644268552421,0.22550207505781075,0.10894876480459395,-0.07199835380434304,0.7744162836233702,0.9665305104224475
seq_lora,4,task1729_personachat_generate_next,model.layers.3.self_attn.q_proj,change_of_shared_adapter,0.23881764156690857,0.5495620806404339,0.03807436009220022,-0.0003913191910743931,0.6021855177495494,0.8646020734927609
seq_lora,4,task1729_personachat_generate_next,model.layers.3.self_attn.v_proj,change_of_shared_adapter,0.12244254292121433,0.2272128526153223,0.14878123613406244,-0.046036618273675896,0.601776641357258,0.9530312570774294
seq_lora,4,task1729_personachat_generate_next,model.layers.4.self_attn.q_proj,change_of_shared_adapter,0.21000474798928284,0.46433093503768424,-0.10233878257101817,-0.1411550894234809,0.32979763711984134,0.7912468101209614
seq_lora,4,task1729_personachat_generate_next,model.layers.4.self_attn.v_proj,change_of_shared_adapter,0.1186198955945774,0.21915063134547488,0.05932279537223568,-0.02990281702975721,0.8154918156821708,0.967061536159052
seq_lora,4,task1729_personachat_generate_next,model.layers.5.self_attn.q_proj,change_of_shared_adapter,0.22461321983951368,0.43034409525951256,0.06389048563472734,0.0073894431528413445,0.525023814058508,0.8366038304077545
seq_lora,4,task1729_personachat_generate_next,model.layers.5.self_attn.v_proj,change_of_shared_adapter,0.10524664186390664,0.2057863794948823,0.05854908115376874,-0.036875313297260626,0.5492995422510154,0.9186487872258408
seq_lora,4,task1729_personachat_generate_next,model.layers.6.self_attn.q_proj,change_of_shared_adapter,0.23863759770535758,0.49123764488883886,-0.022696149111382187,0.011093026280158335,0.7035191033823074,0.9152764419047728
seq_lora,4,task1729_personachat_generate_next,model.layers.6.self_attn.v_proj,change_of_shared_adapter,0.11250450583732773,0.23312190404551592,-0.05762933098638258,-0.14835425979339215,0.7814200802112458,0.9572166556071964
seq_lora,4,task1729_personachat_generate_next,model.layers.7.self_attn.q_proj,change_of_shared_adapter,0.22970164256999343,0.4955796970161119,-0.03571983105329672,0.03147483878018137,0.6232669467942661,0.8943541232262842
seq_lora,4,task1729_personachat_generate_next,model.layers.7.self_attn.v_proj,change_of_shared_adapter,0.12097076272221527,0.23001844479390124,0.037072664291311286,0.06645783175774143,0.8743477708316715,0.9696281224703227
seq_lora,4,task1729_personachat_generate_next,model.layers.8.self_attn.q_proj,change_of_shared_adapter,0.23494616244237887,0.4597404627561861,0.0295189749283236,0.007571383083316051,0.6553723496561706,0.9105722945733972
seq_lora,4,task1729_personachat_generate_next,model.layers.8.self_attn.v_proj,change_of_shared_adapter,0.10291208936852292,0.19539983861954263,0.0045612448326806864,-0.014425225330368786,0.4967152471376999,0.8897903061896518
seq_lora,4,task1729_personachat_generate_next,model.layers.9.self_attn.q_proj,change_of_shared_adapter,0.22967890072062774,0.44969631186750847,-0.004819240187462466,0.040835576929112785,0.7090418933014996,0.901070256040121
seq_lora,4,task1729_personachat_generate_next,model.layers.9.self_attn.v_proj,change_of_shared_adapter,0.09835644570626308,0.19824885588266583,-0.009087933007452847,-0.03934758334176815,0.44313836498742515,0.9017589770874134
seq_lora,4,task1729_personachat_generate_next,model.layers.10.self_attn.q_proj,change_of_shared_adapter,0.2251410578789542,0.47793937958172883,0.013219029502671648,-0.0088852688447744,0.4057453016591503,0.8481077781065172
seq_lora,4,task1729_personachat_generate_next,model.layers.10.self_attn.v_proj,change_of_shared_adapter,0.10859608724273552,0.21710717698608423,-0.009529763184955988,0.002681031308883535,0.5137034338035512,0.9322374979360851
seq_lora,4,task1729_personachat_generate_next,model.layers.11.self_attn.q_proj,change_of_shared_adapter,0.24106576782063924,0.5141361629469497,0.10023011897483874,0.07154786918224065,0.6972803913669818,0.9192857350746125
seq_lora,4,task1729_personachat_generate_next,model.layers.11.self_attn.v_proj,change_of_shared_adapter,0.10905266754192484,0.2231091871686588,-0.057084190932478907,-0.05163636633467345,0.6209639257056428,0.9412602776997281
seq_lora,4,task1729_personachat_generate_next,model.layers.12.self_attn.q_proj,change_of_shared_adapter,0.24217257046551544,0.5090274452598006,0.1334320276681754,-0.07793818635751837,0.7671443130188078,0.9347609855771625
seq_lora,4,task1729_personachat_generate_next,model.layers.12.self_attn.v_proj,change_of_shared_adapter,0.10561326213417858,0.2264358628268535,0.06255301862928934,-0.037307353529895095,0.621194171620481,0.9360249206633476
seq_lora,4,task1729_personachat_generate_next,model.layers.13.self_attn.q_proj,change_of_shared_adapter,0.2278845594496992,0.5006694888048123,-0.045348147770637205,-0.0852477409589931,0.7475019110438857,0.9287412726311799
seq_lora,4,task1729_personachat_generate_next,model.layers.13.self_attn.v_proj,change_of_shared_adapter,0.10421257918916473,0.2251182048522757,-0.034684486241879246,-0.07081000951652179,0.579003016637706,0.939457534989561
seq_lora,4,task1729_personachat_generate_next,model.layers.14.self_attn.q_proj,change_of_shared_adapter,0.2191381015514259,0.4984829469937247,-0.0814540690769167,-0.06790062889862102,0.7027501423084477,0.9112045070164003
seq_lora,4,task1729_personachat_generate_next,model.layers.14.self_attn.v_proj,change_of_shared_adapter,0.09702002135577809,0.21760059056579664,-0.0639097267023151,-0.05383804790939204,0.5755963445777637,0.936308469201783
seq_lora,4,task1729_personachat_generate_next,model.layers.15.self_attn.q_proj,change_of_shared_adapter,0.21768162100371397,0.5304189742413602,-0.048050712245153636,-0.05572240986654921,0.7764950416648155,0.9455566506544127
seq_lora,4,task1729_personachat_generate_next,model.layers.15.self_attn.v_proj,change_of_shared_adapter,0.10781337365863032,0.2353254648955813,-0.02126427709671338,0.014448222093934017,0.5469597463915264,0.9347303011961534
seq_lora,4,task1729_personachat_generate_next,model.layers.16.self_attn.q_proj,change_of_shared_adapter,0.20269330522477919,0.49325599033610057,-0.05272207024205478,-0.010642929245520374,0.71301208325893,0.9127139674581943
seq_lora,4,task1729_personachat_generate_next,model.layers.16.self_attn.v_proj,change_of_shared_adapter,0.10355257140959398,0.24897286436698512,-0.06872991953149389,-0.08035186922039751,0.7631135807832518,0.9274177467080792
seq_lora,4,task1729_personachat_generate_next,model.layers.17.self_attn.q_proj,change_of_shared_adapter,0.19263597876080868,0.49464257419570284,-0.013978947496971953,0.02294318539884022,0.7536106116993845,0.9175423184010354
seq_lora,4,task1729_personachat_generate_next,model.layers.17.self_attn.v_proj,change_of_shared_adapter,0.08674284296081544,0.2252047516039886,-0.022362529697383893,-0.05552317812159479,0.4873126401910512,0.8976449575431638
seq_lora,4,task1729_personachat_generate_next,model.layers.18.self_attn.q_proj,change_of_shared_adapter,0.16138071332549456,0.4696168583154478,-0.010793186311403899,0.030055430226459914,0.3642613071007282,0.7836395621183703
seq_lora,4,task1729_personachat_generate_next,model.layers.18.self_attn.v_proj,change_of_shared_adapter,0.09572777958326047,0.2407859190532002,-0.16513692156856427,-0.09871455742771115,0.7040933707714009,0.9595793575032046
seq_lora,4,task1729_personachat_generate_next,model.layers.19.self_attn.q_proj,change_of_shared_adapter,0.16355292800049911,0.46618234099932415,-0.02128830486163641,-0.055554526308910085,0.5014396198656083,0.8201313825140883
seq_lora,4,task1729_personachat_generate_next,model.layers.19.self_attn.v_proj,change_of_shared_adapter,0.08901332169857225,0.22706933387980355,-0.11153863943318482,-0.07555828968501185,0.7213934238999323,0.9263077594811747
seq_lora,4,task1729_personachat_generate_next,model.layers.20.self_attn.q_proj,change_of_shared_adapter,0.15554119119365578,0.46294477643298454,0.02300377236459379,0.007342917124403483,0.3634804731396888,0.7340821315588695
seq_lora,4,task1729_personachat_generate_next,model.layers.20.self_attn.v_proj,change_of_shared_adapter,0.08440511715148302,0.20546386918409337,0.08254119030317757,-0.18374670593860998,0.5472871562344995,0.8871464100611643
seq_lora,4,task1729_personachat_generate_next,model.layers.21.self_attn.q_proj,change_of_shared_adapter,0.15282177457079127,0.42680774179478287,-0.041710668214128846,0.0025956045292682057,0.3948550126100534,0.7544450709410156
seq_lora,4,task1729_personachat_generate_next,model.layers.21.self_attn.v_proj,change_of_shared_adapter,0.07838580906249455,0.1794448093279517,-0.01578754658561236,0.03760810860510038,0.6598035329438421,0.9235544032049042
seq_lora,4,task1729_personachat_generate_next,model.layers.22.self_attn.q_proj,change_of_shared_adapter,0.15544461406589602,0.4103176505919978,-0.04404292329562231,-0.03152700751461769,0.42605544794544126,0.8186851069690168
seq_lora,4,task1729_personachat_generate_next,model.layers.22.self_attn.v_proj,change_of_shared_adapter,0.07493114515595703,0.17513279558111405,-0.08189620387671825,-0.09483312915733927,0.7142456599477257,0.9459511339072774
seq_lora,4,task1729_personachat_generate_next,model.layers.23.self_attn.q_proj,change_of_shared_adapter,0.18571710644101125,0.44956872007331955,0.11685350451028712,0.008619829244588513,0.49016400539869187,0.8260525635058626
seq_lora,4,task1729_personachat_generate_next,model.layers.23.self_attn.v_proj,change_of_shared_adapter,0.08884943053315895,0.17504075226589175,0.06840722634376542,-0.10510916797377794,0.5390371914053665,0.9068772362989718
seq_lora,4,task1729_personachat_generate_next,model.layers.24.self_attn.q_proj,change_of_shared_adapter,0.1615338443315536,0.39996576612650725,0.03177640233572935,-0.029590755803094844,0.46134045717890587,0.8216064286092192
seq_lora,4,task1729_personachat_generate_next,model.layers.24.self_attn.v_proj,change_of_shared_adapter,0.08501659145602795,0.1828746257506749,0.059239805832787124,-0.11158906111632687,0.6711601644674882,0.9542758514513908
seq_lora,4,task1729_personachat_generate_next,model.layers.25.self_attn.q_proj,change_of_shared_adapter,0.15004093314901268,0.3886856898824413,0.0096659951482743,-0.008815386227388112,0.26537403117886377,0.7032904055855204
seq_lora,4,task1729_personachat_generate_next,model.layers.25.self_attn.v_proj,change_of_shared_adapter,0.08969776776961276,0.17521259337587766,0.05282608801317382,-0.04420984101391741,0.6761349094162049,0.9538631913513163
seq_lora,4,task1729_personachat_generate_next,model.layers.26.self_attn.q_proj,change_of_shared_adapter,0.18298452858415568,0.41172839621430085,0.014841480198702734,-0.023731730184156915,0.5724998765645867,0.8442051334761983
seq_lora,4,task1729_personachat_generate_next,model.layers.26.self_attn.v_proj,change_of_shared_adapter,0.07507359052657207,0.16728940923526942,-0.0008686060914626837,-0.05428413830036248,0.687929118801431,0.9024120409402365
seq_lora,4,task1729_personachat_generate_next,model.layers.27.self_attn.q_proj,change_of_shared_adapter,0.15947622234911113,0.38868376519211284,0.020386784308894783,-0.02810039152653974,0.5331177800525714,0.8646847484974682
seq_lora,4,task1729_personachat_generate_next,model.layers.27.self_attn.v_proj,change_of_shared_adapter,0.08053449370332354,0.16994926867270735,0.0544684225271188,-0.01287346186970905,0.684073154302972,0.9231522117587788
seq_lora,5,task748_glucose_reverse_cause_event_detection,model.layers.0.self_attn.q_proj,change_of_shared_adapter,0.28934527532041815,0.5241906745999059,-0.057007942998029824,-0.020324463337587237,0.7431412511021561,0.9235995171175222
seq_lora,5,task748_glucose_reverse_cause_event_detection,model.layers.0.self_attn.v_proj,change_of_shared_adapter,0.1197636993565462,0.241000548216634,-0.0006975510088675557,0.02637850989964097,0.4758213620777635,0.8994425434941032
seq_lora,5,task748_glucose_reverse_cause_event_detection,model.layers.1.self_attn.q_proj,change_of_shared_adapter,0.28729578586895893,0.5509330287243345,-0.017118592379826575,0.07110467444750072,0.5038302025638542,0.8454211442439629
seq_lora,5,task748_glucose_reverse_cause_event_detection,model.layers.1.self_attn.v_proj,change_of_shared_adapter,0.1174125769265464,0.25721011163658897,-0.059376857170496594,-0.07426506697690165,0.6543857453286139,0.9239915319205029
seq_lora,5,task748_glucose_reverse_cause_event_detection,model.layers.2.self_attn.q_proj,change_of_shared_adapter,0.28272711073928,0.5756400938881824,-0.04739440678958591,-0.018711374756888673,0.3738901387347714,0.7832949920715072
seq_lora,5,task748_glucose_reverse_cause_event_detection,model.layers.2.self_attn.v_proj,change_of_shared_adapter,0.1246160014113164,0.26238450112569545,-0.06605316678234129,-0.053346926718197324,0.6699884741898106,0.9438859219135455
seq_lora,5,task748_glucose_reverse_cause_event_detection,model.layers.3.self_attn.q_proj,change_of_shared_adapter,0.29249654168075356,0.6074919705801467,0.05515744800050205,-0.020071377639032877,0.640549048706513,0.8727392171754632
seq_lora,5,task748_glucose_reverse_cause_event_detection,model.layers.3.self_attn.v_proj,change_of_shared_adapter,0.1291078252437895,0.2736716997800303,-0.09986701216233869,-0.06823119365767853,0.8138278018114637,0.9539558641281018
seq_lora,5,task748_glucose_reverse_cause_event_detection,model.layers.4.self_attn.q_proj,change_of_shared_adapter,0.2914245945069252,0.48963941209654316,-0.01649089733273927,0.023082695592254232,0.3288005182431667,0.7932458591260478
seq_lora,5,task748_glucose_reverse_cause_event_detection,model.layers.4.self_attn.v_proj,change_of_shared_adapter,0.1356479922344594,0.2553075500960256,-0.0448229034534378,-0.07289015467129428,0.8503801135637904,0.9583580115638431
seq_lora,5,task748_glucose_reverse_cause_event_detection,model.layers.5.self_attn.q_proj,change_of_shared_adapter,0.3018307050482181,0.4979945500196169,0.06480228432201,0.09515313703579899,0.3750347934753699,0.8306115308974205
seq_lora,5,task748_glucose_reverse_cause_event_detection,model.layers.5.self_attn.v_proj,change_of_shared_adapter,0.1290461232138159,0.2365608583647531,-0.08195134493376216,-0.05079516339324225,0.5764901546398057,0.9052490281162429
seq_lora,5,task748_glucose_reverse_cause_event_detection,model.layers.6.self_attn.q_proj,change_of_shared_adapter,0.325646758861197,0.5412403244692373,-0.06224426701332237,0.0295764011603296,0.6800438676633119,0.9058361570345826
seq_lora,5,task748_glucose_reverse_cause_event_detection,model.layers.6.self_attn.v_proj,change_of_shared_adapter,0.13754114337304194,0.25294301048424994,-0.026508290083096308,-0.03497406232278178,0.6601341334944817,0.9336106693270346
seq_lora,5,task748_glucose_reverse_cause_event_detection,model.layers.7.self_attn.q_proj,change_of_shared_adapter,0.30609627051092225,0.5387297218000373,-0.1389772581844715,-0.11871658010730722,0.5189557534871388,0.8723465667983977
seq_lora,5,task748_glucose_reverse_cause_event_detection,model.layers.7.self_attn.v_proj,change_of_shared_adapter,0.17355636317725948,0.2638286218679851,0.07406793641454744,0.04751318047175797,0.8630413222099603,0.9794944156169578
seq_lora,5,task748_glucose_reverse_cause_event_detection,model.layers.8.self_attn.q_proj,change_of_shared_adapter,0.3064182941504638,0.5224346204612187,0.08742900002025522,0.05475499579249749,0.5371378538203188,0.8948592672487674
seq_lora,5,task748_glucose_reverse_cause_event_detection,model.layers.8.self_attn.v_proj,change_of_shared_adapter,0.14002415502009308,0.22125876088192087,0.04687521550718162,0.05270163922000668,0.526311754131706,0.8798618317022183
seq_lora,5,task748_glucose_reverse_cause_event_detection,model.layers.9.self_attn.q_proj,change_of_shared_adapter,0.3080661979400392,0.5039679083285601,0.0876410008732472,0.0535847897000345,0.6547625743526979,0.8891540937319191
seq_lora,5,task748_glucose_reverse_cause_event_detection,model.layers.9.self_attn.v_proj,change_of_shared_adapter,0.13409290246018785,0.22050439247121653,-0.07343566791237278,0.005940383082549293,0.3753167782734002,0.8465867699176413
seq_lora,5,task748_glucose_reverse_cause_event_detection,model.layers.10.self_attn.q_proj,change_of_shared_adapter,0.3085825011508554,0.5309984760026357,-0.025504432365450434,-0.007038051736311205,0.4449642812310465,0.8565497653879697
seq_lora,5,task748_glucose_reverse_cause_event_detection,model.layers.10.self_attn.v_proj,change_of_shared_adapter,0.14389354272591975,0.2418248750686072,0.0009135364760975798,-0.01603102393236061,0.5415242598403444,0.9168546000903487
seq_lora,5,task748_glucose_reverse_cause_event_detection,model.layers.11.self_attn.q_proj,change_of_shared_adapter,0.32378627836632234,0.5893164399732281,0.04887752531118866,0.0029084066934306914,0.6053579583202428,0.8954273366763446
seq_lora,5,task748_glucose_reverse_cause_event_detection,model.layers.11.self_attn.v_proj,change_of_shared_adapter,0.1420771574016507,0.2426775690642385,-0.0043589294978520245,-0.010610784619597156,0.6138936150898187,0.9325205963966664
seq_lora,5,task748_glucose_reverse_cause_event_detection,model.layers.12.self_attn.q_proj,change_of_shared_adapter,0.3001655427177841,0.5921600198710409,-0.13231852327403987,-0.06170251449970953,0.6446882302400155,0.91800867409909
seq_lora,5,task748_glucose_reverse_cause_event_detection,model.layers.12.self_attn.v_proj,change_of_shared_adapter,0.14272721926451454,0.25577182354932676,-0.07041780399393124,0.024101832497919244,0.5172628303589654,0.9121960098733459
seq_lora,5,task748_glucose_reverse_cause_event_detection,model.layers.13.self_attn.q_proj,change_of_shared_adapter,0.3221902823092052,0.5406045963487782,-0.05785818140595361,0.03093789533571322,0.6424246877252938,0.9094882467205198
seq_lora,5,task748_glucose_reverse_cause_event_detection,model.layers.13.self_attn.v_proj,change_of_shared_adapter,0.14760153649954222,0.2447673618031195,-0.03578340569794834,0.03170982603681715,0.5997027957425639,0.9257697716161046
seq_lora,5,task748_glucose_reverse_cause_event_detection,model.layers.14.self_attn.q_proj,change_of_shared_adapter,0.3114406571183323,0.5279310786323287,-0.1286471589518553,-0.0057548975386292655,0.7041521800674613,0.9052543464813407
seq_lora,5,task748_glucose_reverse_cause_event_detection,model.layers.14.self_attn.v_proj,change_of_shared_adapter,0.15004310537365087,0.23251758342904477,-0.09894782540007763,-0.024098680924101022,0.7135269992706529,0.9284095208737636
seq_lora,5,task748_glucose_reverse_cause_event_detection,model.layers.15.self_attn.q_proj,change_of_shared_adapter,0.3709221078400956,0.5635898058630834,-0.0006655777485397536,0.033464368040518895,0.7884859467968826,0.9626936985862325
seq_lora,5,task748_glucose_reverse_cause_event_detection,model.layers.15.self_attn.v_proj,change_of_shared_adapter,0.1562182643109838,0.25675434979972667,0.03940647347817679,0.077865219100006,0.6515828741062489,0.9176656813752563
seq_lora,5,task748_glucose_reverse_cause_event_detection,model.layers.16.self_attn.q_proj,change_of_shared_adapter,0.3678448048970909,0.523300846381387,-0.04467672676869355,0.029595390315643507,0.7420842903027551,0.9335773715144949
seq_lora,5,task748_glucose_reverse_cause_event_detection,model.layers.16.self_attn.v_proj,change_of_shared_adapter,0.15778013247632702,0.26299555673735014,0.0023258127096299217,0.00014201191595268725,0.7222867469961123,0.9094452981759248
seq_lora,5,task748_glucose_reverse_cause_event_detection,model.layers.17.self_attn.q_proj,change_of_shared_adapter,0.3470005684980125,0.528314207414663,0.0005495040958336938,-0.01635764994339255,0.6960056961256662,0.9224625925003599
seq_lora,5,task748_glucose_reverse_cause_event_detection,model.layers.17.self_attn.v_proj,change_of_shared_adapter,0.1726150429553638,0.23951576434374844,0.12175421224144067,0.03922131568359827,0.7750781760607194,0.950953502705247
seq_lora,5,task748_glucose_reverse_cause_event_detection,model.layers.18.self_attn.q_proj,change_of_shared_adapter,0.3565366362305178,0.49492197323369647,-0.014174643700850368,0.029238058250699094,0.6142903771662913,0.9010286667892675
seq_lora,5,task748_glucose_reverse_cause_event_detection,model.layers.18.self_attn.v_proj,change_of_shared_adapter,0.16046252655653642,0.24398542391624542,-0.08204857238794554,-0.038970259348359945,0.6530567492557321,0.9223373817007754
seq_lora,5,task748_glucose_reverse_cause_event_detection,model.layers.19.self_attn.q_proj,change_of_shared_adapter,0.3864081083844618,0.4907435796628052,0.04986835350527915,0.03391777956218329,0.8124267725563711,0.9472934486851335
seq_lora,5,task748_glucose_reverse_cause_event_detection,model.layers.19.self_attn.v_proj,change_of_shared_adapter,0.17772662334383307,0.23446742251254157,0.034205493992798236,-0.05098065688473113,0.8043024128648523,0.960398099870755
seq_lora,5,task748_glucose_reverse_cause_event_detection,model.layers.20.self_attn.q_proj,change_of_shared_adapter,0.338281369805561,0.4917558262277493,0.02290494172434722,-0.02010293165772853,0.7183354615082644,0.9320722724626525
seq_lora,5,task748_glucose_reverse_cause_event_detection,model.layers.20.self_attn.v_proj,change_of_shared_adapter,0.16228007225555902,0.22847870212370155,-0.14436992882202815,-0.1974483788399155,0.5255096427770072,0.902544814661039
seq_lora,5,task748_glucose_reverse_cause_event_detection,model.layers.21.self_attn.q_proj,change_of_shared_adapter,0.31597288144489194,0.4473009540378137,0.006707624205949562,-0.014009531339916607,0.5548396621465546,0.8958902728420428
seq_lora,5,task748_glucose_reverse_cause_event_detection,model.layers.21.self_attn.v_proj,change_of_shared_adapter,0.15210652120919543,0.19468087146768207,-0.006247249466140103,0.03879335973234635,0.6370333067805054,0.9311375530378302
seq_lora,5,task748_glucose_reverse_cause_event_detection,model.layers.22.self_attn.q_proj,change_of_shared_adapter,0.3429077783020498,0.4323255025239627,-0.004353204663101976,-0.038564669795109384,0.6246724010237974,0.9400287478171888
seq_lora,5,task748_glucose_reverse_cause_event_detection,model.layers.22.self_attn.v_proj,change_of_shared_adapter,0.16056098319034162,0.18476130834905388,0.010871516756421793,-0.03710002301951745,0.5139318955508495,0.9163089985789977
seq_lora,5,task748_glucose_reverse_cause_event_detection,model.layers.23.self_attn.q_proj,change_of_shared_adapter,0.34125219024296993,0.5060787329499079,-0.017749791631968114,-0.1040104933836987,0.5891087462128433,0.9044414754622673
seq_lora,5,task748_glucose_reverse_cause_event_detection,model.layers.23.self_attn.v_proj,change_of_shared_adapter,0.1591606435146467,0.2016463779157257,-0.11553989891254213,-0.11285798465522714,0.44179491475950516,0.9068682213565518
seq_lora,5,task748_glucose_reverse_cause_event_detection,model.layers.24.self_attn.q_proj,change_of_shared_adapter,0.3771451543377564,0.43608693747673527,0.08489326621446697,0.07611889366849221,0.7618880847055516,0.9437327377789393
seq_lora,5,task748_glucose_reverse_cause_event_detection,model.layers.24.self_attn.v_proj,change_of_shared_adapter,0.16405943389564778,0.20618680073302084,-0.14252977215507082,-0.1721734065616025,0.6178356399287868,0.9533347970718256
seq_lora,5,task748_glucose_reverse_cause_event_detection,model.layers.25.self_attn.q_proj,change_of_shared_adapter,0.3352584533953233,0.4179907473998229,0.03241191004059429,0.01496336229091077,0.6989988894375999,0.924807422047014
seq_lora,5,task748_glucose_reverse_cause_event_detection,model.layers.25.self_attn.v_proj,change_of_shared_adapter,0.1753635931281275,0.20101141977223952,-0.021109101488614605,-0.009712395194057226,0.6941611743825762,0.9356144754757274
seq_lora,5,task748_glucose_reverse_cause_event_detection,model.layers.26.self_attn.q_proj,change_of_shared_adapter,0.3008478861775003,0.45303412896225925,-0.00497693407058048,-0.08684829140275634,0.36009604346110236,0.8732539213777624
seq_lora,5,task748_glucose_reverse_cause_event_detection,model.layers.26.self_attn.v_proj,change_of_shared_adapter,0.17427415774439706,0.18330295349551587,0.01689387913400417,-0.050113961898874716,0.7963768549134408,0.9549031395989406
seq_lora,5,task748_glucose_reverse_cause_event_detection,model.layers.27.self_attn.q_proj,change_of_shared_adapter,0.31564865856951946,0.4231254162126146,0.1394133942602928,-0.03677829181034243,0.5447579932809614,0.9185380964342529
seq_lora,5,task748_glucose_reverse_cause_event_detection,model.layers.27.self_attn.v_proj,change_of_shared_adapter,0.169168071861562,0.19198841904200356,-0.014373397076111242,-0.014733078208953164,0.5504767343549197,0.9227082237084024
seq_lora,6,medical_mts_dialog_note,model.layers.0.self_attn.q_proj,change_of_shared_adapter,0.19496519154921035,0.584126290615585,0.07828400377331879,0.051703495081982354,0.787780892902047,0.9439252698607282
seq_lora,6,medical_mts_dialog_note,model.layers.0.self_attn.v_proj,change_of_shared_adapter,0.09670150548664423,0.26904338113255555,0.018467448742651275,0.033664436024689375,0.4331177165658752,0.9345188506046915
seq_lora,6,medical_mts_dialog_note,model.layers.1.self_attn.q_proj,change_of_shared_adapter,0.24241068533254764,0.616965950329118,0.2227966230734981,0.08859952314203036,0.6686236627880566,0.9279475120086041
seq_lora,6,medical_mts_dialog_note,model.layers.1.self_attn.v_proj,change_of_shared_adapter,0.11104381903191139,0.2763266689299335,0.0162749795758441,0.08857185393895571,0.8532473973995893,0.9765042526833437
seq_lora,6,medical_mts_dialog_note,model.layers.2.self_attn.q_proj,change_of_shared_adapter,0.23453770418300895,0.6291814892985614,-0.054780790941957,0.018467138455021646,0.2967685196703288,0.7941740374716232
seq_lora,6,medical_mts_dialog_note,model.layers.2.self_attn.v_proj,change_of_shared_adapter,0.11608207308836095,0.28294036977005665,0.1084744088057198,0.04737424626026493,0.8016504289035815,0.9795641552672961
seq_lora,6,medical_mts_dialog_note,model.layers.3.self_attn.q_proj,change_of_shared_adapter,0.25596751312872407,0.6886236257339595,-0.04958948559386393,-0.08337590317411685,0.6769090836967203,0.8921614117336709
seq_lora,6,medical_mts_dialog_note,model.layers.3.self_attn.v_proj,change_of_shared_adapter,0.11999276800714169,0.29070224622860286,0.14446569605472498,0.055703353653413376,0.6580942500810598,0.9435841037536513
seq_lora,6,medical_mts_dialog_note,model.layers.4.self_attn.q_proj,change_of_shared_adapter,0.24239401857557685,0.5656578276837109,-0.004135358873177012,-0.07088242306302384,0.43941620931944503,0.824493353998633
seq_lora,6,medical_mts_dialog_note,model.layers.4.self_attn.v_proj,change_of_shared_adapter,0.12318557371587416,0.28368594121235524,-0.053413905088264615,-0.047192321447577686,0.8401137020811321,0.9769379073302666
seq_lora,6,medical_mts_dialog_note,model.layers.5.self_attn.q_proj,change_of_shared_adapter,0.24319612690221723,0.5988165120070742,0.034165027225047453,0.05044319745713823,0.5992545109427249,0.8676255257504611
seq_lora,6,medical_mts_dialog_note,model.layers.5.self_attn.v_proj,change_of_shared_adapter,0.12120915756520767,0.2600200786935134,0.07780567153490076,0.010781585677282074,0.7009499672675998,0.9602101829986892
seq_lora,6,medical_mts_dialog_note,model.layers.6.self_attn.q_proj,change_of_shared_adapter,0.2130705404873232,0.6140402293030484,0.07700644591745033,-0.019170024243894017,0.6211641966410877,0.9003483630616104
seq_lora,6,medical_mts_dialog_note,model.layers.6.self_attn.v_proj,change_of_shared_adapter,0.10558499263480883,0.2846985811203146,-0.05278828949440145,-0.07787664223140722,0.7299959825481417,0.9558523575033634
seq_lora,6,medical_mts_dialog_note,model.layers.7.self_attn.q_proj,change_of_shared_adapter,0.2268895799015545,0.58145426497653,-0.09544992720148585,0.062160583225592175,0.43503877343290065,0.8487151950675865
seq_lora,6,medical_mts_dialog_note,model.layers.7.self_attn.v_proj,change_of_shared_adapter,0.12037147027518448,0.3263592599580056,-0.1768657517999771,-0.18713399907985645,0.8489036788696018,0.9817581625018166
seq_lora,6,medical_mts_dialog_note,model.layers.8.self_attn.q_proj,change_of_shared_adapter,0.19837960581635128,0.6283486203562844,-0.13450600686437708,-0.08254880036481313,0.6150539771559927,0.8980914313418391
seq_lora,6,medical_mts_dialog_note,model.layers.8.self_attn.v_proj,change_of_shared_adapter,0.09582110851721731,0.26733263716569766,-0.13943763390654848,-0.06221213581950827,0.6550388374701447,0.919104218488242
seq_lora,6,medical_mts_dialog_note,model.layers.9.self_attn.q_proj,change_of_shared_adapter,0.18619315246661522,0.613271494364059,-0.012470886901325511,0.005393291029491618,0.6435168237898449,0.8712518236538379
seq_lora,6,medical_mts_dialog_note,model.layers.9.self_attn.v_proj,change_of_shared_adapter,0.10063487041666343,0.24952032194667825,-0.0678952700890076,-0.04681567015833269,0.4276918823695778,0.9137284511031307
seq_lora,6,medical_mts_dialog_note,model.layers.10.self_attn.q_proj,change_of_shared_adapter,0.22583220129962206,0.607309138954309,-0.13266657597962314,-0.07126460425309315,0.5363417250851837,0.8749350930530873
seq_lora,6,medical_mts_dialog_note,model.layers.10.self_attn.v_proj,change_of_shared_adapter,0.09951466322544329,0.28151056564025595,-0.04850936818595155,0.023428778848876796,0.5597447252081144,0.9211613934140946
seq_lora,6,medical_mts_dialog_note,model.layers.11.self_attn.q_proj,change_of_shared_adapter,0.23544931941917166,0.6861372410773432,-0.00998460632223014,0.03761190819251035,0.7375400448839863,0.9431152929544939
seq_lora,6,medical_mts_dialog_note,model.layers.11.self_attn.v_proj,change_of_shared_adapter,0.10941581669910613,0.2806737227675371,0.01372406033622128,-0.002248678167534706,0.6199187345028435,0.9282613624630226
seq_lora,6,medical_mts_dialog_note,model.layers.12.self_attn.q_proj,change_of_shared_adapter,0.22737915038283482,0.6274668571040609,-0.1662222640837903,-0.005707683356882492,0.7558993731984062,0.9604846445839582
seq_lora,6,medical_mts_dialog_note,model.layers.12.self_attn.v_proj,change_of_shared_adapter,0.1160440219685107,0.2839876692904394,-0.0006619175151484476,0.013736955263579119,0.5020369661153036,0.933054207628349
seq_lora,6,medical_mts_dialog_note,model.layers.13.self_attn.q_proj,change_of_shared_adapter,0.23740409359277492,0.6131106876624693,0.12825162618278999,0.10994670727033833,0.6811182158875607,0.9381828585439959
seq_lora,6,medical_mts_dialog_note,model.layers.13.self_attn.v_proj,change_of_shared_adapter,0.13122226252003527,0.28126803311123544,-0.02399187060177393,0.01817410662378701,0.7399785232709162,0.9660720654891102
seq_lora,6,medical_mts_dialog_note,model.layers.14.self_attn.q_proj,change_of_shared_adapter,0.24115175245499665,0.5774100624793528,-0.006241625070042528,-0.045810008775231184,0.7329358399251359,0.9309052787140122
seq_lora,6,medical_mts_dialog_note,model.layers.14.self_attn.v_proj,change_of_shared_adapter,0.11405564006321478,0.26395689769258596,0.0051363869241194005,-0.022522008025696406,0.5621282486463824,0.9191844898232142
seq_lora,6,medical_mts_dialog_note,model.layers.15.self_attn.q_proj,change_of_shared_adapter,0.2536870512857155,0.6744912186760724,-0.09233258431619681,-0.05737346192627884,0.8752780323863735,0.9692205935170785
seq_lora,6,medical_mts_dialog_note,model.layers.15.self_attn.v_proj,change_of_shared_adapter,0.12640637414263517,0.3057582499164024,-0.1400491746904536,-0.09884584375994843,0.529912026226337,0.9444015461988533
seq_lora,6,medical_mts_dialog_note,model.layers.16.self_attn.q_proj,change_of_shared_adapter,0.24294418872649454,0.6260619917442094,-0.02084054073655549,-0.039179962699419105,0.8194807635133933,0.964122613063632
seq_lora,6,medical_mts_dialog_note,model.layers.16.self_attn.v_proj,change_of_shared_adapter,0.1462190588258521,0.3070085576469619,-0.046103637034808,0.053152446131636714,0.8463024190945063,0.9617974602642805
seq_lora,6,medical_mts_dialog_note,model.layers.17.self_attn.q_proj,change_of_shared_adapter,0.25481225211579506,0.6322394896982372,0.006264868088762062,-0.0452071788135108,0.812558660097661,0.9716223719408534
seq_lora,6,medical_mts_dialog_note,model.layers.17.self_attn.v_proj,change_of_shared_adapter,0.12374797786479197,0.3118194550660133,-0.12944911033919995,-0.11988300690553297,0.6272053717212781,0.9486220690046538
seq_lora,6,medical_mts_dialog_note,model.layers.18.self_attn.q_proj,change_of_shared_adapter,0.23945328122398465,0.6058578044700573,0.03111311039457312,0.01651481431230267,0.5978954755992865,0.8788728969445673
seq_lora,6,medical_mts_dialog_note,model.layers.18.self_attn.v_proj,change_of_shared_adapter,0.15233190300757543,0.2808070892332548,0.02059107889490829,0.009495839260730651,0.8099962764217986,0.9844729318042418
seq_lora,6,medical_mts_dialog_note,model.layers.19.self_attn.q_proj,change_of_shared_adapter,0.24202621311270245,0.6395727398030658,-0.004755930504277032,-0.04800406952364983,0.738491781110226,0.9204973084261344
seq_lora,6,medical_mts_dialog_note,model.layers.19.self_attn.v_proj,change_of_shared_adapter,0.14980236854566997,0.2990192070941405,-0.004047671446946851,-0.007028303276647746,0.7338147198570825,0.954770168239659
seq_lora,6,medical_mts_dialog_note,model.layers.20.self_attn.q_proj,change_of_shared_adapter,0.24731899530352253,0.6032235372866913,-0.004845225134777356,-0.0231049334264929,0.7600030593103362,0.9454411202038168
seq_lora,6,medical_mts_dialog_note,model.layers.20.self_attn.v_proj,change_of_shared_adapter,0.12877595947620504,0.26044495669991635,-0.05085312526951037,-0.07455457843245658,0.6421843018061119,0.9045664512671534
seq_lora,6,medical_mts_dialog_note,model.layers.21.self_attn.q_proj,change_of_shared_adapter,0.2690730245664401,0.5493751441786183,0.053855421739574846,-0.010882188789383365,0.7820193274700205,0.9369870763892413
seq_lora,6,medical_mts_dialog_note,model.layers.21.self_attn.v_proj,change_of_shared_adapter,0.12971929607861962,0.2463068117863393,0.001601777764276281,0.00421972761948299,0.7410055308943376,0.9551841545483678
seq_lora,6,medical_mts_dialog_note,model.layers.22.self_attn.q_proj,change_of_shared_adapter,0.19337626543405484,0.5506363398100301,-0.003949762091849366,-0.005929991256961738,0.5177573300860135,0.8503600027374763
seq_lora,6,medical_mts_dialog_note,model.layers.22.self_attn.v_proj,change_of_shared_adapter,0.12237706838201506,0.24609263991162791,0.01276604239981119,0.04909155953016062,0.7241057616324762,0.9660503361176654
seq_lora,6,medical_mts_dialog_note,model.layers.23.self_attn.q_proj,change_of_shared_adapter,0.22462985894591597,0.6053411817813066,-0.01024253660594695,-0.07973030378157328,0.6557551305829762,0.8767741709263297
seq_lora,6,medical_mts_dialog_note,model.layers.23.self_attn.v_proj,change_of_shared_adapter,0.13952456464776433,0.2420269788392891,-0.10267026935781112,-0.10238832245705638,0.6553418502091317,0.9544679060274255
seq_lora,6,medical_mts_dialog_note,model.layers.24.self_attn.q_proj,change_of_shared_adapter,0.24241303038995488,0.6002788924203614,0.061264164507852534,0.018198259443590756,0.4338778355490737,0.8439404830346234
seq_lora,6,medical_mts_dialog_note,model.layers.24.self_attn.v_proj,change_of_shared_adapter,0.11661130465695142,0.2445113838933316,-0.07970919701707578,-0.05250477576018526,0.697764819357186,0.9476724570265557
seq_lora,6,medical_mts_dialog_note,model.layers.25.self_attn.q_proj,change_of_shared_adapter,0.22644533548099,0.5442412857106438,0.02968433766203601,-0.0026910939520809318,0.6191134431260723,0.862356937400357
seq_lora,6,medical_mts_dialog_note,model.layers.25.self_attn.v_proj,change_of_shared_adapter,0.14453114415856522,0.2639503465375586,-0.11959231348299873,-0.045358852802814695,0.7528806259999475,0.9792082032888032
seq_lora,6,medical_mts_dialog_note,model.layers.26.self_attn.q_proj,change_of_shared_adapter,0.2243629015523831,0.5425796868051703,-0.005022866210415355,-0.04465597071600769,0.69730440354578,0.903367646457129
seq_lora,6,medical_mts_dialog_note,model.layers.26.self_attn.v_proj,change_of_shared_adapter,0.12726756097805433,0.255050590410416,-0.030527347813271388,-0.03146775621079498,0.8792136445474806,0.9694911310657587
seq_lora,6,medical_mts_dialog_note,model.layers.27.self_attn.q_proj,change_of_shared_adapter,0.25071490459896417,0.5620578370546784,-0.27173791713684853,-0.2658594250725618,0.6705321895312278,0.9030916112905769
seq_lora,6,medical_mts_dialog_note,model.layers.27.self_attn.v_proj,change_of_shared_adapter,0.13409729969129422,0.2540546049029429,-0.030748851762561237,-0.06647218435184164,0.7933802358789191,0.9527559452362513
seq_lora,7,medical_iu_xray_impression,model.layers.0.self_attn.q_proj,change_of_shared_adapter,0.22795862896835659,0.6301155341112532,-0.16078207121884644,-0.16404238958947828,0.7188234398008566,0.9416582553457367
seq_lora,7,medical_iu_xray_impression,model.layers.0.self_attn.v_proj,change_of_shared_adapter,0.10201107058145409,0.2875699108545361,-0.07320694178655571,0.07665294952326365,0.40883211728732427,0.9183098093914784
seq_lora,7,medical_iu_xray_impression,model.layers.1.self_attn.q_proj,change_of_shared_adapter,0.277200390342431,0.711373647528711,0.18966510677788317,0.28741261580937183,0.6703694383697967,0.9517332524525445
seq_lora,7,medical_iu_xray_impression,model.layers.1.self_attn.v_proj,change_of_shared_adapter,0.12762550983777193,0.299476096963059,0.22824920532998827,0.20899257720012027,0.8518544895040672,0.9815165964146675
seq_lora,7,medical_iu_xray_impression,model.layers.2.self_attn.q_proj,change_of_shared_adapter,0.2613789650447137,0.6593251330628627,0.014966514129891499,-0.005750015301001369,0.2771987141925584,0.7689160842003807
seq_lora,7,medical_iu_xray_impression,model.layers.2.self_attn.v_proj,change_of_shared_adapter,0.12358108966811208,0.3172630353577593,0.07256492083858522,0.08324819569490846,0.8459009026058701,0.9754013629518078
seq_lora,7,medical_iu_xray_impression,model.layers.3.self_attn.q_proj,change_of_shared_adapter,0.278547916097204,0.7226617859491362,0.09808221735869509,0.012065229579809812,0.6277056847121634,0.9094332830670085
seq_lora,7,medical_iu_xray_impression,model.layers.3.self_attn.v_proj,change_of_shared_adapter,0.12792966330619235,0.33012817732302374,0.15388550564423814,0.14781628521883614,0.7257040382438984,0.9607079953664064
seq_lora,7,medical_iu_xray_impression,model.layers.4.self_attn.q_proj,change_of_shared_adapter,0.2813811533389827,0.6144832162048653,0.09003694802316412,-0.04047740801438428,0.41988394775227234,0.845104275230941
seq_lora,7,medical_iu_xray_impression,model.layers.4.self_attn.v_proj,change_of_shared_adapter,0.15521870940271335,0.30318178129824186,0.20306984465220712,0.2637829258687594,0.818892262364146,0.9819907308148877
seq_lora,7,medical_iu_xray_impression,model.layers.5.self_attn.q_proj,change_of_shared_adapter,0.2606782671169127,0.6539697754583302,-0.018877231159770688,0.12749482977214271,0.540471539866505,0.8471197552519533
seq_lora,7,medical_iu_xray_impression,model.layers.5.self_attn.v_proj,change_of_shared_adapter,0.1315928830143082,0.29530742466860643,0.06341168047076465,0.19551781501831184,0.7322334034877229,0.9613320635125927
seq_lora,7,medical_iu_xray_impression,model.layers.6.self_attn.q_proj,change_of_shared_adapter,0.27347932950752046,0.6652778090240683,0.10042493552337328,0.11775895811790288,0.6571944563850382,0.9023970290986488
seq_lora,7,medical_iu_xray_impression,model.layers.6.self_attn.v_proj,change_of_shared_adapter,0.13874224434070026,0.2983753535552661,0.10430487017666121,0.018225578529336484,0.6906149954938297,0.9666147230167195
seq_lora,7,medical_iu_xray_impression,model.layers.7.self_attn.q_proj,change_of_shared_adapter,0.2637804905705416,0.6036417033053854,0.03912175058059529,-0.019120776694190468,0.3488210532965828,0.8179173297896999
seq_lora,7,medical_iu_xray_impression,model.layers.7.self_attn.v_proj,change_of_shared_adapter,0.1408283932399289,0.327266783160113,0.018118756138415064,-0.039511051799212424,0.8531053435274747,0.9660543004218661
seq_lora,7,medical_iu_xray_impression,model.layers.8.self_attn.q_proj,change_of_shared_adapter,0.2941720839787403,0.632964210513814,0.1896063198915168,0.057756885368551864,0.6066141814670742,0.8708095183355392
seq_lora,7,medical_iu_xray_impression,model.layers.8.self_attn.v_proj,change_of_shared_adapter,0.13163470735632465,0.27111754700932267,0.022397368291989416,-0.020942092823954202,0.6238193547516787,0.9133830386057779
seq_lora,7,medical_iu_xray_impression,model.layers.9.self_attn.q_proj,change_of_shared_adapter,0.2652906816352369,0.638687553249392,-0.10989148321592547,0.03354256522817969,0.5670048683383752,0.8567577490613472
seq_lora,7,medical_iu_xray_impression,model.layers.9.self_attn.v_proj,change_of_shared_adapter,0.12597166787040612,0.26263664497066974,0.021771813712392375,0.012284530732996585,0.4733048482078571,0.9004134113019017
seq_lora,7,medical_iu_xray_impression,model.layers.10.self_attn.q_proj,change_of_shared_adapter,0.2592276178537696,0.6192205925983223,0.00539251775745486,0.025531185581345234,0.4201024448426167,0.8198612388818668
seq_lora,7,medical_iu_xray_impression,model.layers.10.self_attn.v_proj,change_of_shared_adapter,0.12311051305332191,0.2939956500514935,0.006726785837390621,-0.004997809803248548,0.6145520818075909,0.909758865348555
seq_lora,7,medical_iu_xray_impression,model.layers.11.self_attn.q_proj,change_of_shared_adapter,0.26824469488910274,0.7231836961612823,0.05753712243226788,0.0685398312962625,0.5767314018754298,0.8869873405390839
seq_lora,7,medical_iu_xray_impression,model.layers.11.self_attn.v_proj,change_of_shared_adapter,0.13718726288915456,0.30264252072542724,0.044199669624803935,0.11952117029127926,0.6719880939006648,0.9339503051750213
seq_lora,7,medical_iu_xray_impression,model.layers.12.self_attn.q_proj,change_of_shared_adapter,0.2766558512279008,0.6308606155344361,-0.03942780937707241,0.01601398081533562,0.43240275618087626,0.8862119615266217
seq_lora,7,medical_iu_xray_impression,model.layers.12.self_attn.v_proj,change_of_shared_adapter,0.12866217889192458,0.3067109131833857,0.05377471477728875,-0.011608078711719882,0.5653762805302828,0.9290612013715549
seq_lora,7,medical_iu_xray_impression,model.layers.13.self_attn.q_proj,change_of_shared_adapter,0.27373583818350883,0.685274212679653,0.04608259264332855,-0.01974595863404588,0.6623258889567584,0.9380362152388568
seq_lora,7,medical_iu_xray_impression,model.layers.13.self_attn.v_proj,change_of_shared_adapter,0.13918017581345693,0.30750605618815513,0.009384325410755229,0.01757033618145285,0.7322106292352027,0.9473998828437055
seq_lora,7,medical_iu_xray_impression,model.layers.14.self_attn.q_proj,change_of_shared_adapter,0.27278195862165044,0.62435433622834,0.009164349075500552,0.057262087682276745,0.7088753003094433,0.9113619321491198
seq_lora,7,medical_iu_xray_impression,model.layers.14.self_attn.v_proj,change_of_shared_adapter,0.14725013705052953,0.28808193741783,0.04274322583267786,0.02262942321435296,0.6501894233643303,0.9334045880977648
seq_lora,7,medical_iu_xray_impression,model.layers.15.self_attn.q_proj,change_of_shared_adapter,0.30674431996902135,0.6983534381680234,0.05642629370445715,0.09095675482533482,0.7634026162295665,0.9632001681459581
seq_lora,7,medical_iu_xray_impression,model.layers.15.self_attn.v_proj,change_of_shared_adapter,0.14221063195399394,0.3140715459041509,0.005149031375992044,-0.02050407824896785,0.6562919212713162,0.9463767048133512
seq_lora,7,medical_iu_xray_impression,model.layers.16.self_attn.q_proj,change_of_shared_adapter,0.2938942518502083,0.6668102294502557,-0.014411656409125744,0.11620221148373427,0.786048037595955,0.9409168502439368
seq_lora,7,medical_iu_xray_impression,model.layers.16.self_attn.v_proj,change_of_shared_adapter,0.16532669040247838,0.3339087252214584,-0.04331409891292412,0.03884746832986074,0.8315722142930673,0.9672746990905392
seq_lora,7,medical_iu_xray_impression,model.layers.17.self_attn.q_proj,change_of_shared_adapter,0.298098313567896,0.6831358769190171,-0.015845045431495196,0.00910046658199135,0.8266745730686975,0.9628870932431322
seq_lora,7,medical_iu_xray_impression,model.layers.17.self_attn.v_proj,change_of_shared_adapter,0.16813401434000752,0.3202418179215255,-0.050926375066583374,-0.11343945899089608,0.6015342124001976,0.9564988889304418
seq_lora,7,medical_iu_xray_impression,model.layers.18.self_attn.q_proj,change_of_shared_adapter,0.3697471560948031,0.6583532483843197,0.09021261171808967,0.06447613517435523,0.45268507312722467,0.8795642761673212
seq_lora,7,medical_iu_xray_impression,model.layers.18.self_attn.v_proj,change_of_shared_adapter,0.19612191707084795,0.3222099207140049,0.022522562836603352,0.05149496159307209,0.7846143050786211,0.9809864410179191
seq_lora,7,medical_iu_xray_impression,model.layers.19.self_attn.q_proj,change_of_shared_adapter,0.37757128985991156,0.6827573539181228,0.02828853459321385,0.017988327492030897,0.6816909768950159,0.931776828417393
seq_lora,7,medical_iu_xray_impression,model.layers.19.self_attn.v_proj,change_of_shared_adapter,0.185596649009398,0.33390210358765315,-0.055469040590436273,-0.006415728956085363,0.6893336570651388,0.9473888665592664
seq_lora,7,medical_iu_xray_impression,model.layers.20.self_attn.q_proj,change_of_shared_adapter,0.39784174969013986,0.6508453090295769,-0.036933114221829134,-0.07805863745574303,0.6642253188376442,0.9600511552478573
seq_lora,7,medical_iu_xray_impression,model.layers.20.self_attn.v_proj,change_of_shared_adapter,0.18696673052772395,0.2846114759979,-0.022492485065744815,-0.06430082373877513,0.774729314240783,0.9645800549131048
seq_lora,7,medical_iu_xray_impression,model.layers.21.self_attn.q_proj,change_of_shared_adapter,0.39004821399168627,0.6246081790259642,-0.02699784243373891,-0.09552871296820915,0.6155544830249141,0.9457187323583978
seq_lora,7,medical_iu_xray_impression,model.layers.21.self_attn.v_proj,change_of_shared_adapter,0.19432297465263937,0.27856147848770485,-0.004854808429609216,-0.024970470919205397,0.7123564969302391,0.9649345066065959
seq_lora,7,medical_iu_xray_impression,model.layers.22.self_attn.q_proj,change_of_shared_adapter,0.3405375602454014,0.5828838798812255,0.04522659374026576,0.0788217225857859,0.5700020339362014,0.8964648677710478
seq_lora,7,medical_iu_xray_impression,model.layers.22.self_attn.v_proj,change_of_shared_adapter,0.1889174727108486,0.27623660328933825,0.02986371429869778,-0.026030154619150238,0.7823665641645149,0.9723617326894063
seq_lora,7,medical_iu_xray_impression,model.layers.23.self_attn.q_proj,change_of_shared_adapter,0.4264430705095973,0.6435145737768004,0.0583252840693497,0.028631056441885818,0.7763379302356644,0.9611575225416078
seq_lora,7,medical_iu_xray_impression,model.layers.23.self_attn.v_proj,change_of_shared_adapter,0.19680051056643197,0.2666647291227114,0.03953863646942319,-0.06748533756565443,0.6265974550059155,0.9534626005156723
seq_lora,7,medical_iu_xray_impression,model.layers.24.self_attn.q_proj,change_of_shared_adapter,0.3842985918010441,0.6610057396932304,0.12435259170263312,0.16247578654792483,0.6912819732152329,0.9108884791791477
seq_lora,7,medical_iu_xray_impression,model.layers.24.self_attn.v_proj,change_of_shared_adapter,0.19515081093833647,0.2623710155489195,0.010829512881888778,-0.10203202103656997,0.7028817024207182,0.9647036675188354
seq_lora,7,medical_iu_xray_impression,model.layers.25.self_attn.q_proj,change_of_shared_adapter,0.3096770101939905,0.5956447901585378,-0.0058724730712343244,0.03101295541727647,0.5527975242966906,0.8779086273944202
seq_lora,7,medical_iu_xray_impression,model.layers.25.self_attn.v_proj,change_of_shared_adapter,0.22557712082152312,0.2853670825996852,0.08247075680067659,-0.0733609809815121,0.8020598291267179,0.9879216040032169
seq_lora,7,medical_iu_xray_impression,model.layers.26.self_attn.q_proj,change_of_shared_adapter,0.3263325270394769,0.5860959933092051,-0.026938124487439954,-0.09745757409037153,0.6085563745141944,0.9087589776039482
seq_lora,7,medical_iu_xray_impression,model.layers.26.self_attn.v_proj,change_of_shared_adapter,0.21678506599850184,0.2815422182969793,-0.04744438757252281,-0.10060604051941328,0.8783783242456275,0.9889955833184364
seq_lora,7,medical_iu_xray_impression,model.layers.27.self_attn.q_proj,change_of_shared_adapter,0.3316226893744475,0.5497111826944794,0.007932930407045015,-0.0709842400369341,0.5547752381781054,0.9291222631778475
seq_lora,7,medical_iu_xray_impression,model.layers.27.self_attn.v_proj,change_of_shared_adapter,0.22612940777370644,0.2836031065574605,0.07156475980188189,0.04561549004280813,0.7299120888385814,0.9680912847325703
seq_lora,8,natural_vqav2,model.layers.0.self_attn.q_proj,change_of_shared_adapter,0.23066814922584017,0.6346819373221846,0.032418761015355846,-0.029324406903387775,0.7184632908759081,0.9268288265137781
seq_lora,8,natural_vqav2,model.layers.0.self_attn.v_proj,change_of_shared_adapter,0.0886068421095877,0.2980060650929577,-0.0798884934294523,-0.05078452006340345,0.5757329361525202,0.925810677302346
seq_lora,8,natural_vqav2,model.layers.1.self_attn.q_proj,change_of_shared_adapter,0.20135036108613416,0.8109832338740914,-0.026417386986768626,-0.010273708828330601,0.6352986548568361,0.9013476652457161
seq_lora,8,natural_vqav2,model.layers.1.self_attn.v_proj,change_of_shared_adapter,0.09393198025136959,0.3513145785496155,-0.05320206661956737,-0.027466764290151487,0.7516440151083578,0.9522437888026889
seq_lora,8,natural_vqav2,model.layers.2.self_attn.q_proj,change_of_shared_adapter,0.19860066246797986,0.7128724041469541,-0.020384837209829948,0.023037517251721137,0.5744961977563363,0.8897517446111929
seq_lora,8,natural_vqav2,model.layers.2.self_attn.v_proj,change_of_shared_adapter,0.10438646343214283,0.3487381945070625,0.11828473081695558,0.13672057768067622,0.8020129492669146,0.9684555523984777
seq_lora,8,natural_vqav2,model.layers.3.self_attn.q_proj,change_of_shared_adapter,0.20315006034431635,0.7995724492747114,-0.06272811538920216,-0.04740307315217633,0.5701492046577048,0.8686654196689869
seq_lora,8,natural_vqav2,model.layers.3.self_attn.v_proj,change_of_shared_adapter,0.1038488263733254,0.37195263509983323,0.12979054741125678,0.048010667333606705,0.7754638125334312,0.9745767734818059
seq_lora,8,natural_vqav2,model.layers.4.self_attn.q_proj,change_of_shared_adapter,0.18183963206558001,0.6984987277501136,0.06070382512182314,-0.02379412682972306,0.42288424183368556,0.8191845512460882
seq_lora,8,natural_vqav2,model.layers.4.self_attn.v_proj,change_of_shared_adapter,0.10856368833827745,0.3675932055933222,-0.03300078975641081,-0.013072350607683384,0.8659396360477876,0.9766192974548505
seq_lora,8,natural_vqav2,model.layers.5.self_attn.q_proj,change_of_shared_adapter,0.17687664792951996,0.6994236251893844,0.039769720302336865,-0.01622900427932705,0.42174843019065406,0.7804373157081377
seq_lora,8,natural_vqav2,model.layers.5.self_attn.v_proj,change_of_shared_adapter,0.09430606526472872,0.33083464571001164,0.04288129029991081,0.027637932511948553,0.7004225709879894,0.9507521400466316
seq_lora,8,natural_vqav2,model.layers.6.self_attn.q_proj,change_of_shared_adapter,0.21578586083335605,0.744263446627221,-0.07500767796755368,-0.08297892322017365,0.6477321160145932,0.8889610681479747
seq_lora,8,natural_vqav2,model.layers.6.self_attn.v_proj,change_of_shared_adapter,0.10865402647111574,0.3419256277744565,-0.03336182794196834,-0.05036648462573049,0.7844032786298346,0.975395795175806
seq_lora,8,natural_vqav2,model.layers.7.self_attn.q_proj,change_of_shared_adapter,0.18079379169725868,0.6681482471421439,-0.09439786224229034,-0.04097974486096764,0.45040004140873785,0.7690995400926267
seq_lora,8,natural_vqav2,model.layers.7.self_attn.v_proj,change_of_shared_adapter,0.10449528141945179,0.35861722583395667,-0.05093933200118032,-0.038091865550592595,0.8527739379387669,0.9644854125320624
seq_lora,8,natural_vqav2,model.layers.8.self_attn.q_proj,change_of_shared_adapter,0.1912064366056206,0.7468537020958208,0.07771557283542672,0.10408190706338237,0.5561351451123897,0.8750103032471112
seq_lora,8,natural_vqav2,model.layers.8.self_attn.v_proj,change_of_shared_adapter,0.08337385495858235,0.30402479584932185,-0.10404005261160786,-0.0714270030948683,0.40061339796127204,0.8782960699613322
seq_lora,8,natural_vqav2,model.layers.9.self_attn.q_proj,change_of_shared_adapter,0.1695195017746478,0.6641245227688581,0.021292688318224468,0.04241955317840426,0.5178542769055064,0.8242671346315792
seq_lora,8,natural_vqav2,model.layers.9.self_attn.v_proj,change_of_shared_adapter,0.08144249247014843,0.29374733965818123,-0.11638406407264262,-0.05780995483299696,0.548042133708127,0.8779464495022886
seq_lora,8,natural_vqav2,model.layers.10.self_attn.q_proj,change_of_shared_adapter,0.1563378701831743,0.6725803328416314,0.005730133817158428,-0.028731685866553135,0.38080905154339845,0.728416454553914
seq_lora,8,natural_vqav2,model.layers.10.self_attn.v_proj,change_of_shared_adapter,0.08616962662503477,0.3194942544795657,-0.05944192491346157,-0.05602923087948199,0.46778832042794943,0.884072277046098
seq_lora,8,natural_vqav2,model.layers.11.self_attn.q_proj,change_of_shared_adapter,0.19384922759785217,0.785667327401651,-0.014671281616839464,-0.008255530275851127,0.6567051234139626,0.8713261183341635
seq_lora,8,natural_vqav2,model.layers.11.self_attn.v_proj,change_of_shared_adapter,0.08858180813959346,0.3377618480716496,-0.11311881958314428,-0.06928982478895561,0.7304986595761517,0.9224621739073063
seq_lora,8,natural_vqav2,model.layers.12.self_attn.q_proj,change_of_shared_adapter,0.19070010430535458,0.6787936388385686,-0.02327204075654697,0.005097096724271834,0.5889633790240554,0.855556086000271
seq_lora,8,natural_vqav2,model.layers.12.self_attn.v_proj,change_of_shared_adapter,0.09261386314077132,0.33892427809558484,0.037121857989455484,0.04938664902552551,0.6053857784091163,0.9119875553701007
seq_lora,8,natural_vqav2,model.layers.13.self_attn.q_proj,change_of_shared_adapter,0.1952163139154491,0.7495470499016637,-0.09783076434603451,-0.09299512092081022,0.578332747054585,0.8280695287065698
seq_lora,8,natural_vqav2,model.layers.13.self_attn.v_proj,change_of_shared_adapter,0.08903231856297666,0.3387246236535257,-0.014536240997973342,0.04820807337865365,0.7703957939831726,0.9275008009221979
seq_lora,8,natural_vqav2,model.layers.14.self_attn.q_proj,change_of_shared_adapter,0.18550872781070993,0.6836299747156122,0.09760944161908995,0.01274177897831428,0.5687695109981877,0.8440595199128939
seq_lora,8,natural_vqav2,model.layers.14.self_attn.v_proj,change_of_shared_adapter,0.09153736014025178,0.32908988098022085,0.10988361120432219,0.07600706652083719,0.7508361211419389,0.9226274621682122
seq_lora,8,natural_vqav2,model.layers.15.self_attn.q_proj,change_of_shared_adapter,0.21714331918780352,0.7784371694050114,0.07515863259724272,0.026748704424790493,0.7467509442118472,0.9227870455539784
seq_lora,8,natural_vqav2,model.layers.15.self_attn.v_proj,change_of_shared_adapter,0.11336654775696985,0.34543415535475097,0.12011759934632557,0.07161469090831828,0.7997138029534209,0.9703305559899085
seq_lora,8,natural_vqav2,model.layers.16.self_attn.q_proj,change_of_shared_adapter,0.1887531085461731,0.724818018501558,-0.10562243738390263,-0.038607780050486,0.6429378591814184,0.8576248935431277
seq_lora,8,natural_vqav2,model.layers.16.self_attn.v_proj,change_of_shared_adapter,0.10441809274557735,0.3661225562413665,-0.20254855170537875,-0.0731632685150562,0.8065011066280773,0.9517120891781441
seq_lora,8,natural_vqav2,model.layers.17.self_attn.q_proj,change_of_shared_adapter,0.2063959077579031,0.7410018950068334,0.11226257544949804,0.05621975463480507,0.7860482402039899,0.9556766966353135
seq_lora,8,natural_vqav2,model.layers.17.self_attn.v_proj,change_of_shared_adapter,0.0906495799854189,0.35403355187430524,0.14301613774950234,0.044227887589630685,0.7158722390652335,0.9338118322340598
seq_lora,8,natural_vqav2,model.layers.18.self_attn.q_proj,change_of_shared_adapter,0.17319188139034378,0.7836209748494305,0.03262146215943411,0.04825649585631709,0.4833647064273833,0.8037734044257734
seq_lora,8,natural_vqav2,model.layers.18.self_attn.v_proj,change_of_shared_adapter,0.09434443054334753,0.3809587250525063,-0.10015856758548644,-0.10133723411968584,0.7225681958600059,0.9513316034697928
seq_lora,8,natural_vqav2,model.layers.19.self_attn.q_proj,change_of_shared_adapter,0.16696280031596314,0.789495194325864,-0.061346138279049944,-0.06236635691166717,0.7330303778302696,0.8948772803653136
seq_lora,8,natural_vqav2,model.layers.19.self_attn.v_proj,change_of_shared_adapter,0.11050091600199508,0.3729098747723955,-0.19020805579420733,-0.09264674187596779,0.7446439532512654,0.9722428924681412
seq_lora,8,natural_vqav2,model.layers.20.self_attn.q_proj,change_of_shared_adapter,0.17185146609585694,0.750167473107496,0.02215760951353874,-0.08058807903385214,0.587750660440176,0.8611307248937995
seq_lora,8,natural_vqav2,model.layers.20.self_attn.v_proj,change_of_shared_adapter,0.07014034145394688,0.3369962476130355,-0.06468824269595871,-0.03728035051238577,0.42905616148802894,0.8193608001732087
seq_lora,8,natural_vqav2,model.layers.21.self_attn.q_proj,change_of_shared_adapter,0.16292524533134292,0.7274050889126102,0.014473357780988728,0.032476609557990796,0.5735146022687175,0.8455680444970204
seq_lora,8,natural_vqav2,model.layers.21.self_attn.v_proj,change_of_shared_adapter,0.07452124335365928,0.3388691864469414,-0.13420066614284254,-0.09300180339572127,0.5912649167970188,0.876005813008362
seq_lora,8,natural_vqav2,model.layers.22.self_attn.q_proj,change_of_shared_adapter,0.14880959193336146,0.6882396742309627,-0.06750692280123934,-0.013493964113420492,0.3429228629540201,0.7493404417358002
seq_lora,8,natural_vqav2,model.layers.22.self_attn.v_proj,change_of_shared_adapter,0.06731589991193769,0.33928366208886523,-0.07195147934842146,0.02777732424336766,0.7137989586867409,0.9128584457961777
seq_lora,8,natural_vqav2,model.layers.23.self_attn.q_proj,change_of_shared_adapter,0.16140798064156112,0.7924495061780154,-0.024946518329000803,-0.046491235198273535,0.4431053797902217,0.7992032111578123
seq_lora,8,natural_vqav2,model.layers.23.self_attn.v_proj,change_of_shared_adapter,0.0746404502813133,0.3376247541497145,-0.01785429937986259,-0.030546370517819024,0.5057764821867834,0.9010969593467039
seq_lora,8,natural_vqav2,model.layers.24.self_attn.q_proj,change_of_shared_adapter,0.15245543841013007,0.8048546299559367,0.022855889213340544,0.006837277691568783,0.3440739979048843,0.7058140124675065
seq_lora,8,natural_vqav2,model.layers.24.self_attn.v_proj,change_of_shared_adapter,0.07187047521070565,0.3286812626810822,-0.10723638347649714,-0.04973822036145484,0.5473805431172608,0.9003262867659031
seq_lora,8,natural_vqav2,model.layers.25.self_attn.q_proj,change_of_shared_adapter,0.15049923152895364,0.6697209294243409,0.031125447153513227,0.008719824369348482,0.4227497764022361,0.7643123091927168
seq_lora,8,natural_vqav2,model.layers.25.self_attn.v_proj,change_of_shared_adapter,0.0721498688659195,0.3780701937075062,-0.14297111556606745,-0.07748549787642511,0.7368997363103097,0.9456085780699698
seq_lora,8,natural_vqav2,model.layers.26.self_attn.q_proj,change_of_shared_adapter,0.1467955491321674,0.6630964804560334,-0.023132655932322544,0.0003705229983923919,0.37596963967483954,0.7317753673793033
seq_lora,8,natural_vqav2,model.layers.26.self_attn.v_proj,change_of_shared_adapter,0.06922514425841486,0.3470883604246127,-0.043879675788697496,0.05079706563652773,0.6530954024105781,0.8834059201057266
seq_lora,8,natural_vqav2,model.layers.27.self_attn.q_proj,change_of_shared_adapter,0.139647489048411,0.6442424128919307,-0.006820731957196894,-0.043993723753376957,0.3354381588280973,0.7676556417163073
seq_lora,8,natural_vqav2,model.layers.27.self_attn.v_proj,change_of_shared_adapter,0.07048376916071689,0.375158993884938,-0.08100552156821772,0.01929086785276288,0.66192281032793,0.8950801855768963
seq_lora,9,medical_vqa_rad,model.layers.0.self_attn.q_proj,change_of_shared_adapter,0.22233556862142217,0.682291161247899,-0.15088852157006127,-0.2262401242504471,0.6631091309774989,0.8874499534674563
seq_lora,9,medical_vqa_rad,model.layers.0.self_attn.v_proj,change_of_shared_adapter,0.0984266140767637,0.3040391682490304,-0.14294185058178288,-0.1806595673914127,0.5949369688001186,0.9150084898748757
seq_lora,9,medical_vqa_rad,model.layers.1.self_attn.q_proj,change_of_shared_adapter,0.2219109455808752,0.8304265710672519,-0.05894434719010278,-0.26944609820343346,0.6427471761292235,0.8852171742405079
seq_lora,9,medical_vqa_rad,model.layers.1.self_attn.v_proj,change_of_shared_adapter,0.10751111046449208,0.3587949948097263,-0.1276629525392329,-0.3192038648371758,0.6926824427726422,0.946803497415139
seq_lora,9,medical_vqa_rad,model.layers.2.self_attn.q_proj,change_of_shared_adapter,0.21104829305723574,0.7361095314662566,-0.12078857869270884,-0.25426412235765317,0.44329186382809344,0.8465486069539481
seq_lora,9,medical_vqa_rad,model.layers.2.self_attn.v_proj,change_of_shared_adapter,0.11158440962287622,0.3756685101538184,-0.07909872647414386,-0.24496009277779202,0.7899055027603886,0.9707011986683522
seq_lora,9,medical_vqa_rad,model.layers.3.self_attn.q_proj,change_of_shared_adapter,0.23986096063674464,0.812531717978301,-0.042875442110221554,-0.24559853365941411,0.7254810582494827,0.9057028159646948
seq_lora,9,medical_vqa_rad,model.layers.3.self_attn.v_proj,change_of_shared_adapter,0.1076239272012331,0.3989487938485797,-0.04229858552511065,-0.29662292788610056,0.7834007253557467,0.9730780244165306
seq_lora,9,medical_vqa_rad,model.layers.4.self_attn.q_proj,change_of_shared_adapter,0.22145505225566603,0.7323842481939832,-0.10902155102797459,-0.03659631186866478,0.38590485622194887,0.8567631560962361
seq_lora,9,medical_vqa_rad,model.layers.4.self_attn.v_proj,change_of_shared_adapter,0.11140841672643213,0.3798379866367395,-0.11546418273840467,-0.3251156502345532,0.7916580213594012,0.9755306596499453
seq_lora,9,medical_vqa_rad,model.layers.5.self_attn.q_proj,change_of_shared_adapter,0.21812574439871915,0.7282298510578166,-0.04294791236974,-0.1404655147854993,0.5884467608670731,0.867673354596231
seq_lora,9,medical_vqa_rad,model.layers.5.self_attn.v_proj,change_of_shared_adapter,0.10092698813582571,0.3478806759620719,-0.10182802001539756,-0.2223564128663625,0.7719938364259348,0.9677667180566074
seq_lora,9,medical_vqa_rad,model.layers.6.self_attn.q_proj,change_of_shared_adapter,0.2585473391771752,0.7592094047473229,0.0796598339038413,-0.039838077665626866,0.6005076604558988,0.9022329973485034
seq_lora,9,medical_vqa_rad,model.layers.6.self_attn.v_proj,change_of_shared_adapter,0.10310933922013649,0.3553026063459097,-0.05282066100289837,-0.26920937587443516,0.7131934558953257,0.9639233294668222
seq_lora,9,medical_vqa_rad,model.layers.7.self_attn.q_proj,change_of_shared_adapter,0.2239546864333933,0.6755016711732907,-0.04219376623688868,-0.05074037725297842,0.4389975260394936,0.8058548408062968
seq_lora,9,medical_vqa_rad,model.layers.7.self_attn.v_proj,change_of_shared_adapter,0.11482905033744376,0.3683853919691112,-0.17516375236412093,-0.3012208642982423,0.751135324807702,0.94865327603728
seq_lora,9,medical_vqa_rad,model.layers.8.self_attn.q_proj,change_of_shared_adapter,0.25269753980467374,0.7852047020758095,0.178371259470837,0.04185901271101676,0.6727946164991807,0.9392968449644136
seq_lora,9,medical_vqa_rad,model.layers.8.self_attn.v_proj,change_of_shared_adapter,0.09859524594832692,0.3067701421206356,-0.022434867001608207,-0.23922066862874827,0.37132834077882804,0.8530108460499828
seq_lora,9,medical_vqa_rad,model.layers.9.self_attn.q_proj,change_of_shared_adapter,0.22532931755427474,0.6889068097910832,-0.10762149286297543,-0.24152343385913663,0.6065795111693741,0.8301055209685427
seq_lora,9,medical_vqa_rad,model.layers.9.self_attn.v_proj,change_of_shared_adapter,0.09268976456855912,0.29555328997463315,-0.13761088729919752,-0.08088933125023287,0.5351830052702906,0.8594900475354921
seq_lora,9,medical_vqa_rad,model.layers.10.self_attn.q_proj,change_of_shared_adapter,0.2105882750734559,0.691383307841728,0.018596749118843584,-0.0979431663249471,0.5449590463709663,0.832696185020371
seq_lora,9,medical_vqa_rad,model.layers.10.self_attn.v_proj,change_of_shared_adapter,0.09622979292954947,0.3259276415407699,-0.08948300535054704,-0.06652639590668363,0.44022143227357097,0.8571501234217654
seq_lora,9,medical_vqa_rad,model.layers.11.self_attn.q_proj,change_of_shared_adapter,0.22181663387405307,0.8064625041064932,-0.0768343375692934,-0.15727472451378727,0.5504785830318153,0.8603826158623591
seq_lora,9,medical_vqa_rad,model.layers.11.self_attn.v_proj,change_of_shared_adapter,0.10261856071945519,0.33935361086564825,-0.016915783097003624,-0.18795277194611107,0.7272072720976107,0.9267018226840403
seq_lora,9,medical_vqa_rad,model.layers.12.self_attn.q_proj,change_of_shared_adapter,0.2131637530145509,0.7007869775538681,-0.06873934407542313,-0.1987545330715466,0.5021214649387405,0.8582154196608979
seq_lora,9,medical_vqa_rad,model.layers.12.self_attn.v_proj,change_of_shared_adapter,0.10623152552346238,0.35465114742061,-0.0605043282400397,-0.22254526642840805,0.5724120578629073,0.9211740849762596
seq_lora,9,medical_vqa_rad,model.layers.13.self_attn.q_proj,change_of_shared_adapter,0.22727827911873236,0.7558440635860459,-0.1130770574178719,-0.1123928169320517,0.5674482603872905,0.8580428091344251
seq_lora,9,medical_vqa_rad,model.layers.13.self_attn.v_proj,change_of_shared_adapter,0.11120375546796016,0.3489761780225558,-0.15275068284842477,-0.29082654616077186,0.6608068743026163,0.9185980815205494
seq_lora,9,medical_vqa_rad,model.layers.14.self_attn.q_proj,change_of_shared_adapter,0.23358735822952326,0.7256176388392107,-0.1417272349292635,-0.21906088956260517,0.6787918370776624,0.89641788833141
seq_lora,9,medical_vqa_rad,model.layers.14.self_attn.v_proj,change_of_shared_adapter,0.10918028068938786,0.3511402996499887,-0.18948888122885943,-0.29447817180402486,0.6771366398022113,0.9458696946962825
seq_lora,9,medical_vqa_rad,model.layers.15.self_attn.q_proj,change_of_shared_adapter,0.28410414175010684,0.8237257677757576,-0.18452374676225894,-0.37470718390503116,0.7898352314893524,0.9788132713777805
seq_lora,9,medical_vqa_rad,model.layers.15.self_attn.v_proj,change_of_shared_adapter,0.12712387988261983,0.3762771624972129,-0.21472455063577156,-0.5022253938219062,0.7496291668084433,0.9684335047077085
seq_lora,9,medical_vqa_rad,model.layers.16.self_attn.q_proj,change_of_shared_adapter,0.23871697562682523,0.7294437162581469,-0.008116570903502212,-0.3486818720136011,0.7207282430617158,0.906501485461039
seq_lora,9,medical_vqa_rad,model.layers.16.self_attn.v_proj,change_of_shared_adapter,0.1342573989112234,0.3598083869600636,-0.13198536932824861,-0.32386792259488767,0.6821228146568175,0.9536009393330399
seq_lora,9,medical_vqa_rad,model.layers.17.self_attn.q_proj,change_of_shared_adapter,0.24818423395965553,0.7912154583672366,-0.13447394028382142,-0.2270330102898427,0.8082845741796537,0.9741930834736884
seq_lora,9,medical_vqa_rad,model.layers.17.self_attn.v_proj,change_of_shared_adapter,0.10945045420816149,0.37780515342723575,-0.2873502281847406,-0.45793595803432535,0.6813968498664651,0.9268275525488795
seq_lora,9,medical_vqa_rad,model.layers.18.self_attn.q_proj,change_of_shared_adapter,0.23670023866600368,0.8080295912421874,-0.15759171503871688,-0.23493161863564974,0.6438261888416463,0.8754528980824046
seq_lora,9,medical_vqa_rad,model.layers.18.self_attn.v_proj,change_of_shared_adapter,0.11110760953161032,0.38318501629364965,-0.009976144282420591,-0.28708618463291136,0.7285957966030548,0.9579884868347718
seq_lora,9,medical_vqa_rad,model.layers.19.self_attn.q_proj,change_of_shared_adapter,0.22579098142203224,0.7968728839182329,0.0322895462298957,-0.13611075129673658,0.8108506305398577,0.955764983491472
seq_lora,9,medical_vqa_rad,model.layers.19.self_attn.v_proj,change_of_shared_adapter,0.1213696660203919,0.3682342529344123,-0.0816589887722459,-0.34031491149928955,0.6950558881295235,0.9682441360048899
seq_lora,9,medical_vqa_rad,model.layers.20.self_attn.q_proj,change_of_shared_adapter,0.1903009424970312,0.7733027647965719,-0.03753742479510589,0.016645655257051584,0.5399749395844681,0.8611175429786613
seq_lora,9,medical_vqa_rad,model.layers.20.self_attn.v_proj,change_of_shared_adapter,0.10286754987875944,0.33974705634529506,-0.05640624867363722,-0.12241437205182272,0.6021256000132414,0.9238821561476469
seq_lora,9,medical_vqa_rad,model.layers.21.self_attn.q_proj,change_of_shared_adapter,0.20413346957127815,0.7477254516107996,-0.03214160121052263,0.0058679925953864735,0.7503191464264517,0.938387954230658
seq_lora,9,medical_vqa_rad,model.layers.21.self_attn.v_proj,change_of_shared_adapter,0.09126561948217321,0.3370575840650673,-0.07409536014006261,-0.17997010901531368,0.6691402426796392,0.9633447925361316
seq_lora,9,medical_vqa_rad,model.layers.22.self_attn.q_proj,change_of_shared_adapter,0.1870928552155035,0.6942553392170667,0.07519722398104024,0.021166449240185313,0.6543796594995291,0.8833784543522498
seq_lora,9,medical_vqa_rad,model.layers.22.self_attn.v_proj,change_of_shared_adapter,0.09598163746950752,0.3411131886046897,-0.15295336659238917,-0.24258757741746492,0.8499092727606934,0.9789195582473528
seq_lora,9,medical_vqa_rad,model.layers.23.self_attn.q_proj,change_of_shared_adapter,0.22557161227311837,0.8047652165453439,0.03535927870434061,-0.08157743155857598,0.8471512259115405,0.958756925936717
seq_lora,9,medical_vqa_rad,model.layers.23.self_attn.v_proj,change_of_shared_adapter,0.10805788292048804,0.3444732183884436,-0.03776872325354515,-0.2779199955383339,0.763967924185493,0.9667249463765765
seq_lora,9,medical_vqa_rad,model.layers.24.self_attn.q_proj,change_of_shared_adapter,0.22955028885619014,0.822582929192975,0.08670712915167805,-0.008076763284537285,0.7078909984557672,0.9171194945134504
seq_lora,9,medical_vqa_rad,model.layers.24.self_attn.v_proj,change_of_shared_adapter,0.10001177503349215,0.32883181006330214,0.04320037610620219,-0.2114925365528539,0.7160492362842706,0.9549899581085352
seq_lora,9,medical_vqa_rad,model.layers.25.self_attn.q_proj,change_of_shared_adapter,0.18413614126982583,0.6909779767431149,-0.06649107567238291,0.037149536835131086,0.572179597909718,0.8533216155495063
seq_lora,9,medical_vqa_rad,model.layers.25.self_attn.v_proj,change_of_shared_adapter,0.10004969480969603,0.374623576793091,-0.1692861687491613,-0.030454564473667792,0.8224017312725849,0.9825118602229264
seq_lora,9,medical_vqa_rad,model.layers.26.self_attn.q_proj,change_of_shared_adapter,0.18566397692423828,0.6758272176624238,0.06067952264218281,-0.027111826989946453,0.4630360127229989,0.8448860337687822
seq_lora,9,medical_vqa_rad,model.layers.26.self_attn.v_proj,change_of_shared_adapter,0.09663274901305687,0.35093280749661554,0.009036279620438807,-0.11394240092572187,0.8687570008981865,0.9791005691164432
seq_lora,9,medical_vqa_rad,model.layers.27.self_attn.q_proj,change_of_shared_adapter,0.17005699127971283,0.6582723056829306,-0.048854397786550444,-0.07259636107541874,0.42763251971272964,0.860737876546852
seq_lora,9,medical_vqa_rad,model.layers.27.self_attn.v_proj,change_of_shared_adapter,0.09141339148807098,0.37606945631197586,-0.15320268907333504,-0.21840420292604393,0.748230267990566,0.9589584440771272
migu_lora,1,task1290_xsum_summarization,model.layers.0.self_attn.q_proj,change_of_shared_adapter,0.3335112225309432,0.0,,,0.5947980668089944,0.8831925552680001
migu_lora,1,task1290_xsum_summarization,model.layers.0.self_attn.v_proj,change_of_shared_adapter,0.1407240094087605,0.0,,,0.42177687830696414,0.8570339769815805
migu_lora,1,task1290_xsum_summarization,model.layers.1.self_attn.q_proj,change_of_shared_adapter,0.33866073802752833,0.0,,,0.45003471667186046,0.8686676207143735
migu_lora,1,task1290_xsum_summarization,model.layers.1.self_attn.v_proj,change_of_shared_adapter,0.15300734918024722,0.0,,,0.5564649354916186,0.9007454361564345
migu_lora,1,task1290_xsum_summarization,model.layers.2.self_attn.q_proj,change_of_shared_adapter,0.32818717941465586,0.0,,,0.37051725957313325,0.823258486662377
migu_lora,1,task1290_xsum_summarization,model.layers.2.self_attn.v_proj,change_of_shared_adapter,0.1643964360646048,0.0,,,0.6711492316387384,0.94982171083767
migu_lora,1,task1290_xsum_summarization,model.layers.3.self_attn.q_proj,change_of_shared_adapter,0.3412762294431605,0.0,,,0.5150527809890711,0.8718485982292109
migu_lora,1,task1290_xsum_summarization,model.layers.3.self_attn.v_proj,change_of_shared_adapter,0.16885220744278776,0.0,,,0.5929240643996365,0.9515069605060649
migu_lora,1,task1290_xsum_summarization,model.layers.4.self_attn.q_proj,change_of_shared_adapter,0.31312937071061187,0.0,,,0.5017835942006001,0.8891737985121739
migu_lora,1,task1290_xsum_summarization,model.layers.4.self_attn.v_proj,change_of_shared_adapter,0.17320026346532208,0.0,,,0.7167302176456257,0.9432674334577171
migu_lora,1,task1290_xsum_summarization,model.layers.5.self_attn.q_proj,change_of_shared_adapter,0.28300190453641355,0.0,,,0.46543649399918013,0.8573786849954187
migu_lora,1,task1290_xsum_summarization,model.layers.5.self_attn.v_proj,change_of_shared_adapter,0.15006242355267876,0.0,,,0.4525934800190225,0.8843776952959117
migu_lora,1,task1290_xsum_summarization,model.layers.6.self_attn.q_proj,change_of_shared_adapter,0.3302143377038862,0.0,,,0.5083874363304066,0.8927202063660356
migu_lora,1,task1290_xsum_summarization,model.layers.6.self_attn.v_proj,change_of_shared_adapter,0.1668448968565403,0.0,,,0.7080431126623897,0.9512905836373956
migu_lora,1,task1290_xsum_summarization,model.layers.7.self_attn.q_proj,change_of_shared_adapter,0.2957894103779359,0.0,,,0.5668829264490959,0.8818153849926452
migu_lora,1,task1290_xsum_summarization,model.layers.7.self_attn.v_proj,change_of_shared_adapter,0.16108280840706182,0.0,,,0.6924570055333766,0.9256527773823834
migu_lora,1,task1290_xsum_summarization,model.layers.8.self_attn.q_proj,change_of_shared_adapter,0.2833234395677262,0.0,,,0.5033861508103985,0.8840725205491614
migu_lora,1,task1290_xsum_summarization,model.layers.8.self_attn.v_proj,change_of_shared_adapter,0.14057330545016766,0.0,,,0.4940109791734778,0.8969878045436471
migu_lora,1,task1290_xsum_summarization,model.layers.9.self_attn.q_proj,change_of_shared_adapter,0.2510871119713926,0.0,,,0.5737163112741163,0.8712234884131586
migu_lora,1,task1290_xsum_summarization,model.layers.9.self_attn.v_proj,change_of_shared_adapter,0.1277049822895843,0.0,,,0.40489908629104354,0.895593205780366
migu_lora,1,task1290_xsum_summarization,model.layers.10.self_attn.q_proj,change_of_shared_adapter,0.2943450028756985,0.0,,,0.42823782133820404,0.904758569970675
migu_lora,1,task1290_xsum_summarization,model.layers.10.self_attn.v_proj,change_of_shared_adapter,0.15355086344665578,0.0,,,0.5144909954905109,0.9283955933238642
migu_lora,1,task1290_xsum_summarization,model.layers.11.self_attn.q_proj,change_of_shared_adapter,0.31067509949101557,0.0,,,0.5749482235691161,0.8995447628711106
migu_lora,1,task1290_xsum_summarization,model.layers.11.self_attn.v_proj,change_of_shared_adapter,0.15525990066762793,0.0,,,0.48097106932090944,0.9215305431850038
migu_lora,1,task1290_xsum_summarization,model.layers.12.self_attn.q_proj,change_of_shared_adapter,0.32540901022719954,0.0,,,0.6988030407584335,0.9275038084814682
migu_lora,1,task1290_xsum_summarization,model.layers.12.self_attn.v_proj,change_of_shared_adapter,0.15545687556956608,0.0,,,0.6323840810147466,0.9310941498955322
migu_lora,1,task1290_xsum_summarization,model.layers.13.self_attn.q_proj,change_of_shared_adapter,0.3159806522745133,0.0,,,0.6587681842388545,0.919177432742118
migu_lora,1,task1290_xsum_summarization,model.layers.13.self_attn.v_proj,change_of_shared_adapter,0.15190466282757747,0.0,,,0.6385931308305635,0.9292737678121006
migu_lora,1,task1290_xsum_summarization,model.layers.14.self_attn.q_proj,change_of_shared_adapter,0.21797763911830256,0.0,,,0.4058651694706515,0.8609040822277132
migu_lora,1,task1290_xsum_summarization,model.layers.14.self_attn.v_proj,change_of_shared_adapter,0.14457879205129662,0.0,,,0.4506452666924896,0.9540624689571995
migu_lora,1,task1290_xsum_summarization,model.layers.15.self_attn.q_proj,change_of_shared_adapter,0.32012721749132217,0.0,,,0.8799667927339933,0.9644071254626101
migu_lora,1,task1290_xsum_summarization,model.layers.15.self_attn.v_proj,change_of_shared_adapter,0.16585984581452853,0.0,,,0.5569130154918408,0.9627673412696797
migu_lora,1,task1290_xsum_summarization,model.layers.16.self_attn.q_proj,change_of_shared_adapter,0.2485031475421025,0.0,,,0.7554964051058933,0.9176145881196003
migu_lora,1,task1290_xsum_summarization,model.layers.16.self_attn.v_proj,change_of_shared_adapter,0.15312302218607013,0.0,,,0.706478170817164,0.9501617152656585
migu_lora,1,task1290_xsum_summarization,model.layers.17.self_attn.q_proj,change_of_shared_adapter,0.2328064547603382,0.0,,,0.6652122598810744,0.9016468656654715
migu_lora,1,task1290_xsum_summarization,model.layers.17.self_attn.v_proj,change_of_shared_adapter,0.14167572543227194,0.0,,,0.651059463552362,0.9708779783257784
migu_lora,1,task1290_xsum_summarization,model.layers.18.self_attn.q_proj,change_of_shared_adapter,0.2018118274775102,0.0,,,0.35537959419947385,0.8236167872947128
migu_lora,1,task1290_xsum_summarization,model.layers.18.self_attn.v_proj,change_of_shared_adapter,0.14078268131078722,0.0,,,0.8126889388140262,0.9675328899148647
migu_lora,1,task1290_xsum_summarization,model.layers.19.self_attn.q_proj,change_of_shared_adapter,0.1945532482750674,0.0,,,0.5375286154528786,0.8400965137624383
migu_lora,1,task1290_xsum_summarization,model.layers.19.self_attn.v_proj,change_of_shared_adapter,0.1365077111746018,0.0,,,0.6578780541288108,0.9404418473192087
migu_lora,1,task1290_xsum_summarization,model.layers.20.self_attn.q_proj,change_of_shared_adapter,0.23089536745291134,0.0,,,0.6827781098355098,0.8862269517807888
migu_lora,1,task1290_xsum_summarization,model.layers.20.self_attn.v_proj,change_of_shared_adapter,0.15948926238914568,0.0,,,0.8850991393954845,0.9728871477610217
migu_lora,1,task1290_xsum_summarization,model.layers.21.self_attn.q_proj,change_of_shared_adapter,0.20370028325047942,0.0,,,0.502292636081937,0.8494349483379872
migu_lora,1,task1290_xsum_summarization,model.layers.21.self_attn.v_proj,change_of_shared_adapter,0.10330601276369498,0.0,,,0.39834914824345086,0.893366018858482
migu_lora,1,task1290_xsum_summarization,model.layers.22.self_attn.q_proj,change_of_shared_adapter,0.187714139550244,0.0,,,0.5561095158679802,0.8420006127769448
migu_lora,1,task1290_xsum_summarization,model.layers.22.self_attn.v_proj,change_of_shared_adapter,0.09221945667554587,0.0,,,0.47960294326262926,0.9311962671465653
migu_lora,1,task1290_xsum_summarization,model.layers.23.self_attn.q_proj,change_of_shared_adapter,0.20766627159718754,0.0,,,0.6429834452140372,0.8854026208422516
migu_lora,1,task1290_xsum_summarization,model.layers.23.self_attn.v_proj,change_of_shared_adapter,0.1059792484195004,0.0,,,0.6802621488146988,0.9411578345248081
migu_lora,1,task1290_xsum_summarization,model.layers.24.self_attn.q_proj,change_of_shared_adapter,0.16362368285082965,0.0,,,0.37912256940399985,0.7367664884933569
migu_lora,1,task1290_xsum_summarization,model.layers.24.self_attn.v_proj,change_of_shared_adapter,0.09740115497067672,0.0,,,0.54947910957637,0.9067193114834226
migu_lora,1,task1290_xsum_summarization,model.layers.25.self_attn.q_proj,change_of_shared_adapter,0.1559003931680829,0.0,,,0.31425020351295213,0.7138875135177004
migu_lora,1,task1290_xsum_summarization,model.layers.25.self_attn.v_proj,change_of_shared_adapter,0.10458144254986215,0.0,,,0.6143380210634322,0.9388882351683948
migu_lora,1,task1290_xsum_summarization,model.layers.26.self_attn.q_proj,change_of_shared_adapter,0.19393328996488263,0.0,,,0.5848270182976193,0.8262119236373895
migu_lora,1,task1290_xsum_summarization,model.layers.26.self_attn.v_proj,change_of_shared_adapter,0.07659755522315062,0.0,,,0.5716969168533206,0.8565173184091626
migu_lora,1,task1290_xsum_summarization,model.layers.27.self_attn.q_proj,change_of_shared_adapter,0.23860479455697325,0.0,,,0.6884465068189825,0.9069887029050947
migu_lora,1,task1290_xsum_summarization,model.layers.27.self_attn.v_proj,change_of_shared_adapter,0.08646752678856222,0.0,,,0.5149565766353144,0.894660246029718
migu_lora,2,task002_quoref_answer_generation,model.layers.0.self_attn.q_proj,change_of_shared_adapter,0.18213891409923888,0.3335112225309433,0.06190914572480631,0.061909145724806325,0.71726085413809,0.9412554717459294
migu_lora,2,task002_quoref_answer_generation,model.layers.0.self_attn.v_proj,change_of_shared_adapter,0.09727852030063461,0.14072400940876056,0.018470708454209353,0.018470708454209357,0.5399601401167206,0.9192086458017096
migu_lora,2,task002_quoref_answer_generation,model.layers.1.self_attn.q_proj,change_of_shared_adapter,0.21924490460968216,0.33866073802752844,0.0753980716612738,0.07539807166127384,0.5466892726417028,0.8808106145624076
migu_lora,2,task002_quoref_answer_generation,model.layers.1.self_attn.v_proj,change_of_shared_adapter,0.09638472971063995,0.15300734918024725,0.0006423184510226112,0.000642318451022569,0.7874687402368192,0.9446422383383216
migu_lora,2,task002_quoref_answer_generation,model.layers.2.self_attn.q_proj,change_of_shared_adapter,0.20814708062692533,0.32818717941465597,0.06924439847040738,0.06924439847040742,0.45666346173093525,0.8622458310897962
migu_lora,2,task002_quoref_answer_generation,model.layers.2.self_attn.v_proj,change_of_shared_adapter,0.09375207996257061,0.16439643606460483,0.15629452304694058,0.1562945230469406,0.733786788425069,0.9484188718535769
migu_lora,2,task002_quoref_answer_generation,model.layers.3.self_attn.q_proj,change_of_shared_adapter,0.21283151052453164,0.34127622944316055,0.08769599255192176,0.08769599255192174,0.5278064381882913,0.8609360540640396
migu_lora,2,task002_quoref_answer_generation,model.layers.3.self_attn.v_proj,change_of_shared_adapter,0.09699754010887136,0.1688522074427878,0.0417861902798614,0.04178619027986141,0.8383826592426309,0.9664215832157417
migu_lora,2,task002_quoref_answer_generation,model.layers.4.self_attn.q_proj,change_of_shared_adapter,0.20814627201277885,0.313129370710612,-0.017347047095060606,-0.017347047095060658,0.4653670658174655,0.8937547913980411
migu_lora,2,task002_quoref_answer_generation,model.layers.4.self_attn.v_proj,change_of_shared_adapter,0.09278549430915706,0.17320026346532214,-0.0002627559563771638,-0.00026275595637712174,0.8505459240226093,0.9746595087209543
migu_lora,2,task002_quoref_answer_generation,model.layers.5.self_attn.q_proj,change_of_shared_adapter,0.20859006296758037,0.2830019045364136,-0.05658398205380528,-0.05658398205380533,0.5190430871661333,0.849206995023721
migu_lora,2,task002_quoref_answer_generation,model.layers.5.self_attn.v_proj,change_of_shared_adapter,0.08980874203251692,0.15006242355267882,-0.077331152566764,-0.07733115256676401,0.5579606292027639,0.9439804529893928
migu_lora,2,task002_quoref_answer_generation,model.layers.6.self_attn.q_proj,change_of_shared_adapter,0.21790795000985144,0.3302143377038863,-0.12094580109634019,-0.12094580109634016,0.7296671728246026,0.949647764733819
migu_lora,2,task002_quoref_answer_generation,model.layers.6.self_attn.v_proj,change_of_shared_adapter,0.10769367923848563,0.16684489685654036,-0.001333007472079591,-0.0013330074720796822,0.8598420376790856,0.9713634082264786
migu_lora,2,task002_quoref_answer_generation,model.layers.7.self_attn.q_proj,change_of_shared_adapter,0.2149640420443607,0.295789410377936,-0.015495835373212084,-0.015495835373212134,0.6756178896883396,0.9385700159675151
migu_lora,2,task002_quoref_answer_generation,model.layers.7.self_attn.v_proj,change_of_shared_adapter,0.10008281671824425,0.16108280840706185,0.03548342850469658,0.03548342850469653,0.8949136187496608,0.9648136236132262
migu_lora,2,task002_quoref_answer_generation,model.layers.8.self_attn.q_proj,change_of_shared_adapter,0.2161432010486462,0.2833234395677263,-0.07393848568040513,-0.07393848568040526,0.6904908190961867,0.919931520456038
migu_lora,2,task002_quoref_answer_generation,model.layers.8.self_attn.v_proj,change_of_shared_adapter,0.09184023515522738,0.1405733054501677,-0.04030260228907385,-0.04030260228907396,0.6767798174404254,0.9472535163236474
migu_lora,2,task002_quoref_answer_generation,model.layers.9.self_attn.q_proj,change_of_shared_adapter,0.16630565638399628,0.25108711197139266,0.028841118895397557,0.0288411188953978,0.5378505728204012,0.8990077892471472
migu_lora,2,task002_quoref_answer_generation,model.layers.9.self_attn.v_proj,change_of_shared_adapter,0.081113054834811,0.12770498228958432,0.002270600308377226,0.0022706003083772116,0.47332670175477587,0.906632616968625
migu_lora,2,task002_quoref_answer_generation,model.layers.10.self_attn.q_proj,change_of_shared_adapter,0.19319577168667953,0.29434500287569854,-0.02777976042425792,-0.02777976042425796,0.5843336069517169,0.9093403021166485
migu_lora,2,task002_quoref_answer_generation,model.layers.10.self_attn.v_proj,change_of_shared_adapter,0.08604174280349844,0.1535508634466558,0.03341399382804058,0.03341399382804059,0.5076473148775591,0.9038596795528697
migu_lora,2,task002_quoref_answer_generation,model.layers.11.self_attn.q_proj,change_of_shared_adapter,0.19775067219941592,0.3106750994910157,0.02908393395917971,0.02908393395917968,0.6345491262057013,0.9184715101708467
migu_lora,2,task002_quoref_answer_generation,model.layers.11.self_attn.v_proj,change_of_shared_adapter,0.08981980258747697,0.15525990066762796,-0.021397920550572935,-0.02139792055057296,0.5718585057520241,0.940853641245231
migu_lora,2,task002_quoref_answer_generation,model.layers.12.self_attn.q_proj,change_of_shared_adapter,0.21640098034873217,0.3254090102271997,0.07605876178380706,0.07605876178380712,0.8376914024618228,0.9597720540234558
migu_lora,2,task002_quoref_answer_generation,model.layers.12.self_attn.v_proj,change_of_shared_adapter,0.09047060212622712,0.15545687556956614,0.014888433391791413,0.014888433391791446,0.585431051548308,0.9146692908967856
migu_lora,2,task002_quoref_answer_generation,model.layers.13.self_attn.q_proj,change_of_shared_adapter,0.2152392494427224,0.3159806522745134,0.01721010799204261,0.01721010799204259,0.8022789257567033,0.9424397432637627
migu_lora,2,task002_quoref_answer_generation,model.layers.13.self_attn.v_proj,change_of_shared_adapter,0.09526313529335578,0.15190466282757753,-9.096834666119518e-05,-9.09683466612767e-05,0.7754047885844011,0.9593499529955385
migu_lora,2,task002_quoref_answer_generation,model.layers.14.self_attn.q_proj,change_of_shared_adapter,0.19743320557671953,0.21797763911830265,0.03887811772299683,0.03887811772299687,0.7736692182319886,0.938068208887454
migu_lora,2,task002_quoref_answer_generation,model.layers.14.self_attn.v_proj,change_of_shared_adapter,0.08819533061682062,0.14457879205129667,-0.010231434235493967,-0.010231434235493901,0.4205896936854431,0.9146486855978572
migu_lora,2,task002_quoref_answer_generation,model.layers.15.self_attn.q_proj,change_of_shared_adapter,0.22835501120106572,0.32012721749132234,-0.05628036673981621,-0.056280366739816276,0.7857069183613203,0.9614257499734514
migu_lora,2,task002_quoref_answer_generation,model.layers.15.self_attn.v_proj,change_of_shared_adapter,0.10518758065185273,0.1658598458145286,0.03660906870511715,0.03660906870511709,0.5517269102875815,0.9403618724207177
migu_lora,2,task002_quoref_answer_generation,model.layers.16.self_attn.q_proj,change_of_shared_adapter,0.1981923964563764,0.24850314754210256,0.04872760207129885,0.04872760207129897,0.6949426334325515,0.9353214693892444
migu_lora,2,task002_quoref_answer_generation,model.layers.16.self_attn.v_proj,change_of_shared_adapter,0.11449662615991725,0.15312302218607016,0.10164821686737237,0.10164821686737244,0.8095465706637197,0.959995438033974
migu_lora,2,task002_quoref_answer_generation,model.layers.17.self_attn.q_proj,change_of_shared_adapter,0.21468885060416978,0.2328064547603383,0.11763044452225267,0.11763044452225264,0.8391759608467194,0.9558396158474853
migu_lora,2,task002_quoref_answer_generation,model.layers.17.self_attn.v_proj,change_of_shared_adapter,0.10063642888180395,0.141675725432272,0.022186171898666077,0.02218617189866608,0.5968976495040632,0.9417145463721117
migu_lora,2,task002_quoref_answer_generation,model.layers.18.self_attn.q_proj,change_of_shared_adapter,0.198942754881504,0.20181182747751025,-0.020320812596825125,-0.02032081259682511,0.6442567656702126,0.9249769608357845
migu_lora,2,task002_quoref_answer_generation,model.layers.18.self_attn.v_proj,change_of_shared_adapter,0.12181121286652288,0.14078268131078725,0.10147989415600078,0.10147989415600085,0.8304854329897045,0.9730174272063765
migu_lora,2,task002_quoref_answer_generation,model.layers.19.self_attn.q_proj,change_of_shared_adapter,0.18592131873151402,0.19455324827506748,0.017017053400282558,0.017017053400282586,0.6161688405677846,0.9061699590718952
migu_lora,2,task002_quoref_answer_generation,model.layers.19.self_attn.v_proj,change_of_shared_adapter,0.13201109436174138,0.13650771117460186,0.03697152538967599,0.03697152538967599,0.8864747572742566,0.9842516672137878
migu_lora,2,task002_quoref_answer_generation,model.layers.20.self_attn.q_proj,change_of_shared_adapter,0.16635770782922513,0.23089536745291142,0.026026339726196803,0.026026339726196834,0.7286359937267263,0.9284537502527
migu_lora,2,task002_quoref_answer_generation,model.layers.20.self_attn.v_proj,change_of_shared_adapter,0.10799114729514767,0.1594892623891457,0.1175077752723954,0.11750777527239528,0.8647089590316805,0.982145873024993
migu_lora,2,task002_quoref_answer_generation,model.layers.21.self_attn.q_proj,change_of_shared_adapter,0.15704013122134078,0.2037002832504795,-0.08791483573753868,-0.0879148357375387,0.43238791072166527,0.9157072072171653
migu_lora,2,task002_quoref_answer_generation,model.layers.21.self_attn.v_proj,change_of_shared_adapter,0.07732336558361683,0.10330601276369501,-0.1791830786448674,-0.17918307864486746,0.5661492918477445,0.9540855523625965
migu_lora,2,task002_quoref_answer_generation,model.layers.22.self_attn.q_proj,change_of_shared_adapter,0.14677258489159806,0.18771413955024405,-0.029447624827226786,-0.029447624827226772,0.4941739942319926,0.9343027961751338
migu_lora,2,task002_quoref_answer_generation,model.layers.22.self_attn.v_proj,change_of_shared_adapter,0.08204853454090398,0.09221945667554592,0.025158210506026627,0.025158210506026655,0.5951585399491093,0.9443446346804637
migu_lora,2,task002_quoref_answer_generation,model.layers.23.self_attn.q_proj,change_of_shared_adapter,0.2028060898438196,0.2076662715971876,0.0058869950045287184,0.005886995004528742,0.7531441112164791,0.9523640953349997
migu_lora,2,task002_quoref_answer_generation,model.layers.23.self_attn.v_proj,change_of_shared_adapter,0.0915019092890989,0.10597924841950045,-0.08898529285037415,-0.08898529285037413,0.7549115764699039,0.9533351620474887
migu_lora,2,task002_quoref_answer_generation,model.layers.24.self_attn.q_proj,change_of_shared_adapter,0.22403487292907928,0.1636236828508297,-0.03692644576294442,-0.03692644576294443,0.8792560333922393,0.9725845137291851
migu_lora,2,task002_quoref_answer_generation,model.layers.24.self_attn.v_proj,change_of_shared_adapter,0.10113025923001677,0.09740115497067676,-0.06006690786770181,-0.06006690786770183,0.7572204331396164,0.9693759279650401
migu_lora,2,task002_quoref_answer_generation,model.layers.25.self_attn.q_proj,change_of_shared_adapter,0.16321563886971918,0.15590039316808296,-0.03695957699299365,-0.03695957699299364,0.7349880059071415,0.9360352950745954
migu_lora,2,task002_quoref_answer_generation,model.layers.25.self_attn.v_proj,change_of_shared_adapter,0.09885241508887253,0.10458144254986218,-0.18204823699330105,-0.182048236993301,0.6112854264574443,0.9404547757884354
migu_lora,2,task002_quoref_answer_generation,model.layers.26.self_attn.q_proj,change_of_shared_adapter,0.15727498513739713,0.1939332899648827,-0.1338075339773816,-0.13380753397738163,0.6515489356288026,0.9335820700993278
migu_lora,2,task002_quoref_answer_generation,model.layers.26.self_attn.v_proj,change_of_shared_adapter,0.09261303668148489,0.07659755522315063,-0.17519903148383587,-0.17519903148383595,0.6679537830010629,0.9563540719790588
migu_lora,2,task002_quoref_answer_generation,model.layers.27.self_attn.q_proj,change_of_shared_adapter,0.1904930683961772,0.23860479455697334,-0.31809292193329897,-0.3180929219332991,0.8887042753871658,0.9700010189989446
migu_lora,2,task002_quoref_answer_generation,model.layers.27.self_attn.v_proj,change_of_shared_adapter,0.09159462520836084,0.08646752678856225,-0.1467503838279485,-0.14675038382794853,0.6230955802015173,0.9281659339744311
migu_lora,3,task1510_evalution_relation_extraction,model.layers.0.self_attn.q_proj,change_of_shared_adapter,0.21467615181555844,0.38977648434315754,-0.01537522500927126,-0.019622385322187737,0.7286008048705083,0.941129058140525
migu_lora,3,task1510_evalution_relation_extraction,model.layers.0.self_attn.v_proj,change_of_shared_adapter,0.08751476815885292,0.17254583168896584,0.0024169083826325443,0.07854123544913251,0.4420142114829191,0.8720600398686148
migu_lora,3,task1510_evalution_relation_extraction,model.layers.1.self_attn.q_proj,change_of_shared_adapter,0.20842936248189575,0.4170803078728225,0.007132908706437029,0.05584713091514059,0.5744951887221147,0.8953195164346788
migu_lora,3,task1510_evalution_relation_extraction,model.layers.1.self_attn.v_proj,change_of_shared_adapter,0.08302772954453304,0.1808872861750071,-0.14463779542788177,-0.16596809979207156,0.6762354128625737,0.9356257588621587
migu_lora,3,task1510_evalution_relation_extraction,model.layers.2.self_attn.q_proj,change_of_shared_adapter,0.21581320089007566,0.40061498757219843,-0.03644271198896465,-0.05534688527959773,0.37981331589119977,0.8098299715250367
migu_lora,3,task1510_evalution_relation_extraction,model.layers.2.self_attn.v_proj,change_of_shared_adapter,0.09105004188816287,0.20157733455242668,-0.14978256145472374,-0.08953842303274237,0.7412383805657412,0.9373593851957578
migu_lora,3,task1510_evalution_relation_extraction,model.layers.3.self_attn.q_proj,change_of_shared_adapter,0.24796681609618024,0.41773938877109085,0.08445950421877162,0.1358425945512436,0.4419981909814796,0.8433319698738452
migu_lora,3,task1510_evalution_relation_extraction,model.layers.3.self_attn.v_proj,change_of_shared_adapter,0.07923073873348965,0.19821291578520583,0.05684028442925312,0.09161424084509576,0.7267135940097237,0.9350938851364664
migu_lora,3,task1510_evalution_relation_extraction,model.layers.4.self_attn.q_proj,change_of_shared_adapter,0.22707651288982653,0.3729793913851922,-0.04686592303247572,0.05438444145965409,0.46955510122974514,0.8795196650575563
migu_lora,3,task1510_evalution_relation_extraction,model.layers.4.self_attn.v_proj,change_of_shared_adapter,0.10205139479407536,0.19646636860832045,-0.10418146672628176,0.031478670281967165,0.8578848429638726,0.9606639173741401
migu_lora,3,task1510_evalution_relation_extraction,model.layers.5.self_attn.q_proj,change_of_shared_adapter,0.2318664579640864,0.3419348339541999,-0.009571209465456228,0.06097299083445714,0.316560350824874,0.7984617749096267
migu_lora,3,task1510_evalution_relation_extraction,model.layers.5.self_attn.v_proj,change_of_shared_adapter,0.10133908224177565,0.16881934126025638,-0.03263031817768376,-0.042203723203103026,0.5595601892365452,0.9242597609330577
migu_lora,3,task1510_evalution_relation_extraction,model.layers.6.self_attn.q_proj,change_of_shared_adapter,0.23420077334758108,0.3729876026062473,0.07006162372520004,0.15678957406740945,0.5981208409094223,0.9002888917236155
migu_lora,3,task1510_evalution_relation_extraction,model.layers.6.self_attn.v_proj,change_of_shared_adapter,0.11554536192147992,0.1984621999855073,-0.04572552924501042,-0.059186677607717356,0.8306208731357997,0.955237252818835
migu_lora,3,task1510_evalution_relation_extraction,model.layers.7.self_attn.q_proj,change_of_shared_adapter,0.23617907363148902,0.3629467420532264,0.028601214388304486,0.19702555591808274,0.561399449528593,0.8635154389481812
migu_lora,3,task1510_evalution_relation_extraction,model.layers.7.self_attn.v_proj,change_of_shared_adapter,0.1207066303201501,0.1926352567738651,-0.04180416594659256,0.026499925806716798,0.8765580765714573,0.967443213804344
migu_lora,3,task1510_evalution_relation_extraction,model.layers.8.self_attn.q_proj,change_of_shared_adapter,0.23943414111823144,0.3434156380330763,0.06178773510332988,0.06680492872597495,0.47520041471969837,0.8599207310671125
migu_lora,3,task1510_evalution_relation_extraction,model.layers.8.self_attn.v_proj,change_of_shared_adapter,0.10082110719039888,0.16478727742268046,-0.011942791068276368,0.045601105073236926,0.5403189556785726,0.8797938173951618
migu_lora,3,task1510_evalution_relation_extraction,model.layers.9.self_attn.q_proj,change_of_shared_adapter,0.2657113384727115,0.30514088268394446,0.038473314772715005,0.09166550426364571,0.5960080648426986,0.8936696374802025
migu_lora,3,task1510_evalution_relation_extraction,model.layers.9.self_attn.v_proj,change_of_shared_adapter,0.10160498471559917,0.15144282875080486,-0.03240954046538106,0.0016728475233636743,0.4144447927091199,0.8744782580371938
migu_lora,3,task1510_evalution_relation_extraction,model.layers.10.self_attn.q_proj,change_of_shared_adapter,0.25767424077532447,0.34756888171548517,0.041920016844617033,-0.0061739290924565805,0.49754015217034964,0.8537239942507941
migu_lora,3,task1510_evalution_relation_extraction,model.layers.10.self_attn.v_proj,change_of_shared_adapter,0.09875917684262835,0.17850480694159587,-0.043866336592236495,0.03886216057075048,0.4247605535532212,0.8779941067594523
migu_lora,3,task1510_evalution_relation_extraction,model.layers.11.self_attn.q_proj,change_of_shared_adapter,0.2582464813647511,0.37309242706572837,0.010269182746492626,0.0423725988411614,0.5665099754517872,0.8641848628052048
migu_lora,3,task1510_evalution_relation_extraction,model.layers.11.self_attn.v_proj,change_of_shared_adapter,0.10689367153389075,0.1776975745092585,0.02851458656816421,0.04432311752870717,0.5595058816775664,0.9110234596410623
migu_lora,3,task1510_evalution_relation_extraction,model.layers.12.self_attn.q_proj,change_of_shared_adapter,0.2729509031824953,0.40426766638788414,0.013372409548321468,0.09537150837577306,0.6441269817776551,0.9015298021709335
migu_lora,3,task1510_evalution_relation_extraction,model.layers.12.self_attn.v_proj,change_of_shared_adapter,0.10308625898922592,0.18102640723845412,-0.010568592645940574,0.06825962042239433,0.5850792523732565,0.8806330113457724
migu_lora,3,task1510_evalution_relation_extraction,model.layers.13.self_attn.q_proj,change_of_shared_adapter,0.25633299693555317,0.38537342346453995,0.019122690151134984,0.1273210929474315,0.6137383075644085,0.9033109974104457
migu_lora,3,task1510_evalution_relation_extraction,model.layers.13.self_attn.v_proj,change_of_shared_adapter,0.11259131418453773,0.1792971241943285,0.04711309644202196,0.10802055486296978,0.5901806358453332,0.8938647015678197
migu_lora,3,task1510_evalution_relation_extraction,model.layers.14.self_attn.q_proj,change_of_shared_adapter,0.2389327705344266,0.2997339504250836,0.06435560742968202,0.07730489046505311,0.5776215251152818,0.8836111208730089
migu_lora,3,task1510_evalution_relation_extraction,model.layers.14.self_attn.v_proj,change_of_shared_adapter,0.10661976880635143,0.16858385999180883,-0.07007353375018643,-0.03604804706051669,0.6388937953862565,0.8993047370851445
migu_lora,3,task1510_evalution_relation_extraction,model.layers.15.self_attn.q_proj,change_of_shared_adapter,0.27628605025557706,0.3826211679037209,-0.049820552398165026,-0.04481090818808461,0.6850060974952352,0.9381195064857686
migu_lora,3,task1510_evalution_relation_extraction,model.layers.15.self_attn.v_proj,change_of_shared_adapter,0.11554892186598943,0.1996279243742031,-0.10175855282261331,-0.0627215618779025,0.4813383429539337,0.9011800011292923
migu_lora,3,task1510_evalution_relation_extraction,model.layers.16.self_attn.q_proj,change_of_shared_adapter,0.2443442034634635,0.3253211473900988,-0.06781193134297706,-0.07968914909323174,0.5123006465726013,0.9162227163140574
migu_lora,3,task1510_evalution_relation_extraction,model.layers.16.self_attn.v_proj,change_of_shared_adapter,0.11718020123115017,0.20030063533609682,-0.1486025110754895,-0.17202738731304293,0.6675320352680769,0.8985603462411135
migu_lora,3,task1510_evalution_relation_extraction,model.layers.17.self_attn.q_proj,change_of_shared_adapter,0.24997220346708177,0.3347367782718246,-0.008645857712967716,-0.07831154813973179,0.7094517543985891,0.913714945400596
migu_lora,3,task1510_evalution_relation_extraction,model.layers.17.self_attn.v_proj,change_of_shared_adapter,0.11130927974550803,0.17559143286187137,-0.06209104977545221,-0.05604242132946075,0.40906508731233326,0.8703551651010665
migu_lora,3,task1510_evalution_relation_extraction,model.layers.18.self_attn.q_proj,change_of_shared_adapter,0.26171367383323424,0.280489773043722,-0.009756848434912428,-0.014981686936492806,0.3473665083226445,0.86154308332923
migu_lora,3,task1510_evalution_relation_extraction,model.layers.18.self_attn.v_proj,change_of_shared_adapter,0.12221230443163766,0.19529022994041503,-0.08094627093243544,-0.05541964537770843,0.7501789097174302,0.9327279775232262
migu_lora,3,task1510_evalution_relation_extraction,model.layers.19.self_attn.q_proj,change_of_shared_adapter,0.2882460568779982,0.2713830708631027,0.02397696796079396,0.013537172274145356,0.6604655030092875,0.9308827454620549
migu_lora,3,task1510_evalution_relation_extraction,model.layers.19.self_attn.v_proj,change_of_shared_adapter,0.1412033802043989,0.19337470719479535,-0.13721561015361108,-0.1238053621862038,0.8221987668881733,0.9664634066291101
migu_lora,3,task1510_evalution_relation_extraction,model.layers.20.self_attn.q_proj,change_of_shared_adapter,0.27026465153055046,0.28807458200908215,-0.05351968410056115,-0.09145570957926004,0.6806319622988521,0.9491409194190427
migu_lora,3,task1510_evalution_relation_extraction,model.layers.20.self_attn.v_proj,change_of_shared_adapter,0.12155309194566442,0.2028464597312867,-0.17716286015631327,-0.2868945094298386,0.4057785435590382,0.8583562869981785
migu_lora,3,task1510_evalution_relation_extraction,model.layers.21.self_attn.q_proj,change_of_shared_adapter,0.26955837398711807,0.24603002233184873,-0.0731606526991994,-0.02564594072643437,0.5650728112365286,0.9285658757166481
migu_lora,3,task1510_evalution_relation_extraction,model.layers.21.self_attn.v_proj,change_of_shared_adapter,0.1136552683502214,0.11742409262785654,0.011160800418826939,0.005719770307419693,0.522330405108869,0.9458327793646903
migu_lora,3,task1510_evalution_relation_extraction,model.layers.22.self_attn.q_proj,change_of_shared_adapter,0.2715201263346755,0.23485346450601152,-0.025164428752465638,0.00039230116091607366,0.652000008260424,0.9547887739800018
migu_lora,3,task1510_evalution_relation_extraction,model.layers.22.self_attn.v_proj,change_of_shared_adapter,0.11168741555969354,0.12496842786944669,-0.12217710537252188,-0.1281715512484814,0.45748582816204936,0.9158509197051184
migu_lora,3,task1510_evalution_relation_extraction,model.layers.23.self_attn.q_proj,change_of_shared_adapter,0.2680725623476212,0.29112104633288516,-0.02022342792692335,-0.04665191656666199,0.5576183402123631,0.9231596477662408
migu_lora,3,task1510_evalution_relation_extraction,model.layers.23.self_attn.v_proj,change_of_shared_adapter,0.10603353218025179,0.1337100059908732,-0.1285120962679362,-0.15134441762285378,0.6012986693747548,0.9296121497021439
migu_lora,3,task1510_evalution_relation_extraction,model.layers.24.self_attn.q_proj,change_of_shared_adapter,0.26886258508544086,0.2725015194088543,-0.11017995070426685,-0.11991334802037225,0.5690811699535512,0.9254996409424073
migu_lora,3,task1510_evalution_relation_extraction,model.layers.24.self_attn.v_proj,change_of_shared_adapter,0.1145247429363722,0.1361285117933589,-0.05082829437568091,-0.05285302339788671,0.5612085342074019,0.9422208003060103
migu_lora,3,task1510_evalution_relation_extraction,model.layers.25.self_attn.q_proj,change_of_shared_adapter,0.24020283053916563,0.22150254226823987,-0.051964173112463735,-0.08104789725386054,0.6291615915092471,0.9171734345378709
migu_lora,3,task1510_evalution_relation_extraction,model.layers.25.self_attn.v_proj,change_of_shared_adapter,0.122971401544346,0.13017296985382448,-0.12916361762172426,-0.09137763338205603,0.5241327144980081,0.9303281471913665
migu_lora,3,task1510_evalution_relation_extraction,model.layers.26.self_attn.q_proj,change_of_shared_adapter,0.2437736144049685,0.23277253584480403,-0.08069897262827566,-0.14090318643925043,0.5404063093982299,0.8908332787307873
migu_lora,3,task1510_evalution_relation_extraction,model.layers.26.self_attn.v_proj,change_of_shared_adapter,0.12008913682571523,0.10935565797329022,-0.12328147671176964,-0.18298572632138765,0.5214135264031764,0.8981492675114016
migu_lora,3,task1510_evalution_relation_extraction,model.layers.27.self_attn.q_proj,change_of_shared_adapter,0.26192614025080896,0.25358150997949713,-0.05965725868226596,-0.23779808529492472,0.6379853199171092,0.9572774898217971
migu_lora,3,task1510_evalution_relation_extraction,model.layers.27.self_attn.v_proj,change_of_shared_adapter,0.12871707619154626,0.11636878450910451,-0.019928279049578668,-0.07391694659649818,0.6748143364484162,0.9457323920606526
migu_lora,4,task1729_personachat_generate_next,model.layers.0.self_attn.q_proj,change_of_shared_adapter,0.14101119552400235,0.4420842589269833,0.01709105945199677,0.2080750294867017,0.7593837081363781,0.9543337082133405
migu_lora,4,task1729_personachat_generate_next,model.layers.0.self_attn.v_proj,change_of_shared_adapter,0.0736212713304446,0.19365921306076558,0.09418722536595882,0.0024690656679195533,0.5658718429525333,0.9002995706776371
migu_lora,4,task1729_personachat_generate_next,model.layers.1.self_attn.q_proj,change_of_shared_adapter,0.18662018875470393,0.4675884251121882,0.09836676550508312,0.039855482156956244,0.6058501750558176,0.9225237460892476
migu_lora,4,task1729_personachat_generate_next,model.layers.1.self_attn.v_proj,change_of_shared_adapter,0.08199918793261006,0.18780117739933583,0.1404876877145871,-0.06914856507951886,0.7361114001523933,0.9385346354755093
migu_lora,4,task1729_personachat_generate_next,model.layers.2.self_attn.q_proj,change_of_shared_adapter,0.17075939462560766,0.4480693894432836,0.09666304067767416,0.04223005240876987,0.3667905367631749,0.8439931503678427
migu_lora,4,task1729_personachat_generate_next,model.layers.2.self_attn.v_proj,change_of_shared_adapter,0.09027009537573616,0.20838768216384765,0.17685057673259777,-0.10997787438293584,0.7910996595902087,0.9700019093110616
migu_lora,4,task1729_personachat_generate_next,model.layers.3.self_attn.q_proj,change_of_shared_adapter,0.17834931162137366,0.5034791950121634,0.035648963374001946,0.018104538140908677,0.41974988305459016,0.8557746548213438
migu_lora,4,task1729_personachat_generate_next,model.layers.3.self_attn.v_proj,change_of_shared_adapter,0.08828560233370265,0.21760324624186148,0.1474963768829369,0.037054813095329465,0.7077947903998774,0.9508850217120557
migu_lora,4,task1729_personachat_generate_next,model.layers.4.self_attn.q_proj,change_of_shared_adapter,0.1644275360022085,0.42747954753888134,0.007790829338184376,-0.08722262367859797,0.4629342818789819,0.8770300557053293
migu_lora,4,task1729_personachat_generate_next,model.layers.4.self_attn.v_proj,change_of_shared_adapter,0.08950447044131507,0.21174492615837326,0.07858123156958054,-0.015258448148849912,0.8896645326053423,0.973542369657302
migu_lora,4,task1729_personachat_generate_next,model.layers.5.self_attn.q_proj,change_of_shared_adapter,0.16862146026296826,0.4112952861528685,0.0551318432422737,0.02866052985584963,0.6279468140548301,0.895091037251761
migu_lora,4,task1729_personachat_generate_next,model.layers.5.self_attn.v_proj,change_of_shared_adapter,0.08333644632414729,0.1940440692088269,0.04663958799634626,-0.03282610241023456,0.5654113847949491,0.9326491857269895
migu_lora,4,task1729_personachat_generate_next,model.layers.6.self_attn.q_proj,change_of_shared_adapter,0.20547708493198943,0.45410359829846536,0.0027504711997412582,0.00491380140820666,0.7875504104670668,0.9539802536295992
migu_lora,4,task1729_personachat_generate_next,model.layers.6.self_attn.v_proj,change_of_shared_adapter,0.08595995961576111,0.2250352770034126,0.021903988592114006,-0.03815276364413105,0.842626615143664,0.9684176809306749
migu_lora,4,task1729_personachat_generate_next,model.layers.7.self_attn.q_proj,change_of_shared_adapter,0.1711150055567689,0.43865055444203127,-0.04784594859385971,0.04125958252027396,0.6653360615911191,0.9286259991818908
migu_lora,4,task1729_personachat_generate_next,model.layers.7.self_attn.v_proj,change_of_shared_adapter,0.09208026622699213,0.22301197800020292,0.038965029883285755,0.05375913475732752,0.9164978128570177,0.9790613141395786
migu_lora,4,task1729_personachat_generate_next,model.layers.8.self_attn.q_proj,change_of_shared_adapter,0.17224811796199932,0.430608934357647,0.012079761847256034,-0.01995835421531831,0.5945464191235238,0.9001231397479758
migu_lora,4,task1729_personachat_generate_next,model.layers.8.self_attn.v_proj,change_of_shared_adapter,0.07949617600478151,0.19215334121398156,0.09127065636334147,0.10339016068438017,0.6461268798341075,0.9218215746398902
migu_lora,4,task1729_personachat_generate_next,model.layers.9.self_attn.q_proj,change_of_shared_adapter,0.16139613939701097,0.4122526648135142,0.01338639227935543,-0.04799926222887062,0.7290576961651126,0.9242314315337847
migu_lora,4,task1729_personachat_generate_next,model.layers.9.self_attn.v_proj,change_of_shared_adapter,0.08020801326323063,0.17961377913161386,-0.006950218136212159,-0.04093108027921858,0.45249367528813667,0.9248075618696115
migu_lora,4,task1729_personachat_generate_next,model.layers.10.self_attn.q_proj,change_of_shared_adapter,0.1814538683767414,0.4412582207659788,-0.007272428365744329,-0.009883984267780066,0.5423035299679452,0.9237868106088661
migu_lora,4,task1729_personachat_generate_next,model.layers.10.self_attn.v_proj,change_of_shared_adapter,0.08328231393917819,0.20017667917869467,-0.046764137139641664,-0.07910989533497008,0.48098515901970257,0.913273732056474
migu_lora,4,task1729_personachat_generate_next,model.layers.11.self_attn.q_proj,change_of_shared_adapter,0.17489532023335422,0.45592551125422287,0.09328075896607338,0.02601638226573574,0.751510427802184,0.9296447625135587
migu_lora,4,task1729_personachat_generate_next,model.layers.11.self_attn.v_proj,change_of_shared_adapter,0.0876889632112517,0.20996652035031665,-0.007105561989737693,-0.008879639650561386,0.62338254048918,0.9576695397782093
migu_lora,4,task1729_personachat_generate_next,model.layers.12.self_attn.q_proj,change_of_shared_adapter,0.19239696133582573,0.49080108466340117,0.1563688928686335,-0.025987402605731874,0.8392937560392834,0.9638187813125256
migu_lora,4,task1729_personachat_generate_next,model.layers.12.self_attn.v_proj,change_of_shared_adapter,0.0806596866868783,0.2073713789611378,0.09232125618265115,-0.0010060591917297396,0.7050320901291327,0.9436535344250715
migu_lora,4,task1729_personachat_generate_next,model.layers.13.self_attn.q_proj,change_of_shared_adapter,0.15807487531358627,0.46690182007987613,-0.08299508843395742,-0.08990223401428593,0.7811486954232605,0.939733523838953
migu_lora,4,task1729_personachat_generate_next,model.layers.13.self_attn.v_proj,change_of_shared_adapter,0.07573734763046606,0.21616298269755507,0.06437923885560705,0.05011734874042506,0.644344716787726,0.9519660643415815
migu_lora,4,task1729_personachat_generate_next,model.layers.14.self_attn.q_proj,change_of_shared_adapter,0.1480187904161636,0.3951545597770875,-0.015595646152934474,0.0026110825547666057,0.5981297063425492,0.9197137780921038
migu_lora,4,task1729_personachat_generate_next,model.layers.14.self_attn.v_proj,change_of_shared_adapter,0.062028004706868436,0.19305242137646852,-0.018098666609958167,-0.0396577543860918,0.5125103903888183,0.9224813787717505
migu_lora,4,task1729_personachat_generate_next,model.layers.15.self_attn.q_proj,change_of_shared_adapter,0.16767384699095747,0.4606512676863396,0.0299134314883496,-0.056389234407383824,0.8182135452006749,0.9617570792711517
migu_lora,4,task1729_personachat_generate_next,model.layers.15.self_attn.v_proj,change_of_shared_adapter,0.07897264139131523,0.2202461688765826,-0.04374725158118916,0.042808261137513744,0.5030764992898468,0.9420927392147144
migu_lora,4,task1729_personachat_generate_next,model.layers.16.self_attn.q_proj,change_of_shared_adapter,0.12106346879812165,0.3933918557946936,-0.0049681772379057,0.04125075226608638,0.6717950339411035,0.9016778982952659
migu_lora,4,task1729_personachat_generate_next,model.layers.16.self_attn.v_proj,change_of_shared_adapter,0.07252991898459855,0.2165081179222926,-0.02573650416425416,-0.007593764837560384,0.8303325257795642,0.9495306421117288
migu_lora,4,task1729_personachat_generate_next,model.layers.17.self_attn.q_proj,change_of_shared_adapter,0.12930267761823408,0.4160383766517406,-0.09690149235232028,-0.01019414045708551,0.815598176293212,0.930998636308286
migu_lora,4,task1729_personachat_generate_next,model.layers.17.self_attn.v_proj,change_of_shared_adapter,0.06093227719145686,0.20197765567014433,-0.058241083026536994,-0.09339455723184698,0.5338534058367086,0.9474893056749067
migu_lora,4,task1729_personachat_generate_next,model.layers.18.self_attn.q_proj,change_of_shared_adapter,0.09619774895410158,0.38175397603487204,-0.0077107227415806785,0.026365170996471045,0.45570390166849456,0.8255066744533408
migu_lora,4,task1729_personachat_generate_next,model.layers.18.self_attn.v_proj,change_of_shared_adapter,0.06743265748379922,0.22183384135519277,-0.023201992215637596,-0.011355587187834377,0.7771548767928543,0.9641470668264894
migu_lora,4,task1729_personachat_generate_next,model.layers.19.self_attn.q_proj,change_of_shared_adapter,0.10753681698003924,0.40060674219674003,-0.06305467234694008,-0.09388732578991317,0.6333617131842205,0.8631326937758937
migu_lora,4,task1729_personachat_generate_next,model.layers.19.self_attn.v_proj,change_of_shared_adapter,0.06582803847475084,0.2232460144159632,-0.1550924877450394,-0.14841409106047118,0.7878929018189454,0.9542429774576935
migu_lora,4,task1729_personachat_generate_next,model.layers.20.self_attn.q_proj,change_of_shared_adapter,0.09807199048452307,0.38431269730955797,0.011591139970131059,-0.017394880533892928,0.49256184681910486,0.8126403190350676
migu_lora,4,task1729_personachat_generate_next,model.layers.20.self_attn.v_proj,change_of_shared_adapter,0.056392669475166066,0.21722193199524065,0.10515690636811481,-0.13803272113998113,0.6643584268132937,0.9244331790874336
migu_lora,4,task1729_personachat_generate_next,model.layers.21.self_attn.q_proj,change_of_shared_adapter,0.09471903195220546,0.35140936238568493,-0.020092355813091062,0.032657091356805584,0.47280228547835634,0.8032504921384581
migu_lora,4,task1729_personachat_generate_next,model.layers.21.self_attn.v_proj,change_of_shared_adapter,0.05421524885217652,0.16432844751852857,0.05552405932276708,0.06630337959270911,0.6205918178232488,0.9253248300476296
migu_lora,4,task1729_personachat_generate_next,model.layers.22.self_attn.q_proj,change_of_shared_adapter,0.09927213243925365,0.3544996280331564,-0.055136238454275385,-0.02389559068557648,0.526539957736347,0.8630333338693804
migu_lora,4,task1729_personachat_generate_next,model.layers.22.self_attn.v_proj,change_of_shared_adapter,0.04918008223530139,0.15710072284314644,-0.030470688951822363,-0.031584671993416316,0.7597543450721613,0.9520671775049407
migu_lora,4,task1729_personachat_generate_next,model.layers.23.self_attn.q_proj,change_of_shared_adapter,0.11229784588636463,0.3917369351717149,0.0989277450025575,0.023624667230460517,0.46066882714891716,0.846636598413127
migu_lora,4,task1729_personachat_generate_next,model.layers.23.self_attn.v_proj,change_of_shared_adapter,0.04927519559203542,0.15961657930111467,0.0042867259454153475,-0.096797993761376,0.5758157296744367,0.908425882293989
migu_lora,4,task1729_personachat_generate_next,model.layers.24.self_attn.q_proj,change_of_shared_adapter,0.10382368707931412,0.3611085675348812,0.08903957906602407,-0.022279906679193513,0.5953759898072574,0.8790152000361847
migu_lora,4,task1729_personachat_generate_next,model.layers.24.self_attn.v_proj,change_of_shared_adapter,0.057678830971480605,0.17338412219675933,0.0863300558255551,-0.034245468603988104,0.6999119715175981,0.9473506114820466
migu_lora,4,task1729_personachat_generate_next,model.layers.25.self_attn.q_proj,change_of_shared_adapter,0.08673227741368328,0.31816852844837284,0.02500803815301022,0.0015233938877593678,0.2793147236245167,0.7278447860730611
migu_lora,4,task1729_personachat_generate_next,model.layers.25.self_attn.v_proj,change_of_shared_adapter,0.05831968185259945,0.16712803740274534,0.06816072705321428,0.014046904609945132,0.573899837096782,0.9399052779758175
migu_lora,4,task1729_personachat_generate_next,model.layers.26.self_attn.q_proj,change_of_shared_adapter,0.11352093104519892,0.32318770925075024,0.04234320715045332,-0.005177337783244838,0.6375861475571679,0.8863014396760903
migu_lora,4,task1729_personachat_generate_next,model.layers.26.self_attn.v_proj,change_of_shared_adapter,0.04370864152288192,0.15212524719077655,0.03878236894454259,-0.018971110129822506,0.7299719906608814,0.9263694070938426
migu_lora,4,task1729_personachat_generate_next,model.layers.27.self_attn.q_proj,change_of_shared_adapter,0.09727145464592625,0.3535308466213362,0.005362313918199981,-0.038974494281275536,0.5701170755494029,0.8831834584390259
migu_lora,4,task1729_personachat_generate_next,model.layers.27.self_attn.v_proj,change_of_shared_adapter,0.05384829995494704,0.1717928470261,0.09236066623684186,0.014253122209593553,0.7721649252385594,0.9437056801043749
migu_lora,5,task748_glucose_reverse_cause_event_detection,model.layers.0.self_attn.q_proj,change_of_shared_adapter,0.22424533412585781,0.46631912093458583,0.043944938556509335,-0.137955408755043,0.7278571173322016,0.9209570387454379
migu_lora,5,task748_glucose_reverse_cause_event_detection,model.layers.0.self_attn.v_proj,change_of_shared_adapter,0.11057753771214711,0.2135643213365818,-0.00663370406793734,-0.02912934549515208,0.5333122592468429,0.871580842261779
migu_lora,5,task748_glucose_reverse_cause_event_detection,model.layers.1.self_attn.q_proj,change_of_shared_adapter,0.26289518077834784,0.5202242606725074,-0.047579227268897906,-0.07129038145182261,0.507077332933583,0.8457223759670311
migu_lora,5,task748_glucose_reverse_cause_event_detection,model.layers.1.self_attn.v_proj,change_of_shared_adapter,0.10773626963355536,0.21522091376567096,-0.15997873647581795,-0.19698733772556754,0.5819531406188235,0.9120521808988431
migu_lora,5,task748_glucose_reverse_cause_event_detection,model.layers.2.self_attn.q_proj,change_of_shared_adapter,0.2592998086908044,0.49468851300483263,-0.023649429710542774,0.0107608034033218,0.4057034553826057,0.7764604941674851
migu_lora,5,task748_glucose_reverse_cause_event_detection,model.layers.2.self_attn.v_proj,change_of_shared_adapter,0.1107348768266527,0.24130406301224133,-0.10152638181235042,-0.023959686283084623,0.7278814828634659,0.9452142978134843
migu_lora,5,task748_glucose_reverse_cause_event_detection,model.layers.3.self_attn.q_proj,change_of_shared_adapter,0.24058779828007798,0.5400944232866417,0.10974106547872159,0.06340980756067378,0.6074898798482173,0.8495854051728571
migu_lora,5,task748_glucose_reverse_cause_event_detection,model.layers.3.self_attn.v_proj,change_of_shared_adapter,0.11358879041291285,0.24660230144155643,-0.06938589925028711,-0.06602814563771721,0.8507524984521112,0.9658780415362003
migu_lora,5,task748_glucose_reverse_cause_event_detection,model.layers.4.self_attn.q_proj,change_of_shared_adapter,0.25049397337493123,0.4592062758005653,0.03979711898375309,0.06477840985677394,0.3668231312762013,0.8222082616735201
migu_lora,5,task748_glucose_reverse_cause_event_detection,model.layers.4.self_attn.v_proj,change_of_shared_adapter,0.11712018067528807,0.23627425896265683,-0.05332918996120645,-0.07498869595308216,0.8346900264456462,0.9642645801436366
migu_lora,5,task748_glucose_reverse_cause_event_detection,model.layers.5.self_attn.q_proj,change_of_shared_adapter,0.25320682806868533,0.4530387953254392,-0.02681257075680608,0.05654089946467723,0.33406741616490415,0.8106428679355057
migu_lora,5,task748_glucose_reverse_cause_event_detection,model.layers.5.self_attn.v_proj,change_of_shared_adapter,0.1077643447274503,0.2147241866531889,0.002887563963306035,-0.046484223942927255,0.4852125562268297,0.8968678733791144
migu_lora,5,task748_glucose_reverse_cause_event_detection,model.layers.6.self_attn.q_proj,change_of_shared_adapter,0.2728492294453538,0.49894307462180343,-0.01872959259389347,-0.013837327161352381,0.6242726474753953,0.9117327284805092
migu_lora,5,task748_glucose_reverse_cause_event_detection,model.layers.6.self_attn.v_proj,change_of_shared_adapter,0.11788045110993746,0.24264668364835684,-0.047443405717096536,-0.057057071386574704,0.8004260345205334,0.949177535985337
migu_lora,5,task748_glucose_reverse_cause_event_detection,model.layers.7.self_attn.q_proj,change_of_shared_adapter,0.24762859312451146,0.46315445555815166,-0.03734490093182511,-0.08886106844167149,0.5323610154293038,0.867036844039511
migu_lora,5,task748_glucose_reverse_cause_event_detection,model.layers.7.self_attn.v_proj,change_of_shared_adapter,0.13079047578475494,0.24456780597007285,0.07648535686441026,0.026877983265768315,0.9045480938561322,0.9719396806338524
migu_lora,5,task748_glucose_reverse_cause_event_detection,model.layers.8.self_attn.q_proj,change_of_shared_adapter,0.2696607044955667,0.46570958600699874,0.0351153539680915,0.09216492620673142,0.5535087871843405,0.8786349137080317
migu_lora,5,task748_glucose_reverse_cause_event_detection,model.layers.8.self_attn.v_proj,change_of_shared_adapter,0.11464667140317326,0.2145482470199747,0.08783434108864072,0.07602487605836744,0.5690120058102819,0.8834572877795365
migu_lora,5,task748_glucose_reverse_cause_event_detection,model.layers.9.self_attn.q_proj,change_of_shared_adapter,0.25405776345345715,0.4447272502839705,0.054495395147594064,-0.017461029196164327,0.6874847524509577,0.922631145719986
migu_lora,5,task748_glucose_reverse_cause_event_detection,model.layers.9.self_attn.v_proj,change_of_shared_adapter,0.11259265343486849,0.19619933462059858,0.07366757569241657,0.06253000643449912,0.38697083836641766,0.8731646677053737
migu_lora,5,task748_glucose_reverse_cause_event_detection,model.layers.10.self_attn.q_proj,change_of_shared_adapter,0.2548434409154509,0.47588837555886565,-0.03692258516860498,-0.059220109673076574,0.41870640589399516,0.8778992306920795
migu_lora,5,task748_glucose_reverse_cause_event_detection,model.layers.10.self_attn.v_proj,change_of_shared_adapter,0.11424277384092014,0.21318400569330567,-0.021826664838521557,-0.11052786006614766,0.48129364324554413,0.8870908833210862
migu_lora,5,task748_glucose_reverse_cause_event_detection,model.layers.11.self_attn.q_proj,change_of_shared_adapter,0.26716617551089417,0.5033216845981455,-0.08922218185147865,-0.19933277101441987,0.5789646234504995,0.8842378580661422
migu_lora,5,task748_glucose_reverse_cause_event_detection,model.layers.11.self_attn.v_proj,change_of_shared_adapter,0.11906474648500158,0.22696617000160668,0.06801907652438295,-0.032621323661237815,0.7030558512367457,0.9502967796530127
migu_lora,5,task748_glucose_reverse_cause_event_detection,model.layers.12.self_attn.q_proj,change_of_shared_adapter,0.26884978691633005,0.5544670399405283,-0.11017373578845772,-0.12908863421786165,0.668366974066074,0.9282242138728761
migu_lora,5,task748_glucose_reverse_cause_event_detection,model.layers.12.self_attn.v_proj,change_of_shared_adapter,0.11685271842058668,0.2293410098132337,-0.04224136917339828,0.03200682043695357,0.5311886956778072,0.8977161337437471
migu_lora,5,task748_glucose_reverse_cause_event_detection,model.layers.13.self_attn.q_proj,change_of_shared_adapter,0.26825890982282063,0.4803477871284038,-0.01677919547303167,-0.09575245338722965,0.6444953860908188,0.9342725811262588
migu_lora,5,task748_glucose_reverse_cause_event_detection,model.layers.13.self_attn.v_proj,change_of_shared_adapter,0.11930976049236469,0.23360343452181323,0.10020526806606907,0.12900646583513375,0.6529119273683472,0.9397753046419689
migu_lora,5,task748_glucose_reverse_cause_event_detection,model.layers.14.self_attn.q_proj,change_of_shared_adapter,0.26621957022105286,0.41980031013042607,-0.1190029498153525,-0.0040803693930613,0.5229545730360903,0.9013917039990416
migu_lora,5,task748_glucose_reverse_cause_event_detection,model.layers.14.self_attn.v_proj,change_of_shared_adapter,0.11154620727779858,0.2017009175379297,-0.12490117237162096,0.060672734930326176,0.6985340696896778,0.9324063553118632
migu_lora,5,task748_glucose_reverse_cause_event_detection,model.layers.15.self_attn.q_proj,change_of_shared_adapter,0.3016229254272815,0.49490917008702345,-0.01775142714939251,0.015024177175078276,0.7957443550979374,0.9508047791780477
migu_lora,5,task748_glucose_reverse_cause_event_detection,model.layers.15.self_attn.v_proj,change_of_shared_adapter,0.1230527505823064,0.23070159124311299,0.006303849564887844,0.17959137182283083,0.647564731732779,0.9342716099335663
migu_lora,5,task748_glucose_reverse_cause_event_detection,model.layers.16.self_attn.q_proj,change_of_shared_adapter,0.2706958859768606,0.4110234701314226,-0.03171371457365319,0.0030127385122793253,0.4933701408437713,0.8632652358326327
migu_lora,5,task748_glucose_reverse_cause_event_detection,model.layers.16.self_attn.v_proj,change_of_shared_adapter,0.12360094877714582,0.22655696269574283,-0.008683470811090601,0.09297555679769604,0.667787521023104,0.8988161760100158
migu_lora,5,task748_glucose_reverse_cause_event_detection,model.layers.17.self_attn.q_proj,change_of_shared_adapter,0.27184753367425624,0.4235345390137837,-0.05725752655001888,0.007798024190712091,0.6324266649777824,0.9243403078400935
migu_lora,5,task748_glucose_reverse_cause_event_detection,model.layers.17.self_attn.v_proj,change_of_shared_adapter,0.12915379771308197,0.2075431873368336,0.08300436976596805,-0.006879641222694696,0.48187874995387164,0.884474074979667
migu_lora,5,task748_glucose_reverse_cause_event_detection,model.layers.18.self_attn.q_proj,change_of_shared_adapter,0.2780463533262569,0.3929678993436675,0.024783596723750963,-0.0009585678620102446,0.39912620130021725,0.8534705913864022
migu_lora,5,task748_glucose_reverse_cause_event_detection,model.layers.18.self_attn.v_proj,change_of_shared_adapter,0.12699687317910452,0.23035465359898483,-0.09296471850328315,-0.058080794036301515,0.7096617629936613,0.9243975484683825
migu_lora,5,task748_glucose_reverse_cause_event_detection,model.layers.19.self_attn.q_proj,change_of_shared_adapter,0.276651142413039,0.40818763040988193,-0.002370621964020914,0.045008307370772084,0.5477459788188784,0.9067081915555887
migu_lora,5,task748_glucose_reverse_cause_event_detection,model.layers.19.self_attn.v_proj,change_of_shared_adapter,0.1593922469031736,0.22274129071716178,0.016763782912001778,-0.12118174664636346,0.821545013278713,0.9753555606959895
migu_lora,5,task748_glucose_reverse_cause_event_detection,model.layers.20.self_attn.q_proj,change_of_shared_adapter,0.2543475164754857,0.39772869141673756,0.04658178653010048,-0.032629714763296236,0.5783294585094991,0.9043116371013751
migu_lora,5,task748_glucose_reverse_cause_event_detection,model.layers.20.self_attn.v_proj,change_of_shared_adapter,0.13412577598875447,0.23009082380392737,-0.036792932147190795,-0.16287904783287802,0.588822358589057,0.9250213568412956
migu_lora,5,task748_glucose_reverse_cause_event_detection,model.layers.21.self_attn.q_proj,change_of_shared_adapter,0.25301250218004706,0.36210865861820213,0.03357351189640544,-0.032859978737137634,0.45946494609732313,0.9024199743984047
migu_lora,5,task748_glucose_reverse_cause_event_detection,model.layers.21.self_attn.v_proj,change_of_shared_adapter,0.11852454183686138,0.1758762960667275,-0.005928385620474649,-0.03557450131159264,0.43249657223342863,0.9180838740116101
migu_lora,5,task748_glucose_reverse_cause_event_detection,model.layers.22.self_attn.q_proj,change_of_shared_adapter,0.2834605118604921,0.36282811470816195,0.003329636241737168,-0.04963820688265493,0.647133565817554,0.9350444374614395
migu_lora,5,task748_glucose_reverse_cause_event_detection,model.layers.22.self_attn.v_proj,change_of_shared_adapter,0.1302157416768676,0.1631823235510357,0.01097465961333739,-0.023564918620114443,0.5968192641385738,0.9116853499893319
migu_lora,5,task748_glucose_reverse_cause_event_detection,model.layers.23.self_attn.q_proj,change_of_shared_adapter,0.26296648064444356,0.4180580531040801,-0.004445658003401724,-0.08737659315614213,0.5467908168899693,0.8790538576345993
migu_lora,5,task748_glucose_reverse_cause_event_detection,model.layers.23.self_attn.v_proj,change_of_shared_adapter,0.13154005580976783,0.1672510946812994,-0.012672949048453085,-0.03749555124869556,0.5617576368201154,0.9272496056167681
migu_lora,5,task748_glucose_reverse_cause_event_detection,model.layers.24.self_attn.q_proj,change_of_shared_adapter,0.30334399567033443,0.384519482200801,0.11570106891143361,0.043117642647323394,0.7059290880994652,0.9294551406935077
migu_lora,5,task748_glucose_reverse_cause_event_detection,model.layers.24.self_attn.v_proj,change_of_shared_adapter,0.14015863629867037,0.1873915818774946,-0.12135278040124416,-0.13090077351268353,0.7436965445715356,0.9600207963877367
migu_lora,5,task748_glucose_reverse_cause_event_detection,model.layers.25.self_attn.q_proj,change_of_shared_adapter,0.25579926392103663,0.3318643067994057,-0.021022081532695837,0.01464364635803977,0.6150889578586135,0.9347785552014927
migu_lora,5,task748_glucose_reverse_cause_event_detection,model.layers.25.self_attn.v_proj,change_of_shared_adapter,0.13689057297871693,0.18072540353705732,-0.04278308325940543,-0.025733611503703777,0.5533772510704364,0.9250582634146425
migu_lora,5,task748_glucose_reverse_cause_event_detection,model.layers.26.self_attn.q_proj,change_of_shared_adapter,0.2532260442533586,0.3470508905134162,-0.08854992098350754,-0.14386477702093292,0.36583352113299233,0.9036436341245608
migu_lora,5,task748_glucose_reverse_cause_event_detection,model.layers.26.self_attn.v_proj,change_of_shared_adapter,0.12424729589529404,0.1599008401884193,-0.039680973095495994,-0.0277752921260135,0.7379307973409028,0.9382368327847519
migu_lora,5,task748_glucose_reverse_cause_event_detection,model.layers.27.self_attn.q_proj,change_of_shared_adapter,0.27802539296238427,0.3671710757045316,0.13481573318914744,-0.12111495987022843,0.5862349111672771,0.9497510063215776
migu_lora,5,task748_glucose_reverse_cause_event_detection,model.layers.27.self_attn.v_proj,change_of_shared_adapter,0.13665050858381975,0.1847193359477756,-0.006588657692400971,-0.06494177979092923,0.5288268601782,0.9079147907882432
migu_lora,6,medical_mts_dialog_note,model.layers.0.self_attn.q_proj,change_of_shared_adapter,0.1396947080507137,0.5262415100995852,-0.25157736194069935,-0.3416219140882772,0.7285515963112714,0.9487607059762457
migu_lora,6,medical_mts_dialog_note,model.layers.0.self_attn.v_proj,change_of_shared_adapter,0.06553361063105502,0.2398411887510093,-0.017075904112782442,0.10698553602499603,0.495926226775622,0.9029742735077808
migu_lora,6,medical_mts_dialog_note,model.layers.1.self_attn.q_proj,change_of_shared_adapter,0.17518056931089693,0.5716055140310091,0.07122137267937828,0.14098053857024953,0.7111365586728305,0.9214892801795201
migu_lora,6,medical_mts_dialog_note,model.layers.1.self_attn.v_proj,change_of_shared_adapter,0.07300876998712495,0.22474042829171417,0.04679047699006281,0.15307535537696382,0.7451291012406411,0.9491454619766813
migu_lora,6,medical_mts_dialog_note,model.layers.2.self_attn.q_proj,change_of_shared_adapter,0.15413363240143088,0.5530695853789255,0.01974667327531014,-0.044491256454342286,0.3520979274085716,0.821890109457605
migu_lora,6,medical_mts_dialog_note,model.layers.2.self_attn.v_proj,change_of_shared_adapter,0.07684527946193155,0.25507672653708846,0.19678616759907364,0.09569577118558555,0.7903762249547652,0.9625152464916858
migu_lora,6,medical_mts_dialog_note,model.layers.3.self_attn.q_proj,change_of_shared_adapter,0.15574367779660422,0.6149016270692724,-0.08945900341883344,-0.008486464678806368,0.4394145000307661,0.8285084874299642
migu_lora,6,medical_mts_dialog_note,model.layers.3.self_attn.v_proj,change_of_shared_adapter,0.07834797002963091,0.2642497603651198,0.10029838765467343,0.1065447488205377,0.7297329480635965,0.9441867661086458
migu_lora,6,medical_mts_dialog_note,model.layers.4.self_attn.q_proj,change_of_shared_adapter,0.15950915969572324,0.5317642641645356,0.017168536890352963,-0.03198924495793841,0.3560617799961829,0.8422885338043256
migu_lora,6,medical_mts_dialog_note,model.layers.4.self_attn.v_proj,change_of_shared_adapter,0.08352060416257041,0.2580526300364098,0.07371984416807312,-0.01570699569088533,0.8111406580487137,0.9697953488438743
migu_lora,6,medical_mts_dialog_note,model.layers.5.self_attn.q_proj,change_of_shared_adapter,0.161913147106526,0.5130364245621697,0.09441451635711295,-0.022284859861686126,0.5551453064674614,0.9001796086476298
migu_lora,6,medical_mts_dialog_note,model.layers.5.self_attn.v_proj,change_of_shared_adapter,0.07653323841321076,0.24052705574150507,-0.011691836107405323,-0.10101781784935289,0.6374893100105953,0.9393804940646006
migu_lora,6,medical_mts_dialog_note,model.layers.6.self_attn.q_proj,change_of_shared_adapter,0.15223207019348614,0.5641731483706915,-0.022003508836686916,-0.011064222736051042,0.7181150189004396,0.9222816382414235
migu_lora,6,medical_mts_dialog_note,model.layers.6.self_attn.v_proj,change_of_shared_adapter,0.07495453996826049,0.2646868675543924,0.02571503185242192,0.0422046578838235,0.7946003571202994,0.9599590120569014
migu_lora,6,medical_mts_dialog_note,model.layers.7.self_attn.q_proj,change_of_shared_adapter,0.17086839300247375,0.5169775382761299,-0.06300523070787807,0.07227515030790603,0.6247292631329029,0.8917778383952083
migu_lora,6,medical_mts_dialog_note,model.layers.7.self_attn.v_proj,change_of_shared_adapter,0.08223927934419366,0.2860291171607402,0.04206648617829597,-0.022640352973131765,0.8704890013669816,0.9755773645791489
migu_lora,6,medical_mts_dialog_note,model.layers.8.self_attn.q_proj,change_of_shared_adapter,0.15262257788644065,0.5462802736956401,0.036599890540645885,-0.023487367866985607,0.596029930993699,0.9040287439994357
migu_lora,6,medical_mts_dialog_note,model.layers.8.self_attn.v_proj,change_of_shared_adapter,0.06833180957198766,0.2519836794647583,0.030809005512711103,0.02790595728611276,0.7312030784385583,0.9335745228163363
migu_lora,6,medical_mts_dialog_note,model.layers.9.self_attn.q_proj,change_of_shared_adapter,0.14645469126414615,0.5240631188082271,-0.028555410754845394,0.15524120212354878,0.7949658363255269,0.9325847524920223
migu_lora,6,medical_mts_dialog_note,model.layers.9.self_attn.v_proj,change_of_shared_adapter,0.07382178594365346,0.23329382107439026,0.015900745432599984,0.04886194946435217,0.49516501686139675,0.9293052649875054
migu_lora,6,medical_mts_dialog_note,model.layers.10.self_attn.q_proj,change_of_shared_adapter,0.16751968785937782,0.531468910049029,0.06077726101089812,0.025486970669447963,0.5938144288820417,0.9319925538945067
migu_lora,6,medical_mts_dialog_note,model.layers.10.self_attn.v_proj,change_of_shared_adapter,0.06519912202803088,0.2396573940161623,-0.095004112962761,0.0607704539956936,0.3886006471534959,0.9039716329600911
migu_lora,6,medical_mts_dialog_note,model.layers.11.self_attn.q_proj,change_of_shared_adapter,0.16278929550545274,0.5483748493920961,0.009283467881296071,-0.11256367522699627,0.8019492052595241,0.9509982927933824
migu_lora,6,medical_mts_dialog_note,model.layers.11.self_attn.v_proj,change_of_shared_adapter,0.07373058407331784,0.26337483985190396,0.14087031718536963,0.12463746912295262,0.685571915845129,0.951919413156249
migu_lora,6,medical_mts_dialog_note,model.layers.12.self_attn.q_proj,change_of_shared_adapter,0.1712322120019539,0.5889542200149718,0.052796124044866125,-0.023255906976662927,0.8763874741982502,0.9774985424149454
migu_lora,6,medical_mts_dialog_note,model.layers.12.self_attn.v_proj,change_of_shared_adapter,0.07496364438102203,0.2529580864574386,0.09758967496198878,0.10659069153303687,0.6671609309604223,0.9172066368646351
migu_lora,6,medical_mts_dialog_note,model.layers.13.self_attn.q_proj,change_of_shared_adapter,0.16217873451639966,0.5462349187515679,0.04246183790328981,0.02065440701938521,0.7825993353415499,0.9614754551472873
migu_lora,6,medical_mts_dialog_note,model.layers.13.self_attn.v_proj,change_of_shared_adapter,0.07862325834367154,0.2727472450016463,0.010260583382396694,0.03068664712193138,0.7467766542632395,0.9658699803088296
migu_lora,6,medical_mts_dialog_note,model.layers.14.self_attn.q_proj,change_of_shared_adapter,0.1392269976476907,0.4695804987213752,0.01830345260551493,-0.02180904410966843,0.5770184341871062,0.8989960067546371
migu_lora,6,medical_mts_dialog_note,model.layers.14.self_attn.v_proj,change_of_shared_adapter,0.07327083446519882,0.21795761157828397,-0.01306113350389549,0.04297308485567219,0.49334576139850095,0.9289428970255333
migu_lora,6,medical_mts_dialog_note,model.layers.15.self_attn.q_proj,change_of_shared_adapter,0.16385538450365758,0.5749884811158688,-0.12112932151645676,-0.07939891104897533,0.8691556441944752,0.9687425518079898
migu_lora,6,medical_mts_dialog_note,model.layers.15.self_attn.v_proj,change_of_shared_adapter,0.08373607797499961,0.2621509428899094,-0.0020431273528704373,-0.04578818003260689,0.6125086156013491,0.9563935171660732
migu_lora,6,medical_mts_dialog_note,model.layers.16.self_attn.q_proj,change_of_shared_adapter,0.14283339413809223,0.48493243867109986,-0.029583646762272556,-0.053793975850925,0.7445075737001914,0.9100301003959717
migu_lora,6,medical_mts_dialog_note,model.layers.16.self_attn.v_proj,change_of_shared_adapter,0.09023806168547838,0.2571360173147272,-0.07535717745560978,-0.060095371453124026,0.8337698876451609,0.9590513636285422
migu_lora,6,medical_mts_dialog_note,model.layers.17.self_attn.q_proj,change_of_shared_adapter,0.17173810813197293,0.489997641078738,0.05372724130680249,0.025324811269431584,0.8118403155325327,0.9429318526482734
migu_lora,6,medical_mts_dialog_note,model.layers.17.self_attn.v_proj,change_of_shared_adapter,0.08490874142456052,0.25338654426619833,-0.011458684042091894,-0.014361943233349016,0.6079273938303312,0.944453371122248
migu_lora,6,medical_mts_dialog_note,model.layers.18.self_attn.q_proj,change_of_shared_adapter,0.13713155210426406,0.48697989610812903,0.045083189324625114,0.03420753390319765,0.5354870189796507,0.8821951392722607
migu_lora,6,medical_mts_dialog_note,model.layers.18.self_attn.v_proj,change_of_shared_adapter,0.09521693899984583,0.25249204511977125,0.04968464058775025,-0.01900864015183442,0.8404965327467054,0.9832268530628046
migu_lora,6,medical_mts_dialog_note,model.layers.19.self_attn.q_proj,change_of_shared_adapter,0.15579819542233608,0.49256226867751185,0.08233685714895675,0.019647519247202816,0.7405215849296013,0.9040478297731785
migu_lora,6,medical_mts_dialog_note,model.layers.19.self_attn.v_proj,change_of_shared_adapter,0.09195009364874451,0.2760614207112189,0.0836860327709406,0.05188898551375033,0.7461856342492788,0.9490455230443049
migu_lora,6,medical_mts_dialog_note,model.layers.20.self_attn.q_proj,change_of_shared_adapter,0.16400483635208987,0.4819806217396838,0.07571191208937428,0.03177437427279367,0.8281297191070162,0.9563970408096706
migu_lora,6,medical_mts_dialog_note,model.layers.20.self_attn.v_proj,change_of_shared_adapter,0.07964214409813099,0.2620316192934317,-0.035523179287637326,-0.12149775614254593,0.5165124163858287,0.9334377707249742
migu_lora,6,medical_mts_dialog_note,model.layers.21.self_attn.q_proj,change_of_shared_adapter,0.1636951077173636,0.4486534120290127,0.06257945444816926,0.010205254342956653,0.7843539372017921,0.9169616237297985
migu_lora,6,medical_mts_dialog_note,model.layers.21.self_attn.v_proj,change_of_shared_adapter,0.07487725799686758,0.21150266273618504,-0.020154775921119413,0.02981884561160908,0.5278939776852883,0.935709304495898
migu_lora,6,medical_mts_dialog_note,model.layers.22.self_attn.q_proj,change_of_shared_adapter,0.12039892674404735,0.46117132581591247,0.000981386851686911,-0.02406341012968907,0.48999393602436014,0.8508334407381943
migu_lora,6,medical_mts_dialog_note,model.layers.22.self_attn.v_proj,change_of_shared_adapter,0.07162321213009437,0.20988332270405008,0.005040197250946372,0.02103950090635581,0.7019011719389147,0.9485339250485484
migu_lora,6,medical_mts_dialog_note,model.layers.23.self_attn.q_proj,change_of_shared_adapter,0.15933436665891135,0.49289596936455937,0.10633485401330249,-0.04402779117104719,0.6483937888723387,0.8893366063469719
migu_lora,6,medical_mts_dialog_note,model.layers.23.self_attn.v_proj,change_of_shared_adapter,0.07573753130943271,0.21146654501992238,-0.07553935097709671,-0.10998108908687687,0.7471403316818784,0.9606444731455042
migu_lora,6,medical_mts_dialog_note,model.layers.24.self_attn.q_proj,change_of_shared_adapter,0.14277666957566454,0.5165887582208426,0.03836528656256817,-0.018124388838466777,0.503805422825898,0.8476722210926484
migu_lora,6,medical_mts_dialog_note,model.layers.24.self_attn.v_proj,change_of_shared_adapter,0.07363084930425028,0.21996703457062647,-0.07622502185572802,-0.08060534893019125,0.723225539906569,0.950456396316794
migu_lora,6,medical_mts_dialog_note,model.layers.25.self_attn.q_proj,change_of_shared_adapter,0.1338361557425217,0.4147264464825341,0.013397725737334158,-0.012466566266079455,0.47640934870205265,0.8390665576586271
migu_lora,6,medical_mts_dialog_note,model.layers.25.self_attn.v_proj,change_of_shared_adapter,0.0893917962689283,0.22199961120462938,-0.0666664586403192,-0.07506776916835643,0.506270653169839,0.9504049980630122
migu_lora,6,medical_mts_dialog_note,model.layers.26.self_attn.q_proj,change_of_shared_adapter,0.14794356407136944,0.4111007229062605,-0.047612460977796964,-0.10412848580880017,0.7490654000427714,0.9330925746007924
migu_lora,6,medical_mts_dialog_note,model.layers.26.self_attn.v_proj,change_of_shared_adapter,0.06905571165958091,0.1985672829105977,-0.08277344133704417,-0.1751770783272722,0.7591571379735379,0.9612744976116641
migu_lora,6,medical_mts_dialog_note,model.layers.27.self_attn.q_proj,change_of_shared_adapter,0.16971521612322787,0.48952780850060673,-0.2731964669624843,-0.37173808855286666,0.7719622506752416,0.9241850575638629
migu_lora,6,medical_mts_dialog_note,model.layers.27.self_attn.v_proj,change_of_shared_adapter,0.07724738631887557,0.22904578775910214,0.004396224329126021,-0.10134531151498255,0.6967534823483236,0.9309230097192471
migu_lora,7,medical_iu_xray_impression,model.layers.0.self_attn.q_proj,change_of_shared_adapter,0.186391419779646,0.5093684792442602,-0.027498426895990823,0.09002353920234245,0.7481428537469166,0.9552579822759053
migu_lora,7,medical_iu_xray_impression,model.layers.0.self_attn.v_proj,change_of_shared_adapter,0.08692823389554855,0.24755133501011659,0.08171803354364783,0.13875369742311902,0.43625142390861044,0.9050204604010552
migu_lora,7,medical_iu_xray_impression,model.layers.1.self_attn.q_proj,change_of_shared_adapter,0.22873711112708972,0.6096593171176334,0.21273622822283655,0.38227537974215997,0.726192532620652,0.932266064846685
migu_lora,7,medical_iu_xray_impression,model.layers.1.self_attn.v_proj,change_of_shared_adapter,0.08896803186700973,0.23952874353100936,0.17284827050067617,0.13527223273331146,0.7023880069330573,0.9421260703889653
migu_lora,7,medical_iu_xray_impression,model.layers.2.self_attn.q_proj,change_of_shared_adapter,0.21375232015185572,0.5770700281412153,0.08563666530329217,0.049220405947842015,0.385604087852793,0.8147935480677423
migu_lora,7,medical_iu_xray_impression,model.layers.2.self_attn.v_proj,change_of_shared_adapter,0.0891233751743855,0.2805065397267732,0.03212251253832276,0.03292702421192344,0.8033882494408175,0.9553999763641663
migu_lora,7,medical_iu_xray_impression,model.layers.3.self_attn.q_proj,change_of_shared_adapter,0.19659374411038041,0.6206654945061342,0.14268294674449147,0.11314770626448349,0.4364046842832035,0.8327782138576612
migu_lora,7,medical_iu_xray_impression,model.layers.3.self_attn.v_proj,change_of_shared_adapter,0.08963543394175495,0.2830536733891481,0.041850215511761185,0.162858881478364,0.8071306164485014,0.9622062034205687
migu_lora,7,medical_iu_xray_impression,model.layers.4.self_attn.q_proj,change_of_shared_adapter,0.21503714140539568,0.5577893140850664,-0.04599288776109117,-0.04181827034828179,0.3955823947418228,0.8600423433343307
migu_lora,7,medical_iu_xray_impression,model.layers.4.self_attn.v_proj,change_of_shared_adapter,0.10622992968374233,0.27702811457419824,0.28559647024987656,0.1115716244530562,0.7917980380413743,0.9624276090790804
migu_lora,7,medical_iu_xray_impression,model.layers.5.self_attn.q_proj,change_of_shared_adapter,0.21141502995915407,0.5523656089844822,-0.008413856603304617,0.17533567574028863,0.49417067197390274,0.8859251916883216
migu_lora,7,medical_iu_xray_impression,model.layers.5.self_attn.v_proj,change_of_shared_adapter,0.09498819993194074,0.25155545538380014,0.17715494912408597,0.2524013543687142,0.5894952225364846,0.9292113644217658
migu_lora,7,medical_iu_xray_impression,model.layers.6.self_attn.q_proj,change_of_shared_adapter,0.2092313928318899,0.5811078996064573,0.016732102960679125,0.09885576042652074,0.6809687368782766,0.9173219102223942
migu_lora,7,medical_iu_xray_impression,model.layers.6.self_attn.v_proj,change_of_shared_adapter,0.10570251757169853,0.276943436031552,0.1715887914376812,0.0010860043814158247,0.7878374777583769,0.9783486077966987
migu_lora,7,medical_iu_xray_impression,model.layers.7.self_attn.q_proj,change_of_shared_adapter,0.2254226927986547,0.5341634894203562,-0.015821256764499355,-0.20301281458923826,0.5365293573978992,0.9028151336438113
migu_lora,7,medical_iu_xray_impression,model.layers.7.self_attn.v_proj,change_of_shared_adapter,0.11306923802230484,0.30092357901624645,0.1909849558888848,-0.026659200563576037,0.865092834958332,0.9744437129310346
migu_lora,7,medical_iu_xray_impression,model.layers.8.self_attn.q_proj,change_of_shared_adapter,0.21777049850988894,0.572554625134042,0.20511618955461997,0.05835449463474895,0.5124860780179491,0.8722879248634182
migu_lora,7,medical_iu_xray_impression,model.layers.8.self_attn.v_proj,change_of_shared_adapter,0.09841055259956755,0.2631083060037118,0.1670120323881528,0.1147550493759359,0.7140109619139814,0.9235000622345231
migu_lora,7,medical_iu_xray_impression,model.layers.9.self_attn.q_proj,change_of_shared_adapter,0.2193069258942397,0.5400997942432999,-0.07386978734600201,-0.17010571651641757,0.7129151895138147,0.9120417904059682
migu_lora,7,medical_iu_xray_impression,model.layers.9.self_attn.v_proj,change_of_shared_adapter,0.10029769025804361,0.2458116221880228,0.09774900571776408,0.1909365185258923,0.5795232975170868,0.9171107210214188
migu_lora,7,medical_iu_xray_impression,model.layers.10.self_attn.q_proj,change_of_shared_adapter,0.2034647169771762,0.5668723227641258,-0.056027503262866846,-0.07916689873236864,0.49935066364882913,0.9029600627440044
migu_lora,7,medical_iu_xray_impression,model.layers.10.self_attn.v_proj,change_of_shared_adapter,0.09746402320988548,0.24231720464577056,-0.007089261737980878,0.094248028909708,0.40823496771919265,0.9106106446093364
migu_lora,7,medical_iu_xray_impression,model.layers.11.self_attn.q_proj,change_of_shared_adapter,0.21236941056097708,0.5734743170166681,0.06610418612551917,0.08729090964615266,0.7249914404472919,0.9002970662318216
migu_lora,7,medical_iu_xray_impression,model.layers.11.self_attn.v_proj,change_of_shared_adapter,0.10904346946326066,0.28332589876034703,0.020250291236796263,0.09712180355448921,0.7217334040529502,0.9513453325662482
migu_lora,7,medical_iu_xray_impression,model.layers.12.self_attn.q_proj,change_of_shared_adapter,0.2250383280186918,0.6219616577829526,-0.1498162961881557,-0.02781985560557791,0.7056853496228864,0.9529958441681555
migu_lora,7,medical_iu_xray_impression,model.layers.12.self_attn.v_proj,change_of_shared_adapter,0.10053492682531807,0.2707553529329506,-0.008594736780071742,-0.03864896218144496,0.6421556223873071,0.9246826894041048
migu_lora,7,medical_iu_xray_impression,model.layers.13.self_attn.q_proj,change_of_shared_adapter,0.23325413986962004,0.5763659605477686,0.026634051977377952,0.09765050496838805,0.7779815061351908,0.9487788794966487
migu_lora,7,medical_iu_xray_impression,model.layers.13.self_attn.v_proj,change_of_shared_adapter,0.10418437261636808,0.2846273669119194,-0.003351871811898214,0.08227417210134554,0.7194362542021121,0.953059711281118
migu_lora,7,medical_iu_xray_impression,model.layers.14.self_attn.q_proj,change_of_shared_adapter,0.2194351626476133,0.4922228136339402,-0.09026393865298395,-0.03145479904444773,0.7024887624015191,0.9334023510099207
migu_lora,7,medical_iu_xray_impression,model.layers.14.self_attn.v_proj,change_of_shared_adapter,0.10247654699822131,0.22903485475752333,0.11216684945753899,-0.045497202852514726,0.5495767863429872,0.8848979395006604
migu_lora,7,medical_iu_xray_impression,model.layers.15.self_attn.q_proj,change_of_shared_adapter,0.2516182393818681,0.5784772704340124,-0.007222007361444896,0.16556627067549215,0.8703011449144609,0.9691646915004118
migu_lora,7,medical_iu_xray_impression,model.layers.15.self_attn.v_proj,change_of_shared_adapter,0.10740347773618712,0.2750366306986366,0.13319022551964432,0.18672998071501112,0.618671985873026,0.9532971012119684
migu_lora,7,medical_iu_xray_impression,model.layers.16.self_attn.q_proj,change_of_shared_adapter,0.18535088027823263,0.5014605197062049,-0.0085481101095897,0.028393818406115292,0.5144781321583553,0.8791756696187356
migu_lora,7,medical_iu_xray_impression,model.layers.16.self_attn.v_proj,change_of_shared_adapter,0.1187807509946653,0.26601643803687947,-0.003209905603247713,0.1122895007046659,0.7806381680046799,0.9616658226721572
migu_lora,7,medical_iu_xray_impression,model.layers.17.self_attn.q_proj,change_of_shared_adapter,0.22668872501976303,0.5278580273118056,0.05805537550299635,0.02750460603542853,0.778701069356329,0.9342980733819026
migu_lora,7,medical_iu_xray_impression,model.layers.17.self_attn.v_proj,change_of_shared_adapter,0.11203095676510072,0.2663102967216728,0.10329175571122257,0.010153360068296929,0.5436670934863066,0.9225436115113449
migu_lora,7,medical_iu_xray_impression,model.layers.18.self_attn.q_proj,change_of_shared_adapter,0.23356514895390207,0.5118357357818379,0.04614270709642465,0.07236181443451707,0.42869673882404097,0.8699779657226425
migu_lora,7,medical_iu_xray_impression,model.layers.18.self_attn.v_proj,change_of_shared_adapter,0.1287947328253878,0.27423983453914674,0.04958644396898297,0.09900522902986554,0.8051293692314743,0.9718879915299756
migu_lora,7,medical_iu_xray_impression,model.layers.19.self_attn.q_proj,change_of_shared_adapter,0.24885578255428947,0.5287038665762531,0.038271311236087166,0.005006749788590384,0.6039274476504591,0.9083857018556387
migu_lora,7,medical_iu_xray_impression,model.layers.19.self_attn.v_proj,change_of_shared_adapter,0.12705349194355012,0.29818329776182356,0.028860474671818348,0.13788293976754742,0.6451069777668339,0.9465278092697379
migu_lora,7,medical_iu_xray_impression,model.layers.20.self_attn.q_proj,change_of_shared_adapter,0.22668315708228576,0.5207422858536987,-0.07791758209539568,-0.04396052698540778,0.6393904257201715,0.9276213235187702
migu_lora,7,medical_iu_xray_impression,model.layers.20.self_attn.v_proj,change_of_shared_adapter,0.1043444513693028,0.2711471763109114,0.058112977036904385,0.053826447349622955,0.49657803101400927,0.905065509124842
migu_lora,7,medical_iu_xray_impression,model.layers.21.self_attn.q_proj,change_of_shared_adapter,0.25646816930519567,0.487111834323337,0.05625510324393761,-0.04154516426302248,0.42715784196095763,0.9346165416328962
migu_lora,7,medical_iu_xray_impression,model.layers.21.self_attn.v_proj,change_of_shared_adapter,0.11724698824201003,0.2229385750379841,0.026160849070135408,0.10022119395454236,0.4895398013013783,0.9161967639141543
migu_lora,7,medical_iu_xray_impression,model.layers.22.self_attn.q_proj,change_of_shared_adapter,0.24493086812152443,0.47674298674290777,0.04458773332818842,0.0814995030621099,0.6046753267629568,0.9296878195187331
migu_lora,7,medical_iu_xray_impression,model.layers.22.self_attn.v_proj,change_of_shared_adapter,0.11331972938411752,0.22210904388238498,0.0015613097341297313,-0.011597483068400015,0.6805742700306998,0.9472894716942799
migu_lora,7,medical_iu_xray_impression,model.layers.23.self_attn.q_proj,change_of_shared_adapter,0.2740556871470104,0.5338875811816137,0.07765001262007859,0.07570745188536751,0.6613111673465192,0.9305314721397694
migu_lora,7,medical_iu_xray_impression,model.layers.23.self_attn.v_proj,change_of_shared_adapter,0.13324836561091974,0.2191679806892428,0.08693690829859262,-0.05653304769308192,0.5978048666187806,0.9410448665279593
migu_lora,7,medical_iu_xray_impression,model.layers.24.self_attn.q_proj,change_of_shared_adapter,0.2735134557541319,0.5412102417295003,0.16866719027209492,0.08573359388334194,0.6212313446821245,0.9073876938141381
migu_lora,7,medical_iu_xray_impression,model.layers.24.self_attn.v_proj,change_of_shared_adapter,0.12164692419639755,0.22657860124464715,0.028704027420911715,-0.04889462043637825,0.6204106813380273,0.9320772450880085
migu_lora,7,medical_iu_xray_impression,model.layers.25.self_attn.q_proj,change_of_shared_adapter,0.2192655110835564,0.4374899245333958,-0.03873797416528289,0.0032917862861766025,0.5074353113502356,0.898679135743451
migu_lora,7,medical_iu_xray_impression,model.layers.25.self_attn.v_proj,change_of_shared_adapter,0.13670181525220385,0.23372791090537287,0.053392527155092184,-0.0919315276633399,0.6926410659421987,0.951041292973524
migu_lora,7,medical_iu_xray_impression,model.layers.26.self_attn.q_proj,change_of_shared_adapter,0.2403707637737243,0.43023197318857465,0.030062337371614838,-0.032296233985612655,0.6792296331002031,0.9278370112151821
migu_lora,7,medical_iu_xray_impression,model.layers.26.self_attn.v_proj,change_of_shared_adapter,0.1271363864063145,0.20476240953209995,-0.028209745873298837,0.05468581736516423,0.813542619015593,0.9702661725398335
migu_lora,7,medical_iu_xray_impression,model.layers.27.self_attn.q_proj,change_of_shared_adapter,0.23940253077718693,0.4722777056723713,0.029375079885279317,-0.08561949257978137,0.6584862326432629,0.9510416156496274
migu_lora,7,medical_iu_xray_impression,model.layers.27.self_attn.v_proj,change_of_shared_adapter,0.12996535189399694,0.2420427607559209,0.002815909047075198,0.03634016324106777,0.5464696578131947,0.9234185145439605
migu_lora,8,natural_vqav2,model.layers.0.self_attn.q_proj,change_of_shared_adapter,0.1603581113346784,0.5375653471439917,0.15455427214488,-0.0039198845460997,0.7083295266919476,0.9242689901054291
migu_lora,8,natural_vqav2,model.layers.0.self_attn.v_proj,change_of_shared_adapter,0.06612967140960171,0.2689892094224362,-0.07542347389441761,-0.020755069891960007,0.5333771915786635,0.904686571747237
migu_lora,8,natural_vqav2,model.layers.1.self_attn.q_proj,change_of_shared_adapter,0.16802305900026987,0.6952251512831826,0.036856669645974297,0.022887808591974618,0.6252765960744475,0.9207981850319603
migu_lora,8,natural_vqav2,model.layers.1.self_attn.v_proj,change_of_shared_adapter,0.0658289073871069,0.2695482545779237,-0.05136745675516262,0.016588668529460344,0.7571127649284383,0.9408782710879912
migu_lora,8,natural_vqav2,model.layers.2.self_attn.q_proj,change_of_shared_adapter,0.15154057178077388,0.6323183113840056,-0.0462917864376224,0.002472540233633123,0.43621611595241266,0.8954027172125493
migu_lora,8,natural_vqav2,model.layers.2.self_attn.v_proj,change_of_shared_adapter,0.07895631344462657,0.29704040216083283,0.14979769381065194,0.07972053004341678,0.7827374519199622,0.9683340448702248
migu_lora,8,natural_vqav2,model.layers.3.self_attn.q_proj,change_of_shared_adapter,0.1488642369172275,0.6772701115174902,0.012670956894749112,-0.015382726518658327,0.5939996480338906,0.8998127600689286
migu_lora,8,natural_vqav2,model.layers.3.self_attn.v_proj,change_of_shared_adapter,0.06823232902757434,0.3004621609187306,0.0944135433093034,-0.016618562695762472,0.8140747293386387,0.9701100156526006
migu_lora,8,natural_vqav2,model.layers.4.self_attn.q_proj,change_of_shared_adapter,0.13190868873624587,0.5885037116691612,0.042983674458686096,-0.05293548402449306,0.3360812358947369,0.8787113592223038
migu_lora,8,natural_vqav2,model.layers.4.self_attn.v_proj,change_of_shared_adapter,0.07906860377371784,0.32378824384307936,-0.01626304805372413,-0.05753415279438256,0.7928654944337187,0.9648842320474483
migu_lora,8,natural_vqav2,model.layers.5.self_attn.q_proj,change_of_shared_adapter,0.13580170190278082,0.5897787446118772,0.11373009223662663,0.0775039186414689,0.48045161642704,0.8660366604687022
migu_lora,8,natural_vqav2,model.layers.5.self_attn.v_proj,change_of_shared_adapter,0.06435926599690357,0.2841989960878398,-0.018273472973158695,0.017066783636194967,0.49776816700867194,0.8659578949795869
migu_lora,8,natural_vqav2,model.layers.6.self_attn.q_proj,change_of_shared_adapter,0.16427882934788973,0.6209129940514128,0.0271962497827225,0.0012082028207942976,0.7001563153731004,0.9223753624291465
migu_lora,8,natural_vqav2,model.layers.6.self_attn.v_proj,change_of_shared_adapter,0.0895341683101862,0.3129165041846073,-0.0846340339675146,-0.07699797358238077,0.882698678965643,0.9802159051307742
migu_lora,8,natural_vqav2,model.layers.7.self_attn.q_proj,change_of_shared_adapter,0.13646354760141263,0.576485791164071,-0.008013723012368105,0.08682099195483145,0.592842507955694,0.8824254394064683
migu_lora,8,natural_vqav2,model.layers.7.self_attn.v_proj,change_of_shared_adapter,0.0792193198324202,0.3410810102511754,0.01962218142632781,-0.059007237394716854,0.8793029362513423,0.9732641361053588
migu_lora,8,natural_vqav2,model.layers.8.self_attn.q_proj,change_of_shared_adapter,0.1348137766951943,0.6529876113738374,0.06562705378705595,0.1393350685438792,0.41209214773672326,0.9079249891026143
migu_lora,8,natural_vqav2,model.layers.8.self_attn.v_proj,change_of_shared_adapter,0.06377529347624529,0.2959043432200918,-0.20806268803956005,-0.11897629275032694,0.6084049239679447,0.9160782138967747
migu_lora,8,natural_vqav2,model.layers.9.self_attn.q_proj,change_of_shared_adapter,0.11460517077604516,0.567718163937498,-0.005795567760658025,0.024354595117701786,0.6466223882641577,0.8682984129451333
migu_lora,8,natural_vqav2,model.layers.9.self_attn.v_proj,change_of_shared_adapter,0.06453077080968463,0.2744136554822397,-0.08878293684254178,-0.06496595242429097,0.5647837560383058,0.9398840852442278
migu_lora,8,natural_vqav2,model.layers.10.self_attn.q_proj,change_of_shared_adapter,0.12155751334178311,0.591454024525668,0.082477538479322,0.0036987694852369,0.5311721256494919,0.8657268844661608
migu_lora,8,natural_vqav2,model.layers.10.self_attn.v_proj,change_of_shared_adapter,0.060631067129769345,0.2605417554366828,-0.06869625786616627,-0.09892918059569906,0.5170719914433045,0.8997356776753678
migu_lora,8,natural_vqav2,model.layers.11.self_attn.q_proj,change_of_shared_adapter,0.1316098277292601,0.6245598492512064,-0.053061323738036126,-0.08331524271708393,0.6338466378491354,0.8843965743490989
migu_lora,8,natural_vqav2,model.layers.11.self_attn.v_proj,change_of_shared_adapter,0.06764250895052522,0.3056391697990477,0.042341455623387855,-0.05512255049847704,0.6985424033705874,0.9372898656155789
migu_lora,8,natural_vqav2,model.layers.12.self_attn.q_proj,change_of_shared_adapter,0.16610928036465264,0.6289200375624728,0.03571989037438596,0.13112016893261888,0.8280489330832067,0.9494577496997129
migu_lora,8,natural_vqav2,model.layers.12.self_attn.v_proj,change_of_shared_adapter,0.0660056413770714,0.2880066471978966,0.06899017420807296,0.06198433027347195,0.6077180399073449,0.9014821041806651
migu_lora,8,natural_vqav2,model.layers.13.self_attn.q_proj,change_of_shared_adapter,0.14315164357683854,0.6275082187749946,0.10977742673321074,0.05529717575543119,0.7477085212510268,0.9176345419492572
migu_lora,8,natural_vqav2,model.layers.13.self_attn.v_proj,change_of_shared_adapter,0.06698667377066628,0.3027677831801632,0.11281737194798308,0.030539437300488116,0.812618131296188,0.9407220522695302
migu_lora,8,natural_vqav2,model.layers.14.self_attn.q_proj,change_of_shared_adapter,0.13007008861310623,0.52051521932164,0.020299316249208787,0.00841073421786573,0.6704156353526608,0.8994961854067051
migu_lora,8,natural_vqav2,model.layers.14.self_attn.v_proj,change_of_shared_adapter,0.0562724544120484,0.2611966243329009,0.006417369097583783,-0.032394295020371534,0.6279402204519144,0.8791175120676897
migu_lora,8,natural_vqav2,model.layers.15.self_attn.q_proj,change_of_shared_adapter,0.13915161823766964,0.6291623685434058,0.1370897863488638,0.11554085861640347,0.8073157591907951,0.9295032039490551
migu_lora,8,natural_vqav2,model.layers.15.self_attn.v_proj,change_of_shared_adapter,0.07918572767908424,0.30830099683380896,0.06276224748493021,0.027913104039501743,0.7490211874497718,0.9689230946596442
migu_lora,8,natural_vqav2,model.layers.16.self_attn.q_proj,change_of_shared_adapter,0.10977894627155918,0.5331309162075843,-0.08718816677549211,-0.018823250489151844,0.5721974426375142,0.8273470891079387
migu_lora,8,natural_vqav2,model.layers.16.self_attn.v_proj,change_of_shared_adapter,0.0648559427364049,0.29098240716378565,-0.025928319488773017,0.09294009787746821,0.738723803931671,0.9206312736008294
migu_lora,8,natural_vqav2,model.layers.17.self_attn.q_proj,change_of_shared_adapter,0.12737151366356575,0.5864431986015723,0.058678312208251295,0.09875900754654568,0.7127711425313591,0.9264278906738447
migu_lora,8,natural_vqav2,model.layers.17.self_attn.v_proj,change_of_shared_adapter,0.061171265050967386,0.2993919302971922,0.07261283849394644,0.06447127573256423,0.5699593412504083,0.8739330495471443
migu_lora,8,natural_vqav2,model.layers.18.self_attn.q_proj,change_of_shared_adapter,0.10545308099099886,0.57232940052443,-0.03107949800428596,-0.021509930591612422,0.5324372835339314,0.8260721485464319
migu_lora,8,natural_vqav2,model.layers.18.self_attn.v_proj,change_of_shared_adapter,0.06521874562449795,0.3087044226133623,-0.09356368432262448,0.026854707062129873,0.7158870954686984,0.9539830232197465
migu_lora,8,natural_vqav2,model.layers.19.self_attn.q_proj,change_of_shared_adapter,0.1056325282152694,0.5928977732553891,-0.05190319066683072,-0.014175353590691034,0.6422406433888312,0.8467593014735091
migu_lora,8,natural_vqav2,model.layers.19.self_attn.v_proj,change_of_shared_adapter,0.06955410452357609,0.32747922113599665,-0.12440098165346931,-0.03867420074629474,0.6766036554469224,0.942873730770881
migu_lora,8,natural_vqav2,model.layers.20.self_attn.q_proj,change_of_shared_adapter,0.0951564050850576,0.5515092500927101,0.02530268566366099,-0.06837360156760726,0.5470088973733944,0.8593002301736834
migu_lora,8,natural_vqav2,model.layers.20.self_attn.v_proj,change_of_shared_adapter,0.050433450831296855,0.2961366275782389,-0.1457630124255036,-0.06373463468281175,0.3610084502190984,0.8410296101208616
migu_lora,8,natural_vqav2,model.layers.21.self_attn.q_proj,change_of_shared_adapter,0.09351858854631558,0.5631248641573147,-0.013940767558387737,-0.023895405355648377,0.4571231946565739,0.8012852066831229
migu_lora,8,natural_vqav2,model.layers.21.self_attn.v_proj,change_of_shared_adapter,0.04640610839838228,0.25459005262779627,-0.017217668087270706,-0.0010919899621395185,0.34181209580026856,0.8009093834613192
migu_lora,8,natural_vqav2,model.layers.22.self_attn.q_proj,change_of_shared_adapter,0.08845552444381648,0.5456078648607023,0.0014161712281163755,0.019541021157165155,0.3943655589917158,0.7492620464829994
migu_lora,8,natural_vqav2,model.layers.22.self_attn.v_proj,change_of_shared_adapter,0.05023872093789198,0.24950427391723115,-0.009309198479180127,0.11147307416862039,0.7241209908803918,0.9146846846339033
migu_lora,8,natural_vqav2,model.layers.23.self_attn.q_proj,change_of_shared_adapter,0.10183984177561249,0.6187610047478422,0.0824775527141994,0.029974150696496178,0.5321133536140705,0.8382199321638945
migu_lora,8,natural_vqav2,model.layers.23.self_attn.v_proj,change_of_shared_adapter,0.0463441089913476,0.2662095087597706,-0.01645828636425395,-0.016458824147620957,0.5694089256875352,0.87087421878789
migu_lora,8,natural_vqav2,model.layers.24.self_attn.q_proj,change_of_shared_adapter,0.09253828088634476,0.6462609113590567,0.04823700606928141,-0.0325444443357852,0.4006796596007792,0.7789990550872643
migu_lora,8,natural_vqav2,model.layers.24.self_attn.v_proj,change_of_shared_adapter,0.059166067592268834,0.2602271150028696,-0.10771660574094821,-0.036688930694569945,0.6179153944645613,0.9168759953863901
migu_lora,8,natural_vqav2,model.layers.25.self_attn.q_proj,change_of_shared_adapter,0.08417080297777536,0.4817082162349784,-0.014968178261846076,-0.024526669289636125,0.28518489521977636,0.7164256355793727
migu_lora,8,natural_vqav2,model.layers.25.self_attn.v_proj,change_of_shared_adapter,0.05252454223516426,0.2769982221437123,-0.09820380499878635,-0.018577855522851128,0.6357102829558519,0.9150913723862372
migu_lora,8,natural_vqav2,model.layers.26.self_attn.q_proj,change_of_shared_adapter,0.0870184670354157,0.49909463969533896,-0.022284976492747532,-0.009346070894851611,0.35433007310304904,0.7371336913807636
migu_lora,8,natural_vqav2,model.layers.26.self_attn.v_proj,change_of_shared_adapter,0.0405794298152328,0.23795493359666114,0.021240896558661442,0.13265916582041243,0.6440164969512685,0.9027852617508701
migu_lora,8,natural_vqav2,model.layers.27.self_attn.q_proj,change_of_shared_adapter,0.08106059928503405,0.535726011280629,0.020132303619316387,-0.01400212961306559,0.30374033680695683,0.7581533777189052
migu_lora,8,natural_vqav2,model.layers.27.self_attn.v_proj,change_of_shared_adapter,0.04647263680667642,0.27505063497650273,-0.006976392537937764,0.11759690676001294,0.5218405955274474,0.8567292627466334
migu_lora,9,medical_vqa_rad,model.layers.0.self_attn.q_proj,change_of_shared_adapter,0.1270827487443275,0.5842407885200434,-0.12740234738734202,-0.3012426471268531,0.5788389337279546,0.8313910298770893
migu_lora,9,medical_vqa_rad,model.layers.0.self_attn.v_proj,change_of_shared_adapter,0.05493266495078365,0.272112177919497,0.006642463564444377,-0.22276499926803614,0.5425445712987698,0.9055681290902393
migu_lora,9,medical_vqa_rad,model.layers.1.self_attn.q_proj,change_of_shared_adapter,0.13209739016500519,0.7212353976192603,-0.17043882299456697,-0.34032100944695226,0.6949311318841634,0.9241705660976253
migu_lora,9,medical_vqa_rad,model.layers.1.self_attn.v_proj,change_of_shared_adapter,0.05751692973875497,0.2741655911967885,-0.0853113311109675,-0.2719896873885166,0.7654070694107087,0.922137903376904
migu_lora,9,medical_vqa_rad,model.layers.2.self_attn.q_proj,change_of_shared_adapter,0.11809614278022149,0.6433657279807662,-0.15604093131514682,-0.2258278108388022,0.44891985716921745,0.8709940722925417
migu_lora,9,medical_vqa_rad,model.layers.2.self_attn.v_proj,change_of_shared_adapter,0.05568444481633076,0.31858056283631747,-0.13692731638693484,-0.33279849075186024,0.686390591103498,0.9334454930311239
migu_lora,9,medical_vqa_rad,model.layers.3.self_attn.q_proj,change_of_shared_adapter,0.14206650172011745,0.6952771890681344,-0.3273623374780816,-0.4183021230206017,0.7536363514758723,0.9238201792268093
migu_lora,9,medical_vqa_rad,model.layers.3.self_attn.v_proj,change_of_shared_adapter,0.058533078670140785,0.3143315907962775,-0.07475871682488536,-0.3211639729339912,0.7746001071384044,0.9605251185952565
migu_lora,9,medical_vqa_rad,model.layers.4.self_attn.q_proj,change_of_shared_adapter,0.13113864964158725,0.6086132260319526,-0.17407703974355923,-0.183667141477216,0.5857876433062972,0.8935553869458137
migu_lora,9,medical_vqa_rad,model.layers.4.self_attn.v_proj,change_of_shared_adapter,0.06064765427701661,0.3320511325277417,-0.024745065240623216,-0.22874562246921967,0.7634544930583125,0.9468291234543785
migu_lora,9,medical_vqa_rad,model.layers.5.self_attn.q_proj,change_of_shared_adapter,0.13061763564926274,0.6200798566878444,-0.12376806026530217,-0.26817077291656877,0.5408467846522417,0.8949284254012201
migu_lora,9,medical_vqa_rad,model.layers.5.self_attn.v_proj,change_of_shared_adapter,0.054288221162162836,0.29024594777636104,0.004303322861814521,-0.13201994399372932,0.6074214972762072,0.9116241449330463
migu_lora,9,medical_vqa_rad,model.layers.6.self_attn.q_proj,change_of_shared_adapter,0.14000047209797353,0.6465822998355167,0.07243918122173261,-0.09131317603170992,0.5787670299460806,0.9013444968703842
migu_lora,9,medical_vqa_rad,model.layers.6.self_attn.v_proj,change_of_shared_adapter,0.062344412787289145,0.318104966951335,-0.07055263921603101,-0.19449184304680528,0.7528352282866175,0.9643812994849325
migu_lora,9,medical_vqa_rad,model.layers.7.self_attn.q_proj,change_of_shared_adapter,0.14113712973707418,0.5913520942207893,-0.09296900112353906,-0.15200628838363844,0.5641967206988272,0.8859233088565007
migu_lora,9,medical_vqa_rad,model.layers.7.self_attn.v_proj,change_of_shared_adapter,0.06793273860070395,0.35167079341787466,-0.31272717588925597,-0.24593874094467258,0.7232751895741582,0.9455752011326864
migu_lora,9,medical_vqa_rad,model.layers.8.self_attn.q_proj,change_of_shared_adapter,0.14687287854436065,0.6753681223096656,0.08262417273071301,-0.25966604007604166,0.6174125153077133,0.9183869052697357
migu_lora,9,medical_vqa_rad,model.layers.8.self_attn.v_proj,change_of_shared_adapter,0.061182549308083964,0.28943704956499716,-0.036335799273644685,-0.24844417703158703,0.6062268554959522,0.9027222192905516
migu_lora,9,medical_vqa_rad,model.layers.9.self_attn.q_proj,change_of_shared_adapter,0.1322179851785454,0.5785188844937609,-0.04524454217802217,-0.26192213099054096,0.672137981177858,0.8969192628717904
migu_lora,9,medical_vqa_rad,model.layers.9.self_attn.v_proj,change_of_shared_adapter,0.06019871917438362,0.27626566211012243,-0.04411662112940114,-0.13199356050763927,0.5908047328098632,0.9317069707240021
migu_lora,9,medical_vqa_rad,model.layers.10.self_attn.q_proj,change_of_shared_adapter,0.13097196585715973,0.6135581876917456,0.012246850557835209,-0.06166733618507365,0.6274412328853136,0.9061443608797958
migu_lora,9,medical_vqa_rad,model.layers.10.self_attn.v_proj,change_of_shared_adapter,0.05460652261208871,0.2634155527050428,-0.03025300395742975,-0.10306308431123996,0.5085463739236608,0.8868845094975536
migu_lora,9,medical_vqa_rad,model.layers.11.self_attn.q_proj,change_of_shared_adapter,0.1334004037748249,0.6314056223589194,0.015306900919201546,-0.07790522178951968,0.538002230512423,0.8895469026057715
migu_lora,9,medical_vqa_rad,model.layers.11.self_attn.v_proj,change_of_shared_adapter,0.0634380166815557,0.31581887625643523,-0.14870511039895418,-0.17028443959639777,0.6081966337822053,0.8979921540031448
migu_lora,9,medical_vqa_rad,model.layers.12.self_attn.q_proj,change_of_shared_adapter,0.13551918392624412,0.6561981268031908,-0.20703217876498672,-0.24883182057143133,0.750419252650136,0.9308670863618607
migu_lora,9,medical_vqa_rad,model.layers.12.self_attn.v_proj,change_of_shared_adapter,0.060415774876421205,0.2998792902230155,-0.09704437122939517,-0.23978440915229282,0.5964938711155572,0.9053242736099139
migu_lora,9,medical_vqa_rad,model.layers.13.self_attn.q_proj,change_of_shared_adapter,0.14827898992279914,0.6587725813419848,0.0286805939272041,-0.10456721035669592,0.698893981434518,0.9279075472716125
migu_lora,9,medical_vqa_rad,model.layers.13.self_attn.v_proj,change_of_shared_adapter,0.07271055408487524,0.31738263185914983,-0.24161036342104616,-0.2300984613140768,0.8379872042852878,0.938509882784308
migu_lora,9,medical_vqa_rad,model.layers.14.self_attn.q_proj,change_of_shared_adapter,0.1354937748214378,0.5390760516079093,-0.13767670611065125,-0.10903164775375812,0.6256109267285311,0.8795636460351148
migu_lora,9,medical_vqa_rad,model.layers.14.self_attn.v_proj,change_of_shared_adapter,0.05886244323560485,0.2675423572413677,-0.1149827901184628,-0.2102472681830742,0.5105199817915679,0.8936174046641403
migu_lora,9,medical_vqa_rad,model.layers.15.self_attn.q_proj,change_of_shared_adapter,0.15950449899771013,0.6627311640197885,-0.13964355421962715,-0.25413465797106755,0.8779341527911237,0.9713641822048142
migu_lora,9,medical_vqa_rad,model.layers.15.self_attn.v_proj,change_of_shared_adapter,0.07601208257463904,0.32308562097396676,-0.1782141491846618,-0.46689786009927875,0.7336683508583532,0.9676547895664978
migu_lora,9,medical_vqa_rad,model.layers.16.self_attn.q_proj,change_of_shared_adapter,0.12684467850081257,0.5348591829823173,0.06906363232510172,-0.22205385920144283,0.6123528463749119,0.8695383031528715
migu_lora,9,medical_vqa_rad,model.layers.16.self_attn.v_proj,change_of_shared_adapter,0.07027271853557171,0.29647667580089015,-0.15062970325716565,-0.3239989767206336,0.7632849277016182,0.936467280277279
migu_lora,9,medical_vqa_rad,model.layers.17.self_attn.q_proj,change_of_shared_adapter,0.1276922540327736,0.6073756799749976,-0.0006465030652116687,-0.10653718931386659,0.7776409560023076,0.9473076668698049
migu_lora,9,medical_vqa_rad,model.layers.17.self_attn.v_proj,change_of_shared_adapter,0.05855847739378128,0.30989859831473127,-0.18513509583163043,-0.31042692905894453,0.569163222747902,0.8883080223358394
migu_lora,9,medical_vqa_rad,model.layers.18.self_attn.q_proj,change_of_shared_adapter,0.12783579927705166,0.5787311614655706,0.00520898270833715,-0.16162592148103194,0.5541728436522547,0.8624952366895935
migu_lora,9,medical_vqa_rad,model.layers.18.self_attn.v_proj,change_of_shared_adapter,0.061251659941487735,0.3094905669390173,-0.10718091002934402,-0.27452607128233036,0.7623976803148068,0.9490581242681065
migu_lora,9,medical_vqa_rad,model.layers.19.self_attn.q_proj,change_of_shared_adapter,0.12344062999988069,0.5968120981589046,-0.025344322418307644,-0.11401124385202488,0.7000306712895761,0.9016120828729534
migu_lora,9,medical_vqa_rad,model.layers.19.self_attn.v_proj,change_of_shared_adapter,0.06859927522188934,0.3262105471123949,-0.04199256908294873,-0.13355685911790305,0.6988731209550637,0.9430388283041566
migu_lora,9,medical_vqa_rad,model.layers.20.self_attn.q_proj,change_of_shared_adapter,0.11048165998768213,0.5620257520033325,-0.06919380196340583,-0.0006942647568652426,0.47717752261461394,0.8063800795938264
migu_lora,9,medical_vqa_rad,model.layers.20.self_attn.v_proj,change_of_shared_adapter,0.06171699411103742,0.2930638803887599,-0.04030023823764348,-0.06369764988280391,0.5355029375830446,0.9274810811447537
migu_lora,9,medical_vqa_rad,model.layers.21.self_attn.q_proj,change_of_shared_adapter,0.11426536853839578,0.5695498430519339,-0.061596218531582064,-0.017637239836098408,0.5712989894257117,0.9134438804377968
migu_lora,9,medical_vqa_rad,model.layers.21.self_attn.v_proj,change_of_shared_adapter,0.051476944690391976,0.2579976440941944,-0.009849408944364382,-0.060818422576827555,0.5250472425086236,0.881584709123823
migu_lora,9,medical_vqa_rad,model.layers.22.self_attn.q_proj,change_of_shared_adapter,0.10680833608146204,0.5528553306232905,0.05847957476248072,0.05519839321092617,0.6072287526650404,0.8469303784694565
migu_lora,9,medical_vqa_rad,model.layers.22.self_attn.v_proj,change_of_shared_adapter,0.05743639473314506,0.2540530148546144,0.035845803469277834,-0.28832935580417546,0.8106034931444736,0.9508781857129276
migu_lora,9,medical_vqa_rad,model.layers.23.self_attn.q_proj,change_of_shared_adapter,0.12949934377497632,0.6353196845878513,-0.040875786701195356,-0.14420345275520338,0.6478478349943928,0.9345816234106039
migu_lora,9,medical_vqa_rad,model.layers.23.self_attn.v_proj,change_of_shared_adapter,0.0540138523267023,0.2694609048687369,-0.03669921734186425,-0.061972422359466955,0.6918876487079028,0.9483130601567216
migu_lora,9,medical_vqa_rad,model.layers.24.self_attn.q_proj,change_of_shared_adapter,0.13201473016942902,0.6572564329249895,0.10315334376689443,-0.02960556909215533,0.5144623078696492,0.8957047592201267
migu_lora,9,medical_vqa_rad,model.layers.24.self_attn.v_proj,change_of_shared_adapter,0.055781823637183675,0.260579801031013,-0.01298504354195268,-0.23533350176739207,0.5712786734736146,0.9169549170349146
migu_lora,9,medical_vqa_rad,model.layers.25.self_attn.q_proj,change_of_shared_adapter,0.10585555389283531,0.48776401785591766,-0.02737559020262407,0.028759998082809355,0.3197573399316372,0.8206192466635601
migu_lora,9,medical_vqa_rad,model.layers.25.self_attn.v_proj,change_of_shared_adapter,0.050846723258546216,0.27681991991565924,-0.07148627381682442,-0.10480855797369344,0.6483457346987315,0.9373005552005755
migu_lora,9,medical_vqa_rad,model.layers.26.self_attn.q_proj,change_of_shared_adapter,0.10210609840367238,0.5047097976491389,0.06236194114199411,-0.0499411347063417,0.47446584090631094,0.8555824372343369
migu_lora,9,medical_vqa_rad,model.layers.26.self_attn.v_proj,change_of_shared_adapter,0.0457736385796654,0.2422384113842956,-0.020754525729807214,-0.039504631686014445,0.7359534870985531,0.9411916239121648
migu_lora,9,medical_vqa_rad,model.layers.27.self_attn.q_proj,change_of_shared_adapter,0.11067562198727472,0.5434351126730531,-0.029946948162631024,-0.10107377735682015,0.43114307501071314,0.8885481042723727
migu_lora,9,medical_vqa_rad,model.layers.27.self_attn.v_proj,change_of_shared_adapter,0.05063974336951516,0.27862915980514985,-0.03868204404122528,-0.07293105291488566,0.5670468032141687,0.9149659594340532
olora,1,task1290_xsum_summarization,model.layers.0.self_attn.q_proj,new_adapter_unrouted,0.3338645417701336,0.0,,,0.5954600204836593,0.8833863258314456
olora,1,task1290_xsum_summarization,model.layers.0.self_attn.v_proj,new_adapter_unrouted,0.14071577018919676,0.0,,,0.42183851852938486,0.8569917791305726
olora,1,task1290_xsum_summarization,model.layers.1.self_attn.q_proj,new_adapter_unrouted,0.3386088868574028,0.0,,,0.44994448950665644,0.8685781036012723
olora,1,task1290_xsum_summarization,model.layers.1.self_attn.v_proj,new_adapter_unrouted,0.15301073097666135,0.0,,,0.5564549183627201,0.9007714654666733
olora,1,task1290_xsum_summarization,model.layers.2.self_attn.q_proj,new_adapter_unrouted,0.32818751610414204,0.0,,,0.37043258586943417,0.823304506990072
olora,1,task1290_xsum_summarization,model.layers.2.self_attn.v_proj,new_adapter_unrouted,0.16441450520102788,0.0,,,0.6712595314062266,0.949835645886214
olora,1,task1290_xsum_summarization,model.layers.3.self_attn.q_proj,new_adapter_unrouted,0.3412474951336832,0.0,,,0.5151149893831264,0.871837630577666
olora,1,task1290_xsum_summarization,model.layers.3.self_attn.v_proj,new_adapter_unrouted,0.16886361419658233,0.0,,,0.5929722243212353,0.9514978213812609
olora,1,task1290_xsum_summarization,model.layers.4.self_attn.q_proj,new_adapter_unrouted,0.31314702978704456,0.0,,,0.5018346916222427,0.8891973975813443
olora,1,task1290_xsum_summarization,model.layers.4.self_attn.v_proj,new_adapter_unrouted,0.17322207363111536,0.0,,,0.7166871866008917,0.943263722873498
olora,1,task1290_xsum_summarization,model.layers.5.self_attn.q_proj,new_adapter_unrouted,0.2830028510033722,0.0,,,0.46543962140798606,0.8573769824020847
olora,1,task1290_xsum_summarization,model.layers.5.self_attn.v_proj,new_adapter_unrouted,0.1500772151461565,0.0,,,0.45258530913369904,0.8843509610348591
olora,1,task1290_xsum_summarization,model.layers.6.self_attn.q_proj,new_adapter_unrouted,0.3302397864401606,0.0,,,0.5085058004587345,0.8927024729919997
olora,1,task1290_xsum_summarization,model.layers.6.self_attn.v_proj,new_adapter_unrouted,0.16685077702701578,0.0,,,0.7080448060130088,0.9512921694311111
olora,1,task1290_xsum_summarization,model.layers.7.self_attn.q_proj,new_adapter_unrouted,0.29581493308533063,0.0,,,0.5669278797425159,0.8818241701313277
olora,1,task1290_xsum_summarization,model.layers.7.self_attn.v_proj,new_adapter_unrouted,0.16108080059399213,0.0,,,0.69239304006144,0.9256528473411577
olora,1,task1290_xsum_summarization,model.layers.8.self_attn.q_proj,new_adapter_unrouted,0.28332106165028864,0.0,,,0.5034837438900043,0.8841225225957309
olora,1,task1290_xsum_summarization,model.layers.8.self_attn.v_proj,new_adapter_unrouted,0.1405885913684699,0.0,,,0.4940545990804343,0.8970182971476651
olora,1,task1290_xsum_summarization,model.layers.9.self_attn.q_proj,new_adapter_unrouted,0.25106933709781504,0.0,,,0.5735188518405266,0.8711892776939589
olora,1,task1290_xsum_summarization,model.layers.9.self_attn.v_proj,new_adapter_unrouted,0.12770894304821323,0.0,,,0.4048131043051514,0.8956142287822059
olora,1,task1290_xsum_summarization,model.layers.10.self_attn.q_proj,new_adapter_unrouted,0.294353588138349,0.0,,,0.4282441265578877,0.9047836167808767
olora,1,task1290_xsum_summarization,model.layers.10.self_attn.v_proj,new_adapter_unrouted,0.1535575714028819,0.0,,,0.5144583965973942,0.9284039973473459
olora,1,task1290_xsum_summarization,model.layers.11.self_attn.q_proj,new_adapter_unrouted,0.3106984088198092,0.0,,,0.5749980663323714,0.8995312187812936
olora,1,task1290_xsum_summarization,model.layers.11.self_attn.v_proj,new_adapter_unrouted,0.15526396656359248,0.0,,,0.48087723211515726,0.9215185630142437
olora,1,task1290_xsum_summarization,model.layers.12.self_attn.q_proj,new_adapter_unrouted,0.3253364654586757,0.0,,,0.6985781601617957,0.9274687899509283
olora,1,task1290_xsum_summarization,model.layers.12.self_attn.v_proj,new_adapter_unrouted,0.15546377167056344,0.0,,,0.6324013340187543,0.9310632925804476
olora,1,task1290_xsum_summarization,model.layers.13.self_attn.q_proj,new_adapter_unrouted,0.3159662176677162,0.0,,,0.6586440581950878,0.9191645822463425
olora,1,task1290_xsum_summarization,model.layers.13.self_attn.v_proj,new_adapter_unrouted,0.15190772399696645,0.0,,,0.6385992191642581,0.9292538205413263
olora,1,task1290_xsum_summarization,model.layers.14.self_attn.q_proj,new_adapter_unrouted,0.21792984322292522,0.0,,,0.40580638644366807,0.8608084849024834
olora,1,task1290_xsum_summarization,model.layers.14.self_attn.v_proj,new_adapter_unrouted,0.1445836654432565,0.0,,,0.45059028829031883,0.9540555838484511
olora,1,task1290_xsum_summarization,model.layers.15.self_attn.q_proj,new_adapter_unrouted,0.32011576734461716,0.0,,,0.8799249161536389,0.9644074740449508
olora,1,task1290_xsum_summarization,model.layers.15.self_attn.v_proj,new_adapter_unrouted,0.16586939766816067,0.0,,,0.5569131733823295,0.962781065079902
olora,1,task1290_xsum_summarization,model.layers.16.self_attn.q_proj,new_adapter_unrouted,0.24862884591080286,0.0,,,0.755716501449434,0.9176132816740494
olora,1,task1290_xsum_summarization,model.layers.16.self_attn.v_proj,new_adapter_unrouted,0.1531137184937807,0.0,,,0.7064066587800778,0.9501497335017095
olora,1,task1290_xsum_summarization,model.layers.17.self_attn.q_proj,new_adapter_unrouted,0.23279636440041826,0.0,,,0.6650699475763302,0.9016257063425871
olora,1,task1290_xsum_summarization,model.layers.17.self_attn.v_proj,new_adapter_unrouted,0.14167817410779798,0.0,,,0.6510255285530786,0.9708805093518676
olora,1,task1290_xsum_summarization,model.layers.18.self_attn.q_proj,new_adapter_unrouted,0.2018251189040002,0.0,,,0.3553417416723402,0.8236676647695768
olora,1,task1290_xsum_summarization,model.layers.18.self_attn.v_proj,new_adapter_unrouted,0.1407889293468656,0.0,,,0.8126318641293582,0.9675312202552903
olora,1,task1290_xsum_summarization,model.layers.19.self_attn.q_proj,new_adapter_unrouted,0.19454959760326326,0.0,,,0.5373971633232656,0.8400778346085102
olora,1,task1290_xsum_summarization,model.layers.19.self_attn.v_proj,new_adapter_unrouted,0.1365109315174268,0.0,,,0.6578195548629736,0.9404248296627996
olora,1,task1290_xsum_summarization,model.layers.20.self_attn.q_proj,new_adapter_unrouted,0.23085572984105882,0.0,,,0.6825466324296434,0.8861707592532055
olora,1,task1290_xsum_summarization,model.layers.20.self_attn.v_proj,new_adapter_unrouted,0.15950673550178537,0.0,,,0.885125716260658,0.9729029293444628
olora,1,task1290_xsum_summarization,model.layers.21.self_attn.q_proj,new_adapter_unrouted,0.20367722028936053,0.0,,,0.5019895317091423,0.849397753309597
olora,1,task1290_xsum_summarization,model.layers.21.self_attn.v_proj,new_adapter_unrouted,0.10329382622871522,0.0,,,0.3982807141197859,0.893328103557964
olora,1,task1290_xsum_summarization,model.layers.22.self_attn.q_proj,new_adapter_unrouted,0.18770042259314823,0.0,,,0.5560663137109157,0.8419996811757671
olora,1,task1290_xsum_summarization,model.layers.22.self_attn.v_proj,new_adapter_unrouted,0.09221756375065226,0.0,,,0.47967175872899315,0.9311678268328615
olora,1,task1290_xsum_summarization,model.layers.23.self_attn.q_proj,new_adapter_unrouted,0.2076895266859332,0.0,,,0.6429979096756254,0.8854353627074311
olora,1,task1290_xsum_summarization,model.layers.23.self_attn.v_proj,new_adapter_unrouted,0.1059863004074567,0.0,,,0.6803599355802088,0.9411697754459359
olora,1,task1290_xsum_summarization,model.layers.24.self_attn.q_proj,new_adapter_unrouted,0.16360643523633386,0.0,,,0.37902173275657586,0.7366551661715086
olora,1,task1290_xsum_summarization,model.layers.24.self_attn.v_proj,new_adapter_unrouted,0.09739806554094342,0.0,,,0.5494870498099518,0.9067275021406588
olora,1,task1290_xsum_summarization,model.layers.25.self_attn.q_proj,new_adapter_unrouted,0.15591961396328888,0.0,,,0.31417136929044165,0.7139076762166796
olora,1,task1290_xsum_summarization,model.layers.25.self_attn.v_proj,new_adapter_unrouted,0.1045825077739173,0.0,,,0.6143063688419457,0.9388768733224087
olora,1,task1290_xsum_summarization,model.layers.26.self_attn.q_proj,new_adapter_unrouted,0.19390073771239258,0.0,,,0.5846996310984761,0.8260999180861798
olora,1,task1290_xsum_summarization,model.layers.26.self_attn.v_proj,new_adapter_unrouted,0.07659864067010463,0.0,,,0.5717248644736244,0.8565144759092765
olora,1,task1290_xsum_summarization,model.layers.27.self_attn.q_proj,new_adapter_unrouted,0.23859134017539704,0.0,,,0.6884424218869064,0.9069814632182785
olora,1,task1290_xsum_summarization,model.layers.27.self_attn.v_proj,new_adapter_unrouted,0.08647122132363859,0.0,,,0.5150103797355701,0.8946593964306278
olora,2,task002_quoref_answer_generation,model.layers.0.self_attn.q_proj,new_adapter_unrouted,0.3300168896948642,0.3338645417701336,7.372111756522217e-06,7.372111756522217e-06,0.41000380247059065,0.8371338888005893
olora,2,task002_quoref_answer_generation,model.layers.0.self_attn.v_proj,new_adapter_unrouted,0.14056311913721262,0.14071577018919676,1.4297786562405417e-05,1.4297786562405417e-05,0.4289045061815957,0.8290618684351709
olora,2,task002_quoref_answer_generation,model.layers.1.self_attn.q_proj,new_adapter_unrouted,0.3409782000336155,0.3386088868574028,5.72454509440458e-05,5.72454509440458e-05,0.5229917124835113,0.8268959488231686
olora,2,task002_quoref_answer_generation,model.layers.1.self_attn.v_proj,new_adapter_unrouted,0.1388777332488236,0.15301073097666135,-3.425942554318502e-07,-3.425942554318502e-07,0.3376205794554134,0.8212932466877382
olora,2,task002_quoref_answer_generation,model.layers.2.self_attn.q_proj,new_adapter_unrouted,0.3246212209478498,0.32818751610414204,0.0002636019392693267,0.0002636019392693267,0.2909336063129445,0.7673311657091663
olora,2,task002_quoref_answer_generation,model.layers.2.self_attn.v_proj,new_adapter_unrouted,0.1411893707298285,0.16441450520102788,-6.593733824387952e-06,-6.593733824387952e-06,0.4670335285503907,0.8631619812174465
olora,2,task002_quoref_answer_generation,model.layers.3.self_attn.q_proj,new_adapter_unrouted,0.32677178194322426,0.3412474951336832,5.8344676491593926e-05,5.8344676491593926e-05,0.35966668017594283,0.7560739190181531
olora,2,task002_quoref_answer_generation,model.layers.3.self_attn.v_proj,new_adapter_unrouted,0.14108839197756892,0.16886361419658233,4.875701790865492e-05,4.875701790865492e-05,0.455653074781521,0.8911830172368768
olora,2,task002_quoref_answer_generation,model.layers.4.self_attn.q_proj,new_adapter_unrouted,0.31340724153264254,0.31314702978704456,0.00022111189964406055,0.00022111189964406055,0.4387158406526013,0.8507783984820417
olora,2,task002_quoref_answer_generation,model.layers.4.self_attn.v_proj,new_adapter_unrouted,0.13645643967428445,0.17322207363111536,-2.4558617334585287e-05,-2.4558617334585287e-05,0.5559621734058545,0.8844855163948843
olora,2,task002_quoref_answer_generation,model.layers.5.self_attn.q_proj,new_adapter_unrouted,0.33086069428016174,0.2830028510033722,2.6732737283477313e-05,2.6732737283477313e-05,0.45438936961073867,0.8581666202752161
olora,2,task002_quoref_answer_generation,model.layers.5.self_attn.v_proj,new_adapter_unrouted,0.13818359580049025,0.1500772151461565,2.358927916475606e-05,2.358927916475606e-05,0.4571189156606019,0.852832757871163
olora,2,task002_quoref_answer_generation,model.layers.6.self_attn.q_proj,new_adapter_unrouted,0.3149539017153772,0.3302397864401606,-1.8244971186862811e-06,-1.8244971186862811e-06,0.4570710063025061,0.8178230355263798
olora,2,task002_quoref_answer_generation,model.layers.6.self_attn.v_proj,new_adapter_unrouted,0.1471030250959841,0.16685077702701578,5.844059211988638e-06,5.844059211988638e-06,0.3754698485291046,0.8656170169875218
olora,2,task002_quoref_answer_generation,model.layers.7.self_attn.q_proj,new_adapter_unrouted,0.3198622180253892,0.29581493308533063,7.676939280538262e-06,7.676939280538262e-06,0.5053331829147506,0.8767814131426515
olora,2,task002_quoref_answer_generation,model.layers.7.self_attn.v_proj,new_adapter_unrouted,0.13166369687923052,0.16108080059399213,-3.6875886729934754e-05,-3.6875886729934754e-05,0.37584233461040134,0.8558367702970374
olora,2,task002_quoref_answer_generation,model.layers.8.self_attn.q_proj,new_adapter_unrouted,0.304951941278149,0.28332106165028864,1.882408437599541e-05,1.882408437599541e-05,0.24211353827660767,0.7275384886735569
olora,2,task002_quoref_answer_generation,model.layers.8.self_attn.v_proj,new_adapter_unrouted,0.13934092483879448,0.1405885913684699,1.5370021163052478e-05,1.5370021163052478e-05,0.5738866715906807,0.8677946542966474
olora,2,task002_quoref_answer_generation,model.layers.9.self_attn.q_proj,new_adapter_unrouted,0.2702512649987541,0.25106933709781504,-1.1989089052204047e-05,-1.1989089052204047e-05,0.4344622926378059,0.8354707469630105
olora,2,task002_quoref_answer_generation,model.layers.9.self_attn.v_proj,new_adapter_unrouted,0.12587637759990425,0.12770894304821323,-1.4459244486879055e-06,-1.4459244486879055e-06,0.6102225485909417,0.8873564703370312
olora,2,task002_quoref_answer_generation,model.layers.10.self_attn.q_proj,new_adapter_unrouted,0.27575122552405124,0.294353588138349,8.438161281691301e-06,8.438161281691301e-06,0.3708675935099983,0.8197874339021629
olora,2,task002_quoref_answer_generation,model.layers.10.self_attn.v_proj,new_adapter_unrouted,0.14728537694841423,0.1535575714028819,-1.155791850627116e-05,-1.155791850627116e-05,0.5448685471526851,0.8996848295696289
olora,2,task002_quoref_answer_generation,model.layers.11.self_attn.q_proj,new_adapter_unrouted,0.3096913191983943,0.3106984088198092,-3.166847048953696e-05,-3.166847048953696e-05,0.2820121671730508,0.8228438095330411
olora,2,task002_quoref_answer_generation,model.layers.11.self_attn.v_proj,new_adapter_unrouted,0.13859216059587065,0.15526396656359248,6.4708952026846215e-06,6.4708952026846215e-06,0.3879613432131252,0.85395969725209
olora,2,task002_quoref_answer_generation,model.layers.12.self_attn.q_proj,new_adapter_unrouted,0.29886050393722646,0.3253364654586757,-3.1460762923831696e-06,-3.1460762923831696e-06,0.4483849360140676,0.8651602373493134
olora,2,task002_quoref_answer_generation,model.layers.12.self_attn.v_proj,new_adapter_unrouted,0.14239476372715387,0.15546377167056344,-1.890429953401021e-05,-1.890429953401021e-05,0.38930125625540046,0.8771283106865075
olora,2,task002_quoref_answer_generation,model.layers.13.self_attn.q_proj,new_adapter_unrouted,0.3070955240795375,0.3159662176677162,-5.774503741934232e-06,-5.774503741934232e-06,0.5076137233065714,0.8634073110606268
olora,2,task002_quoref_answer_generation,model.layers.13.self_attn.v_proj,new_adapter_unrouted,0.14288485917577326,0.15190772399696645,-5.225279030051494e-05,-5.225279030051494e-05,0.5543975825970792,0.8713887885208524
olora,2,task002_quoref_answer_generation,model.layers.14.self_attn.q_proj,new_adapter_unrouted,0.2867746421052063,0.21792984322292522,0.00012480342888510448,0.00012480342888510448,0.687378612207435,0.9103040484870373
olora,2,task002_quoref_answer_generation,model.layers.14.self_attn.v_proj,new_adapter_unrouted,0.1465011715056836,0.1445836654432565,-9.401354284905617e-06,-9.401354284905617e-06,0.4052206258867444,0.8962757611820626
olora,2,task002_quoref_answer_generation,model.layers.15.self_attn.q_proj,new_adapter_unrouted,0.32993803901226926,0.32011576734461716,7.420502747940166e-07,7.420502747940166e-07,0.721609350243449,0.9445110264809253
olora,2,task002_quoref_answer_generation,model.layers.15.self_attn.v_proj,new_adapter_unrouted,0.15722314075174604,0.16586939766816067,3.3659729767072825e-05,3.3659729767072825e-05,0.4121084403725145,0.9043033880248639
olora,2,task002_quoref_answer_generation,model.layers.16.self_attn.q_proj,new_adapter_unrouted,0.2943727594889374,0.24862884591080286,1.6754222377864624e-06,1.6754222377864624e-06,0.5586913325070169,0.894060622621228
olora,2,task002_quoref_answer_generation,model.layers.16.self_attn.v_proj,new_adapter_unrouted,0.152984861296038,0.1531137184937807,-1.4963252351921733e-06,-1.4963252351921733e-06,0.4316416495770257,0.8616028223124761
olora,2,task002_quoref_answer_generation,model.layers.17.self_attn.q_proj,new_adapter_unrouted,0.2950709320944301,0.23279636440041826,-1.2635174746521688e-05,-1.2635174746521688e-05,0.6622964708004332,0.9203661193181846
olora,2,task002_quoref_answer_generation,model.layers.17.self_attn.v_proj,new_adapter_unrouted,0.1558158890778099,0.14167817410779798,-1.572593627671707e-05,-1.572593627671707e-05,0.358770139024587,0.91731933811253
olora,2,task002_quoref_answer_generation,model.layers.18.self_attn.q_proj,new_adapter_unrouted,0.31955791862651783,0.2018251189040002,1.4122470665881223e-05,1.4122470665881223e-05,0.45996941190446866,0.896150068509982
olora,2,task002_quoref_answer_generation,model.layers.18.self_attn.v_proj,new_adapter_unrouted,0.1592744947208913,0.1407889293468656,1.1582343897408656e-05,1.1582343897408656e-05,0.46588517040997035,0.9121798192179353
olora,2,task002_quoref_answer_generation,model.layers.19.self_attn.q_proj,new_adapter_unrouted,0.2976124586566081,0.19454959760326326,0.00014503719931711234,0.00014503719931711234,0.5976023230260699,0.9209632531268139
olora,2,task002_quoref_answer_generation,model.layers.19.self_attn.v_proj,new_adapter_unrouted,0.15858908350349432,0.1365109315174268,-2.3906243841159266e-06,-2.3906243841159266e-06,0.6059785424500291,0.9461687385511397
olora,2,task002_quoref_answer_generation,model.layers.20.self_attn.q_proj,new_adapter_unrouted,0.2604686400421408,0.23085572984105882,1.742318138921487e-07,1.742318138921487e-07,0.7855204732515887,0.9486782664125949
olora,2,task002_quoref_answer_generation,model.layers.20.self_attn.v_proj,new_adapter_unrouted,0.15005160573224802,0.15950673550178537,2.756582120169065e-05,2.756582120169065e-05,0.6849942554132986,0.9414727532673594
olora,2,task002_quoref_answer_generation,model.layers.21.self_attn.q_proj,new_adapter_unrouted,0.23433580225024336,0.20367722028936053,3.1736406971827964e-05,3.1736406971827964e-05,0.34252158261254173,0.8636487432429243
olora,2,task002_quoref_answer_generation,model.layers.21.self_attn.v_proj,new_adapter_unrouted,0.1240296044863447,0.10329382622871522,-0.0011212105207496575,-0.0011212105207496575,0.6107201383731885,0.9251277397735063
olora,2,task002_quoref_answer_generation,model.layers.22.self_attn.q_proj,new_adapter_unrouted,0.21377916469294858,0.18770042259314823,-5.059191967219837e-06,-5.059191967219837e-06,0.47757700178018925,0.8890976375817902
olora,2,task002_quoref_answer_generation,model.layers.22.self_attn.v_proj,new_adapter_unrouted,0.1301822514726144,0.09221756375065226,7.299602865213517e-06,7.299602865213517e-06,0.4418863148453365,0.8894663800801982
olora,2,task002_quoref_answer_generation,model.layers.23.self_attn.q_proj,new_adapter_unrouted,0.28778396998104455,0.2076895266859332,-2.24277323899632e-05,-2.24277323899632e-05,0.6462098568151033,0.9057374211648395
olora,2,task002_quoref_answer_generation,model.layers.23.self_attn.v_proj,new_adapter_unrouted,0.14852292881578932,0.1059863004074567,2.5320853736479464e-06,2.5320853736479464e-06,0.46466988128491904,0.9180455175618063
olora,2,task002_quoref_answer_generation,model.layers.24.self_attn.q_proj,new_adapter_unrouted,0.29849783426283966,0.16360643523633386,-3.371752545028902e-08,-3.371752545028902e-08,0.6859516896739811,0.9134848038946639
olora,2,task002_quoref_answer_generation,model.layers.24.self_attn.v_proj,new_adapter_unrouted,0.14694834319097366,0.09739806554094342,1.35451230775858e-05,1.35451230775858e-05,0.5769020646965896,0.9340310480410225
olora,2,task002_quoref_answer_generation,model.layers.25.self_attn.q_proj,new_adapter_unrouted,0.24427584545884704,0.15591961396328888,-7.305980402535299e-06,-7.305980402535299e-06,0.7030679077727153,0.8954544904905073
olora,2,task002_quoref_answer_generation,model.layers.25.self_attn.v_proj,new_adapter_unrouted,0.14474850927446453,0.1045825077739173,0.00018596712322198802,0.00018596712322198802,0.5577862912688824,0.9411802100269488
olora,2,task002_quoref_answer_generation,model.layers.26.self_attn.q_proj,new_adapter_unrouted,0.2409413031597599,0.19390073771239258,-4.9786718087613e-05,-4.9786718087613e-05,0.45082092815892616,0.9005315143001118
olora,2,task002_quoref_answer_generation,model.layers.26.self_attn.v_proj,new_adapter_unrouted,0.13594564245503787,0.07659864067010463,0.00021530782945878752,0.00021530782945878752,0.3464997103657307,0.8758753145104944
olora,2,task002_quoref_answer_generation,model.layers.27.self_attn.q_proj,new_adapter_unrouted,0.21348201003472864,0.23859134017539704,0.00010519740056536303,0.00010519740056536303,0.652675190846205,0.9251232829134257
olora,2,task002_quoref_answer_generation,model.layers.27.self_attn.v_proj,new_adapter_unrouted,0.15930425024168218,0.08647122132363859,-1.8033885523550176e-05,-1.8033885523550176e-05,0.5946070458685879,0.9538395053112624
olora,3,task1510_evalution_relation_extraction,model.layers.0.self_attn.q_proj,new_adapter_unrouted,0.27498369818289276,0.46944467647170623,-1.3752605977983671e-05,-0.00038613588443590376,0.2619326911281153,0.7511767569218406
olora,3,task1510_evalution_relation_extraction,model.layers.0.self_attn.v_proj,new_adapter_unrouted,0.11908011202981844,0.1988956612049654,-0.00048716070342476797,-0.0006494491292228742,0.34454625092574825,0.7757479470010029
olora,3,task1510_evalution_relation_extraction,model.layers.1.self_attn.q_proj,new_adapter_unrouted,0.29407045514667907,0.48055731195769363,2.0074359894135155e-05,9.267515399013721e-05,0.44318008525194175,0.8033086088747015
olora,3,task1510_evalution_relation_extraction,model.layers.1.self_attn.v_proj,new_adapter_unrouted,0.11920886005657746,0.20663807496740796,0.00012407226602145318,0.00013154042807798116,0.38924133451623555,0.8004143570913692
olora,3,task1510_evalution_relation_extraction,model.layers.2.self_attn.q_proj,new_adapter_unrouted,0.30053174231020946,0.46167320622055763,-0.00031948605746256087,0.0004691855961566221,0.22462138552166444,0.6819548704341524
olora,3,task1510_evalution_relation_extraction,model.layers.2.self_attn.v_proj,new_adapter_unrouted,0.1145252289900317,0.21671700856010706,-3.520931935414084e-05,-3.867714005830418e-05,0.46024775604166185,0.8576476946482746
olora,3,task1510_evalution_relation_extraction,model.layers.3.self_attn.q_proj,new_adapter_unrouted,0.3053975003304939,0.4724856214163454,0.00016092429622298866,0.00013391153353450974,0.26697243573258933,0.774323092645781
olora,3,task1510_evalution_relation_extraction,model.layers.3.self_attn.v_proj,new_adapter_unrouted,0.11882635868839089,0.22005267049637675,-0.0004788114615988694,2.760239085299231e-05,0.3165779281647333,0.8170848893238195
olora,3,task1510_evalution_relation_extraction,model.layers.4.self_attn.q_proj,new_adapter_unrouted,0.30427771762051214,0.44308979031282786,-0.00040776064608317997,-0.0003164778561302612,0.3181232002158387,0.8160290056187159
olora,3,task1510_evalution_relation_extraction,model.layers.4.self_attn.v_proj,new_adapter_unrouted,0.12234738356440895,0.22051096508888923,0.0003194714404000774,0.0003979818030209713,0.38454995979984063,0.8657279675839223
olora,3,task1510_evalution_relation_extraction,model.layers.5.self_attn.q_proj,new_adapter_unrouted,0.3032549298601232,0.43538996188431184,2.0700418333018947e-05,9.711063384972738e-05,0.2522570090684425,0.7479493905945277
olora,3,task1510_evalution_relation_extraction,model.layers.5.self_attn.v_proj,new_adapter_unrouted,0.12679813880383478,0.20400699755938054,1.7184231735388223e-05,-0.00021142863703673553,0.31793064535887816,0.8430001313735291
olora,3,task1510_evalution_relation_extraction,model.layers.6.self_attn.q_proj,new_adapter_unrouted,0.3125008916541244,0.4563484383897497,0.00020847588840115924,0.0002629793314171931,0.315823601564387,0.7753340770056163
olora,3,task1510_evalution_relation_extraction,model.layers.6.self_attn.v_proj,new_adapter_unrouted,0.13114189478563604,0.22243823561397102,0.00018843463418162317,-0.00018003304252563865,0.3326427777944448,0.8367218900745138
olora,3,task1510_evalution_relation_extraction,model.layers.7.self_attn.q_proj,new_adapter_unrouted,0.31981932221271137,0.435683102656858,-2.9929408585182294e-05,7.599905483388083e-05,0.3062793858890563,0.7952208042671822
olora,3,task1510_evalution_relation_extraction,model.layers.7.self_attn.v_proj,new_adapter_unrouted,0.13331091235580803,0.20804035481580094,-0.00011089952815124702,-8.203601575536106e-05,0.35503917496754367,0.8413406381852534
olora,3,task1510_evalution_relation_extraction,model.layers.8.self_attn.q_proj,new_adapter_unrouted,0.31028748754876856,0.41625684767902205,8.641749715387733e-05,-0.00012271984952019855,0.3149052751597309,0.7672318995025345
olora,3,task1510_evalution_relation_extraction,model.layers.8.self_attn.v_proj,new_adapter_unrouted,0.13198418499241857,0.1979435463647942,-0.0001868885330592408,-2.760244645540386e-05,0.4745552877053658,0.8301066819136744
olora,3,task1510_evalution_relation_extraction,model.layers.9.self_attn.q_proj,new_adapter_unrouted,0.34200991839879047,0.36887658003927976,0.0003847053711299924,0.00023538134508908846,0.2632538589152897,0.771238200066244
olora,3,task1510_evalution_relation_extraction,model.layers.9.self_attn.v_proj,new_adapter_unrouted,0.12846732711980735,0.17931645235207866,-0.00020719410173829502,-0.0001598037380366066,0.38551537596506746,0.7949590927483103
olora,3,task1510_evalution_relation_extraction,model.layers.10.self_attn.q_proj,new_adapter_unrouted,0.31200433529182076,0.4033412240912242,0.00010848069594441109,-8.363339580897017e-05,0.24539840035611674,0.7178354911544049
olora,3,task1510_evalution_relation_extraction,model.layers.10.self_attn.v_proj,new_adapter_unrouted,0.12805734443315814,0.21277308850528234,-8.512245779583931e-05,4.8685053872705165e-05,0.39841006596476697,0.8278479717897443
olora,3,task1510_evalution_relation_extraction,model.layers.11.self_attn.q_proj,new_adapter_unrouted,0.31886128940067604,0.43867541544008753,-0.0002591096617546909,0.00020941044994962857,0.35964711017180484,0.7778447820281484
olora,3,task1510_evalution_relation_extraction,model.layers.11.self_attn.v_proj,new_adapter_unrouted,0.1330653039431919,0.2081224754271102,0.00013820170220904882,0.00016131840957676462,0.38598766680416696,0.8906083350392663
olora,3,task1510_evalution_relation_extraction,model.layers.12.self_attn.q_proj,new_adapter_unrouted,0.34116540660924866,0.4417700813583654,1.6699745622486427e-06,5.613550684156794e-06,0.31805777070551955,0.7885843740441145
olora,3,task1510_evalution_relation_extraction,model.layers.12.self_attn.v_proj,new_adapter_unrouted,0.13569316531535572,0.21081844336159866,1.8215687237053616e-05,4.453730469785219e-05,0.43466342461700846,0.8243561502139028
olora,3,task1510_evalution_relation_extraction,model.layers.13.self_attn.q_proj,new_adapter_unrouted,0.31799718939740707,0.44061456058080345,-7.443469841358238e-05,0.0001888299309799147,0.3558276641791023,0.8301109282199773
olora,3,task1510_evalution_relation_extraction,model.layers.13.self_attn.v_proj,new_adapter_unrouted,0.13549463264817288,0.20854201318967694,0.0003626530238219288,0.00035010481453202967,0.3732240614949341,0.8306548089346651
olora,3,task1510_evalution_relation_extraction,model.layers.14.self_attn.q_proj,new_adapter_unrouted,0.31433626241956897,0.36020648458880317,-0.00014023694824142973,-5.8400873858319713e-05,0.2846975519366678,0.7824583451692239
olora,3,task1510_evalution_relation_extraction,model.layers.14.self_attn.v_proj,new_adapter_unrouted,0.13705900560810025,0.20583156048734957,-0.0002517540280475109,-0.00031336794812715323,0.3680109937389049,0.8640326994755081
olora,3,task1510_evalution_relation_extraction,model.layers.15.self_attn.q_proj,new_adapter_unrouted,0.33424513487108826,0.4597100943400889,0.0003714757690220015,0.0004030285748593049,0.4729190667196178,0.8797490353047323
olora,3,task1510_evalution_relation_extraction,model.layers.15.self_attn.v_proj,new_adapter_unrouted,0.14547446231738687,0.2285465568799552,4.8902762840924266e-05,0.00019546386722756767,0.4037745416125311,0.8601706489111034
olora,3,task1510_evalution_relation_extraction,model.layers.16.self_attn.q_proj,new_adapter_unrouted,0.32559315606614897,0.38532047673968794,7.636672145108574e-05,6.435703718381976e-05,0.2836615069211896,0.8158778545188144
olora,3,task1510_evalution_relation_extraction,model.layers.16.self_attn.v_proj,new_adapter_unrouted,0.1399606592481312,0.2164442387236807,-0.00020460511051175923,6.713654822593348e-06,0.3162243762651136,0.831102247071001
olora,3,task1510_evalution_relation_extraction,model.layers.17.self_attn.q_proj,new_adapter_unrouted,0.3356287239508593,0.3758447370769294,-9.944494418313022e-05,-2.5816754493381876e-06,0.41411449865906536,0.8570754453852973
olora,3,task1510_evalution_relation_extraction,model.layers.17.self_attn.v_proj,new_adapter_unrouted,0.156701968681898,0.21059582613430305,-0.0004446051071257918,-0.0004946381519003932,0.49309847252948225,0.8842182137081205
olora,3,task1510_evalution_relation_extraction,model.layers.18.self_attn.q_proj,new_adapter_unrouted,0.36205441969034463,0.37795828292258615,-0.0001587041281865858,-0.00025085272911591703,0.361499509412843,0.85074044647715
olora,3,task1510_evalution_relation_extraction,model.layers.18.self_attn.v_proj,new_adapter_unrouted,0.1693115971403592,0.21258035361287167,0.0001535452011047983,1.1803746062176438e-05,0.5340434101161489,0.8680748820792358
olora,3,task1510_evalution_relation_extraction,model.layers.19.self_attn.q_proj,new_adapter_unrouted,0.39780169696144163,0.35558334732424357,8.396418594919387e-05,8.483196369645257e-05,0.5303303569263441,0.9513513178069319
olora,3,task1510_evalution_relation_extraction,model.layers.19.self_attn.v_proj,new_adapter_unrouted,0.16736849358174713,0.20925015727662685,2.937563149851507e-05,0.00038957939395991745,0.5433388695369662,0.9213808873271333
olora,3,task1510_evalution_relation_extraction,model.layers.20.self_attn.q_proj,new_adapter_unrouted,0.3767435137844911,0.3480492801302775,6.806278823301487e-05,3.750528056543756e-05,0.5317086080615621,0.9084427106459331
olora,3,task1510_evalution_relation_extraction,model.layers.20.self_attn.v_proj,new_adapter_unrouted,0.17019645549735388,0.21899589627963784,5.176552271666011e-05,-0.0003360025722245661,0.3591725228630873,0.8459062082137955
olora,3,task1510_evalution_relation_extraction,model.layers.21.self_attn.q_proj,new_adapter_unrouted,0.3952519189333757,0.3104846337041852,0.00012154884013966961,0.0002591465824605303,0.5164338775844988,0.9007234341605054
olora,3,task1510_evalution_relation_extraction,model.layers.21.self_attn.v_proj,new_adapter_unrouted,0.1690964008552911,0.16132026706476504,-0.00012213207633798642,0.00015820391055427512,0.37067806780371165,0.8926547702850971
olora,3,task1510_evalution_relation_extraction,model.layers.22.self_attn.q_proj,new_adapter_unrouted,0.39022128211218055,0.2844865091418921,0.00011896782344847782,-3.1782106006911455e-05,0.5927617796517562,0.9233145712605183
olora,3,task1510_evalution_relation_extraction,model.layers.22.self_attn.v_proj,new_adapter_unrouted,0.17712544333525426,0.15953580453103441,0.0010880040669356257,0.001520588473950679,0.7581317881060833,0.9520686392078017
olora,3,task1510_evalution_relation_extraction,model.layers.23.self_attn.q_proj,new_adapter_unrouted,0.3929772682176121,0.3548969876945473,-0.00023276576593924886,8.631456242348832e-05,0.676132589074278,0.9145022089303456
olora,3,task1510_evalution_relation_extraction,model.layers.23.self_attn.v_proj,new_adapter_unrouted,0.17352746491287288,0.18246160137189288,-0.00021718192336495843,-0.0002697951941339752,0.3644107557824255,0.9085757538810584
olora,3,task1510_evalution_relation_extraction,model.layers.24.self_attn.q_proj,new_adapter_unrouted,0.38423191702361653,0.3403939180083524,0.00013811498902903,0.00013474179913673724,0.4713249282643139,0.888883021570943
olora,3,task1510_evalution_relation_extraction,model.layers.24.self_attn.v_proj,new_adapter_unrouted,0.17012821814647291,0.17629687026834737,-0.0006064664752985971,-0.0007197642027846165,0.512006351010292,0.9244041198085832
olora,3,task1510_evalution_relation_extraction,model.layers.25.self_attn.q_proj,new_adapter_unrouted,0.4327866547938385,0.28979485530555044,0.00010352579859101589,-2.066682907809702e-05,0.7982510599213927,0.9570857030063801
olora,3,task1510_evalution_relation_extraction,model.layers.25.self_attn.v_proj,new_adapter_unrouted,0.17905667611876294,0.178592447405743,-0.001525522921460843,-0.001681241027368038,0.5472960837294435,0.9226318031018517
olora,3,task1510_evalution_relation_extraction,model.layers.26.self_attn.q_proj,new_adapter_unrouted,0.3873946848396746,0.3092661567527174,-0.0002203968374969274,-0.00037985632760898354,0.5449551018491885,0.9095371259307171
olora,3,task1510_evalution_relation_extraction,model.layers.26.self_attn.v_proj,new_adapter_unrouted,0.17452700111694194,0.15605464928716872,0.00038611676011971174,0.00033172200919077066,0.48419045561285573,0.8958812866771336
olora,3,task1510_evalution_relation_extraction,model.layers.27.self_attn.q_proj,new_adapter_unrouted,0.35121243935838703,0.32017356646935047,0.00046160318178455984,-2.8222152038626303e-05,0.5220135431561846,0.9328534438677404
olora,3,task1510_evalution_relation_extraction,model.layers.27.self_attn.v_proj,new_adapter_unrouted,0.19126173653958106,0.18125843268745673,-0.0020240062469192867,-0.0025067968475557026,0.5475170345698037,0.9057043511681852
olora,4,task1729_personachat_generate_next,model.layers.0.self_attn.q_proj,new_adapter_unrouted,0.280756432019141,0.5440503541918174,0.0004839382591617742,0.000485039647309353,0.5300919160695716,0.8786218806266843
olora,4,task1729_personachat_generate_next,model.layers.0.self_attn.v_proj,new_adapter_unrouted,0.11295850991266082,0.2317681617363952,0.00022152884357771666,7.809656744356141e-05,0.35605211573694084,0.8046385166538138
olora,4,task1729_personachat_generate_next,model.layers.1.self_attn.q_proj,new_adapter_unrouted,0.29605436487391307,0.5633990028312231,-0.0009925773752636168,-0.00034161829139916616,0.4020792564129292,0.8389453912385649
olora,4,task1729_personachat_generate_next,model.layers.1.self_attn.v_proj,new_adapter_unrouted,0.12748763398904067,0.23857107726767104,0.0010010348092951437,0.0002969411133868919,0.4302093083132771,0.8015450024253414
olora,4,task1729_personachat_generate_next,model.layers.2.self_attn.q_proj,new_adapter_unrouted,0.28168684620955,0.5507929027542638,0.0004616278089509866,0.000491068815400337,0.4413043601558461,0.8084216394629969
olora,4,task1729_personachat_generate_next,model.layers.2.self_attn.v_proj,new_adapter_unrouted,0.13260762054084513,0.24511332504471858,0.00033368513823059794,1.750640341667367e-05,0.4008805771140218,0.839871917255496
olora,4,task1729_personachat_generate_next,model.layers.3.self_attn.q_proj,new_adapter_unrouted,0.28565732173257335,0.5626337504047703,-0.0009072542410038596,0.00032107806101822864,0.33515448142545756,0.7891174923734685
olora,4,task1729_personachat_generate_next,model.layers.3.self_attn.v_proj,new_adapter_unrouted,0.13472002140519754,0.2500356801186934,0.0002888448641343898,7.318585545550951e-05,0.4701143679134502,0.9091172615382573
olora,4,task1729_personachat_generate_next,model.layers.4.self_attn.q_proj,new_adapter_unrouted,0.2822475802705199,0.5374044484581882,0.0010939251802842347,0.0016327210212763003,0.43556068638224976,0.8109292864422225
olora,4,task1729_personachat_generate_next,model.layers.4.self_attn.v_proj,new_adapter_unrouted,0.13991152975027085,0.2522126206019346,-0.00011448782155284343,0.000294671314891816,0.5120001815180996,0.9250651675918498
olora,4,task1729_personachat_generate_next,model.layers.5.self_attn.q_proj,new_adapter_unrouted,0.2942790347436499,0.5305972462409381,0.0014452464246340782,0.0008766139526856845,0.4291932807071205,0.8348572391045124
olora,4,task1729_personachat_generate_next,model.layers.5.self_attn.v_proj,new_adapter_unrouted,0.1323026262512018,0.24020306428243823,-0.00013327255314058345,8.59078718248719e-05,0.3441371125370778,0.8871235714904745
olora,4,task1729_personachat_generate_next,model.layers.6.self_attn.q_proj,new_adapter_unrouted,0.3063783007938981,0.5531457002489188,0.00016267292621552533,1.1294709908721476e-05,0.3935776052829062,0.8016739048622817
olora,4,task1729_personachat_generate_next,model.layers.6.self_attn.v_proj,new_adapter_unrouted,0.13311901909550064,0.25824011863725205,-0.0002585218633653431,0.0002632117923341391,0.35344127584120905,0.8901379256177986
olora,4,task1729_personachat_generate_next,model.layers.7.self_attn.q_proj,new_adapter_unrouted,0.28233502217804396,0.5404589013803238,-0.0004751507371680894,-0.0007182792304672869,0.3598514107055932,0.8127182948411452
olora,4,task1729_personachat_generate_next,model.layers.7.self_attn.v_proj,new_adapter_unrouted,0.1253466871244095,0.24707577218135754,7.299919028912491e-05,0.00023616921401828798,0.4647619278755597,0.8593787725052956
olora,4,task1729_personachat_generate_next,model.layers.8.self_attn.q_proj,new_adapter_unrouted,0.27388048862380826,0.5192017059047521,-0.00015144024493463255,0.00039640674302694886,0.37987525485953744,0.8159830519536356
olora,4,task1729_personachat_generate_next,model.layers.8.self_attn.v_proj,new_adapter_unrouted,0.12471187496265906,0.23789011655305742,-0.00024460926212724565,-0.0004912005959932633,0.3074927806210312,0.8310790263158224
olora,4,task1729_personachat_generate_next,model.layers.9.self_attn.q_proj,new_adapter_unrouted,0.24693802225447195,0.5031279996382135,-0.0003391025683130034,-0.0005105455924957453,0.30803893677411054,0.8059227326937279
olora,4,task1729_personachat_generate_next,model.layers.9.self_attn.v_proj,new_adapter_unrouted,0.1276161109622009,0.22056449906604947,-9.842545369803985e-05,-8.565077338484376e-05,0.4568906274351356,0.8784895126102888
olora,4,task1729_personachat_generate_next,model.layers.10.self_attn.q_proj,new_adapter_unrouted,0.29704448111963505,0.5099589705332903,0.00030660223356911024,5.203352411746788e-05,0.5267120353210119,0.8927563336845501
olora,4,task1729_personachat_generate_next,model.layers.10.self_attn.v_proj,new_adapter_unrouted,0.138506136661337,0.24832726786533124,-0.0004444557215533052,-0.0006400868574308765,0.5658444006566316,0.8858100519091158
olora,4,task1729_personachat_generate_next,model.layers.11.self_attn.q_proj,new_adapter_unrouted,0.27617610747017,0.5422510075862595,-0.00011822930553364635,0.0002550221349758834,0.38612922521447457,0.816816502257253
olora,4,task1729_personachat_generate_next,model.layers.11.self_attn.v_proj,new_adapter_unrouted,0.13342035881629605,0.2470404715309621,-0.0005938485513158657,-0.00032365903986043615,0.5816197736918083,0.9288193146947555
olora,4,task1729_personachat_generate_next,model.layers.12.self_attn.q_proj,new_adapter_unrouted,0.23857729716302215,0.5581712486649941,0.00017902867561911517,-0.0002729720977878437,0.47558864966797326,0.822801095794634
olora,4,task1729_personachat_generate_next,model.layers.12.self_attn.v_proj,new_adapter_unrouted,0.13075761957684354,0.25071516378803743,-2.9757850205059702e-05,8.844869401150636e-05,0.44118804910885895,0.8744886150949063
olora,4,task1729_personachat_generate_next,model.layers.13.self_attn.q_proj,new_adapter_unrouted,0.21356818753322626,0.5433622592205258,-0.00018937351273726395,1.27376995780213e-05,0.29656266416433175,0.7568950380250887
olora,4,task1729_personachat_generate_next,model.layers.13.self_attn.v_proj,new_adapter_unrouted,0.1223704540040931,0.24873492160121552,0.0008552037167150758,-5.537127216782574e-06,0.5039069586650045,0.8736305512051454
olora,4,task1729_personachat_generate_next,model.layers.14.self_attn.q_proj,new_adapter_unrouted,0.21779677722472224,0.4780420907049141,-0.0002592262965236352,0.00039661955602051876,0.5393456672697878,0.8852713871894412
olora,4,task1729_personachat_generate_next,model.layers.14.self_attn.v_proj,new_adapter_unrouted,0.11616102354393576,0.2472601824201069,-6.50566407630937e-05,4.342917516356688e-05,0.6061227552968321,0.9306457901930556
olora,4,task1729_personachat_generate_next,model.layers.15.self_attn.q_proj,new_adapter_unrouted,0.2219401773996811,0.56847809094329,0.000364107758519106,-0.00010926266051420308,0.6052399142132185,0.8841591619062044
olora,4,task1729_personachat_generate_next,model.layers.15.self_attn.v_proj,new_adapter_unrouted,0.12034959720102674,0.2709236048331093,-0.0001654627218997612,-0.00020721816784259744,0.45288522028985606,0.9193425556966103
olora,4,task1729_personachat_generate_next,model.layers.16.self_attn.q_proj,new_adapter_unrouted,0.1929147210253729,0.5044818477012042,2.0851456695125372e-05,0.0004925028390788131,0.6325802737327245,0.8826545655871508
olora,4,task1729_personachat_generate_next,model.layers.16.self_attn.v_proj,new_adapter_unrouted,0.10415679687080891,0.25772989374737876,0.00035524605644964285,-3.05965163107524e-05,0.562435798980744,0.9096947046556357
olora,4,task1729_personachat_generate_next,model.layers.17.self_attn.q_proj,new_adapter_unrouted,0.17754251721819753,0.5038658729321225,0.00019717535647923088,-0.0001888006860894209,0.47995273293546803,0.8276961064970564
olora,4,task1729_personachat_generate_next,model.layers.17.self_attn.v_proj,new_adapter_unrouted,0.09343289268159069,0.26244383083400435,0.0008068271365619964,-0.00027388495243428184,0.5747083801229861,0.9166455578107805
olora,4,task1729_personachat_generate_next,model.layers.18.self_attn.q_proj,new_adapter_unrouted,0.15963411545575235,0.523347333838368,-9.339165251029397e-05,0.00012113826695289617,0.29351539644722574,0.7786479830960719
olora,4,task1729_personachat_generate_next,model.layers.18.self_attn.v_proj,new_adapter_unrouted,0.09916917667516749,0.2717864539747513,-0.0006778781487864387,-0.0007193654043868366,0.6922509142765048,0.9514334429603826
olora,4,task1729_personachat_generate_next,model.layers.19.self_attn.q_proj,new_adapter_unrouted,0.1693287526513913,0.5335817282727272,0.0002734614342510121,-0.0001871290097965032,0.43087356038785235,0.7989036181471684
olora,4,task1729_personachat_generate_next,model.layers.19.self_attn.v_proj,new_adapter_unrouted,0.0862401217272805,0.26795503082422384,-0.00044723416318134,3.830727083360917e-05,0.5692132187875949,0.8886043787805102
olora,4,task1729_personachat_generate_next,model.layers.20.self_attn.q_proj,new_adapter_unrouted,0.15522050916674138,0.5129247762451473,-0.001267472759670539,-0.0006401584941884192,0.3644596717382673,0.7823993494858348
olora,4,task1729_personachat_generate_next,model.layers.20.self_attn.v_proj,new_adapter_unrouted,0.07476290017748354,0.27736238911213296,-0.0007922000535780779,0.0002900081344203646,0.3661697080125179,0.808327274721016
olora,4,task1729_personachat_generate_next,model.layers.21.self_attn.q_proj,new_adapter_unrouted,0.16390358241205685,0.5026476102086967,-0.0009660683991226372,-0.00025691992249755804,0.44351663891429577,0.8222814743332523
olora,4,task1729_personachat_generate_next,model.layers.21.self_attn.v_proj,new_adapter_unrouted,0.0757936398316,0.2336903039179158,0.00015498728161714964,-6.440067253242432e-05,0.5142788796212618,0.8797187409989997
olora,4,task1729_personachat_generate_next,model.layers.22.self_attn.q_proj,new_adapter_unrouted,0.14865489492434925,0.4829406141269378,0.0006585786521246141,0.0010566009179127415,0.3236157243732539,0.745154900007857
olora,4,task1729_personachat_generate_next,model.layers.22.self_attn.v_proj,new_adapter_unrouted,0.0706431766915563,0.2385090877005525,-0.0004084473461130432,-0.00032320683182925997,0.6164309357066076,0.8825172107646118
olora,4,task1729_personachat_generate_next,model.layers.23.self_attn.q_proj,new_adapter_unrouted,0.1644104371517505,0.5294507334784994,4.86286579640949e-06,7.762680006261039e-05,0.3844975871874861,0.7497461174088061
olora,4,task1729_personachat_generate_next,model.layers.23.self_attn.v_proj,new_adapter_unrouted,0.08230648397958862,0.25177423256383924,-6.170437706155588e-05,-0.00019374333275611194,0.4952371760144393,0.8925060909581625
olora,4,task1729_personachat_generate_next,model.layers.24.self_attn.q_proj,new_adapter_unrouted,0.1570948645675563,0.51335982863184,6.521656164093936e-05,0.00017144579000362588,0.3271191386992652,0.7523611317883813
olora,4,task1729_personachat_generate_next,model.layers.24.self_attn.v_proj,new_adapter_unrouted,0.07511653752728192,0.2449241055721148,-0.0003801666083884232,-0.00015958892377916422,0.4684557540424928,0.8971391972139582
olora,4,task1729_personachat_generate_next,model.layers.25.self_attn.q_proj,new_adapter_unrouted,0.14983278435006844,0.5208755273624531,0.00035414065927428406,0.00016939557793159787,0.2963898602446837,0.7475466541338427
olora,4,task1729_personachat_generate_next,model.layers.25.self_attn.v_proj,new_adapter_unrouted,0.07334427726093178,0.2527033610191841,-6.191644497394106e-05,-0.00018288685747690182,0.39785068668526563,0.8406335321451739
olora,4,task1729_personachat_generate_next,model.layers.26.self_attn.q_proj,new_adapter_unrouted,0.17189871327341938,0.4956484509379786,-0.0003131411721497905,-0.000644874583314248,0.493964468682715,0.7939928494179306
olora,4,task1729_personachat_generate_next,model.layers.26.self_attn.v_proj,new_adapter_unrouted,0.07409120293319356,0.23416609498831134,0.0005531411775647291,0.00048589966534574104,0.5546771159416096,0.8794343141319443
olora,4,task1729_personachat_generate_next,model.layers.27.self_attn.q_proj,new_adapter_unrouted,0.15632646848887896,0.47535786919131623,0.00031135317895804467,-0.0003439906903116774,0.3383935417304891,0.7788212506618841
olora,4,task1729_personachat_generate_next,model.layers.27.self_attn.v_proj,new_adapter_unrouted,0.0808303883004046,0.26324007215163453,0.00038576813142839403,2.057862649601305e-05,0.5951851405371832,0.9240381033805607
olora,5,task748_glucose_reverse_cause_event_detection,model.layers.0.self_attn.q_proj,new_adapter_unrouted,0.4025136346047042,0.6123420620298705,0.0002259263360924947,0.00015560192228336703,0.3295495115569749,0.8095042818319637
olora,5,task748_glucose_reverse_cause_event_detection,model.layers.0.self_attn.v_proj,new_adapter_unrouted,0.17833326649621742,0.25785209925284946,5.5578315351973656e-05,-0.0006243538096931385,0.42263547041345956,0.8332315425527257
olora,5,task748_glucose_reverse_cause_event_detection,model.layers.1.self_attn.q_proj,new_adapter_unrouted,0.4331094020313129,0.6361882630348753,0.0005189415448282258,0.0002757055183024241,0.3420941509804345,0.7793538914167315
olora,5,task748_glucose_reverse_cause_event_detection,model.layers.1.self_attn.v_proj,new_adapter_unrouted,0.17593138207100947,0.27061069528069837,2.9234710417532898e-05,0.00047960617470491914,0.23724990616033184,0.7518524503232149
olora,5,task748_glucose_reverse_cause_event_detection,model.layers.2.self_attn.q_proj,new_adapter_unrouted,0.42739472231785974,0.618759682906972,-0.00021376033782459985,-0.0003433036691437581,0.344942808430757,0.8350361500234413
olora,5,task748_glucose_reverse_cause_event_detection,model.layers.2.self_attn.v_proj,new_adapter_unrouted,0.17500457730022456,0.27872390509828787,0.0003636408883997553,0.0003148731497804062,0.36085548892517433,0.7954513684500825
olora,5,task748_glucose_reverse_cause_event_detection,model.layers.3.self_attn.q_proj,new_adapter_unrouted,0.4116736790652447,0.6307655776385873,-8.019043615045961e-05,0.0011267188716477432,0.3484168335828649,0.8071866784353973
olora,5,task748_glucose_reverse_cause_event_detection,model.layers.3.self_attn.v_proj,new_adapter_unrouted,0.17407334959922474,0.2840541935438168,-0.00019750182464930592,0.00010968400667690958,0.4677168990773344,0.8663464925715607
olora,5,task748_glucose_reverse_cause_event_detection,model.layers.4.self_attn.q_proj,new_adapter_unrouted,0.41183186710878644,0.6072883115554958,-0.0005878129006530018,0.00016620682262829202,0.3101808846547687,0.7492105772620234
olora,5,task748_glucose_reverse_cause_event_detection,model.layers.4.self_attn.v_proj,new_adapter_unrouted,0.1752002847080059,0.28840659177727096,-0.00050133782131183,0.000196398036287519,0.33516439352748656,0.8365625113558123
olora,5,task748_glucose_reverse_cause_event_detection,model.layers.5.self_attn.q_proj,new_adapter_unrouted,0.41605199848601543,0.6071119502190562,-0.0002963641627488102,0.0009534091686592018,0.40788960681520653,0.7975824675193924
olora,5,task748_glucose_reverse_cause_event_detection,model.layers.5.self_attn.v_proj,new_adapter_unrouted,0.16865675879005854,0.27421346855039047,-0.00027181594057687085,0.00010893804337794604,0.3612103709289992,0.8326953079497867
olora,5,task748_glucose_reverse_cause_event_detection,model.layers.6.self_attn.q_proj,new_adapter_unrouted,0.42083125483917294,0.6323709084559348,-0.0003049089537016211,-0.0001275303878717883,0.3220203486680236,0.8393971263432837
olora,5,task748_glucose_reverse_cause_event_detection,model.layers.6.self_attn.v_proj,new_adapter_unrouted,0.1758927085906749,0.2905010462571468,0.0005651052307919483,-0.0004714286826304918,0.5525470529338183,0.8976758996545141
olora,5,task748_glucose_reverse_cause_event_detection,model.layers.7.self_attn.q_proj,new_adapter_unrouted,0.4156123037455085,0.6096424213219406,0.0003346293950391794,-0.00020567920825117564,0.37677513947623537,0.8040335525373246
olora,5,task748_glucose_reverse_cause_event_detection,model.layers.7.self_attn.v_proj,new_adapter_unrouted,0.1825260631453379,0.2770609152530066,0.00014631538421953658,0.00045136281308691157,0.45523798110956154,0.8681434964017761
olora,5,task748_glucose_reverse_cause_event_detection,model.layers.8.self_attn.q_proj,new_adapter_unrouted,0.4217953721871153,0.5869734781868298,0.0006020918413149812,7.246352231294668e-05,0.3545388919656572,0.8197779068617391
olora,5,task748_glucose_reverse_cause_event_detection,model.layers.8.self_attn.v_proj,new_adapter_unrouted,0.17986250492491127,0.2685707454488001,0.0004790493091241691,0.0002821965395987293,0.37095014504275314,0.8589425502023965
olora,5,task748_glucose_reverse_cause_event_detection,model.layers.9.self_attn.q_proj,new_adapter_unrouted,0.37597319253214645,0.5603855009515696,-0.0003758423058193253,-3.1877453583301103e-06,0.38483239535717945,0.8117867501281438
olora,5,task748_glucose_reverse_cause_event_detection,model.layers.9.self_attn.v_proj,new_adapter_unrouted,0.17441288844052416,0.25481175237418696,-0.0008986774786659714,-0.0009791786623023454,0.36453559179324074,0.828860771514971
olora,5,task748_glucose_reverse_cause_event_detection,model.layers.10.self_attn.q_proj,new_adapter_unrouted,0.4196483874365769,0.5902427160998585,-0.0010349277708550037,-0.0003440293249995156,0.3437637060514738,0.8208616695999775
olora,5,task748_glucose_reverse_cause_event_detection,model.layers.10.self_attn.v_proj,new_adapter_unrouted,0.1735717393330288,0.2842882478790071,-0.00011420887423766512,-0.0001955704676615553,0.3978186113140873,0.8316788585727354
olora,5,task748_glucose_reverse_cause_event_detection,model.layers.11.self_attn.q_proj,new_adapter_unrouted,0.42530751862615424,0.6085014266928668,-0.0008770279378609342,-0.0008752311873057516,0.3980664632605461,0.7943955083432002
olora,5,task748_glucose_reverse_cause_event_detection,model.layers.11.self_attn.v_proj,new_adapter_unrouted,0.1799196877104821,0.28069706082036444,0.00037616401918583967,0.0007587945481095243,0.31289562223709944,0.8074101083439393
olora,5,task748_glucose_reverse_cause_event_detection,model.layers.12.self_attn.q_proj,new_adapter_unrouted,0.40601740370872186,0.6070600884400138,-0.0005333956612774251,0.0004359959234537569,0.4028889995766348,0.7896066215646964
olora,5,task748_glucose_reverse_cause_event_detection,model.layers.12.self_attn.v_proj,new_adapter_unrouted,0.1868201552025663,0.28276084830177284,0.0001738236909203816,-0.0009113028686834865,0.4010748717893359,0.8494180789554494
olora,5,task748_glucose_reverse_cause_event_detection,model.layers.13.self_attn.q_proj,new_adapter_unrouted,0.4552327093041431,0.5837893145762973,-0.0003498899572769549,-0.00014236143561585648,0.5903897852218396,0.9006746386666088
olora,5,task748_glucose_reverse_cause_event_detection,model.layers.13.self_attn.v_proj,new_adapter_unrouted,0.18911197193050355,0.27730064963058426,-0.00037954923100730743,4.504168834703475e-05,0.37378628097754535,0.8524119514786325
olora,5,task748_glucose_reverse_cause_event_detection,model.layers.14.self_attn.q_proj,new_adapter_unrouted,0.3922080036620565,0.5252672628585974,-0.00018682858580740125,-0.00017917689920839966,0.41521962453549977,0.8427842173852876
olora,5,task748_glucose_reverse_cause_event_detection,model.layers.14.self_attn.v_proj,new_adapter_unrouted,0.18381182911455715,0.27317987496897445,-0.0003291113424726135,-0.00021373419800911012,0.515672670016913,0.9078643680075528
olora,5,task748_glucose_reverse_cause_event_detection,model.layers.15.self_attn.q_proj,new_adapter_unrouted,0.4236377644072012,0.6103414288867755,0.00022419723626120971,0.00029032044357072485,0.40735262589802407,0.8414652811390724
olora,5,task748_glucose_reverse_cause_event_detection,model.layers.15.self_attn.v_proj,new_adapter_unrouted,0.18676785225011394,0.29643352576454557,-0.0005269773836841022,-9.178372343547861e-05,0.30810584062043317,0.843676360640368
olora,5,task748_glucose_reverse_cause_event_detection,model.layers.16.self_attn.q_proj,new_adapter_unrouted,0.4329123671528961,0.5401130278545493,-0.00044740370718033683,-0.0004560536122381151,0.4454276592200206,0.8434811301517099
olora,5,task748_glucose_reverse_cause_event_detection,model.layers.16.self_attn.v_proj,new_adapter_unrouted,0.18647977616193412,0.2780151239468703,-0.0004520925593503413,0.0001528984510656376,0.31598109924468404,0.8415759154625436
olora,5,task748_glucose_reverse_cause_event_detection,model.layers.17.self_attn.q_proj,new_adapter_unrouted,0.4314535195401617,0.5342634565457798,-0.00031770015883874145,-0.0007359614187463571,0.4154606977255829,0.8799264129857585
olora,5,task748_glucose_reverse_cause_event_detection,model.layers.17.self_attn.v_proj,new_adapter_unrouted,0.19657358046350135,0.2786503867045687,-0.0014153303613186955,-0.00025197579599198704,0.5164367644051343,0.8847313820828703
olora,5,task748_glucose_reverse_cause_event_detection,model.layers.18.self_attn.q_proj,new_adapter_unrouted,0.4358227351017394,0.5471378967061812,-9.874012829563989e-06,-9.960212173691093e-05,0.40861413284658493,0.8306740662334673
olora,5,task748_glucose_reverse_cause_event_detection,model.layers.18.self_attn.v_proj,new_adapter_unrouted,0.19032850207443766,0.2892505154456286,-0.0018012017444204223,0.0003058334634360284,0.3207044419476859,0.8678052393716296
olora,5,task748_glucose_reverse_cause_event_detection,model.layers.19.self_attn.q_proj,new_adapter_unrouted,0.41654164014428197,0.5598491779940213,-0.0011611887488437989,-0.000894266422452689,0.3120055974097092,0.8095785950773237
olora,5,task748_glucose_reverse_cause_event_detection,model.layers.19.self_attn.v_proj,new_adapter_unrouted,0.2119616008092567,0.2814544143214986,-0.0020973344643186844,-0.0004966552417686599,0.5338141969088066,0.9176229224921679
olora,5,task748_glucose_reverse_cause_event_detection,model.layers.20.self_attn.q_proj,new_adapter_unrouted,0.37673439253486324,0.5357083247456288,-0.0006526677062063665,0.0003002425556822615,0.4199974650544314,0.8757510335172727
olora,5,task748_glucose_reverse_cause_event_detection,model.layers.20.self_attn.v_proj,new_adapter_unrouted,0.19468076040778434,0.2872046854705532,-0.0009493692027761891,0.0004325208698303376,0.37038292419449453,0.8934179051023713
olora,5,task748_glucose_reverse_cause_event_detection,model.layers.21.self_attn.q_proj,new_adapter_unrouted,0.40574348915502567,0.5285450064548702,-0.0006075727486338503,0.0005567688158443196,0.4667466089805458,0.8473180799279035
olora,5,task748_glucose_reverse_cause_event_detection,model.layers.21.self_attn.v_proj,new_adapter_unrouted,0.18711090774856282,0.24568541740940492,0.0001425652524392258,0.0002461777371416832,0.48888990975180463,0.907196058104806
olora,5,task748_glucose_reverse_cause_event_detection,model.layers.22.self_attn.q_proj,new_adapter_unrouted,0.4120051738370799,0.5053953652723452,-0.00024754813364726285,-0.00020463699446116634,0.552357920089502,0.9098180963228328
olora,5,task748_glucose_reverse_cause_event_detection,model.layers.22.self_attn.v_proj,new_adapter_unrouted,0.19410538614468342,0.24872329894440035,0.00019977565289205467,-0.00016660461316460158,0.5009790591235952,0.904459153481754
olora,5,task748_glucose_reverse_cause_event_detection,model.layers.23.self_attn.q_proj,new_adapter_unrouted,0.41346837646837803,0.5543913037046233,-0.00024016157099813638,0.001440415842194074,0.5010632130222267,0.8855803347656354
olora,5,task748_glucose_reverse_cause_event_detection,model.layers.23.self_attn.v_proj,new_adapter_unrouted,0.19666053394175678,0.2648812264611195,0.0010791441195514614,0.0017908858070287954,0.3328830990691425,0.781528950000522
olora,5,task748_glucose_reverse_cause_event_detection,model.layers.24.self_attn.q_proj,new_adapter_unrouted,0.4432829559870405,0.5368683535665076,-0.0007262083424679785,-0.0006536351131246477,0.5145116131362958,0.8969817881689758
olora,5,task748_glucose_reverse_cause_event_detection,model.layers.24.self_attn.v_proj,new_adapter_unrouted,0.20895348566724445,0.256156833216161,-0.0005831358793785148,-0.0010607306132503962,0.558404557913007,0.9198155436136991
olora,5,task748_glucose_reverse_cause_event_detection,model.layers.25.self_attn.q_proj,new_adapter_unrouted,0.40405162510641085,0.5420483885611478,0.0007107797137170268,-0.0001992090019697338,0.5409818259565142,0.9110610965888726
olora,5,task748_glucose_reverse_cause_event_detection,model.layers.25.self_attn.v_proj,new_adapter_unrouted,0.19520684376197853,0.2631274909920463,0.002120307670516074,0.000568850098413568,0.29702024250098025,0.8336214506822457
olora,5,task748_glucose_reverse_cause_event_detection,model.layers.26.self_attn.q_proj,new_adapter_unrouted,0.38776451479614815,0.5245600008130518,0.00032218635445875864,0.0007454197873555322,0.3620283609119972,0.8913414545001787
olora,5,task748_glucose_reverse_cause_event_detection,model.layers.26.self_attn.v_proj,new_adapter_unrouted,0.19981149419424646,0.24564702319230486,0.0005314023966594594,0.0006656947384865852,0.3595217187286974,0.8250082894296594
olora,5,task748_glucose_reverse_cause_event_detection,model.layers.27.self_attn.q_proj,new_adapter_unrouted,0.3830453687325268,0.5004491407676075,-0.001331093881138048,-0.0009446496002338812,0.48833587720971877,0.9286019948332281
olora,5,task748_glucose_reverse_cause_event_detection,model.layers.27.self_attn.v_proj,new_adapter_unrouted,0.21217285326861957,0.2754002611679275,0.0013554046083114957,0.00035230971441978134,0.44758374640365595,0.8900890516645501
olora,6,medical_mts_dialog_note,model.layers.0.self_attn.q_proj,new_adapter_unrouted,0.32484978857451646,0.7328651975813972,0.0010838896557154919,-0.00039352391170295907,0.3695168630079182,0.8572859105277421
olora,6,medical_mts_dialog_note,model.layers.0.self_attn.v_proj,new_adapter_unrouted,0.1326320683269626,0.3135212439550927,-0.00036617223845284363,-0.00017183274008759236,0.2838275648820492,0.7826959950278254
olora,6,medical_mts_dialog_note,model.layers.1.self_attn.q_proj,new_adapter_unrouted,0.34576702180373586,0.7698085720116096,-0.0008001537962699736,-0.0002403481909096933,0.2996797553874117,0.8129464725724681
olora,6,medical_mts_dialog_note,model.layers.1.self_attn.v_proj,new_adapter_unrouted,0.14101898988035894,0.3227766770746063,0.0006294934111149872,0.000523602771394021,0.4172247425343244,0.8718031381279501
olora,6,medical_mts_dialog_note,model.layers.2.self_attn.q_proj,new_adapter_unrouted,0.316590304351419,0.7519419751797702,-8.955110510831987e-05,-0.0001979247260223536,0.38577986427172606,0.7802487656173366
olora,6,medical_mts_dialog_note,model.layers.2.self_attn.v_proj,new_adapter_unrouted,0.14303391597857187,0.3291642335827235,-0.0009443277581552157,0.00013471051891467213,0.4517992387947148,0.8625236543796448
olora,6,medical_mts_dialog_note,model.layers.3.self_attn.q_proj,new_adapter_unrouted,0.31018908786627336,0.7531923963597522,-0.0007201135326756152,-0.0005218946165495511,0.308834208858688,0.7994108820997579
olora,6,medical_mts_dialog_note,model.layers.3.self_attn.v_proj,new_adapter_unrouted,0.14584747648721644,0.33311977493902606,0.0007265440870272027,-0.0004922603223067761,0.3901849617180472,0.9011123111534105
olora,6,medical_mts_dialog_note,model.layers.4.self_attn.q_proj,new_adapter_unrouted,0.3324023764614982,0.7335601920134551,-6.309757676220581e-06,0.00039595472975603746,0.36511205286534487,0.843170350776011
olora,6,medical_mts_dialog_note,model.layers.4.self_attn.v_proj,new_adapter_unrouted,0.15502589245155918,0.33737640378075145,-0.0007317631279538185,-2.028296171302384e-05,0.6474120008852756,0.9520903470100407
olora,6,medical_mts_dialog_note,model.layers.5.self_attn.q_proj,new_adapter_unrouted,0.2817040164427107,0.7358902555491267,0.0009076286317387625,0.0009018277162018648,0.3901015985051395,0.8202329914460659
olora,6,medical_mts_dialog_note,model.layers.5.self_attn.v_proj,new_adapter_unrouted,0.14425049198426695,0.3218897121023354,0.0009226733078414778,0.0006001286988867525,0.4778226443054399,0.8694507184266006
olora,6,medical_mts_dialog_note,model.layers.6.self_attn.q_proj,new_adapter_unrouted,0.3023894878709634,0.7594930054249709,0.0004139523168997875,-0.0005565871786845083,0.4821019357194432,0.8352430306920513
olora,6,medical_mts_dialog_note,model.layers.6.self_attn.v_proj,new_adapter_unrouted,0.14305381679858556,0.3396864041932768,0.00035209442176409176,0.0006181505339080614,0.42570498922206856,0.860224372741572
olora,6,medical_mts_dialog_note,model.layers.7.self_attn.q_proj,new_adapter_unrouted,0.3120288726916498,0.7379478587766476,0.0005824039969349054,-0.00019420959655944717,0.34529393165223876,0.8461780402345387
olora,6,medical_mts_dialog_note,model.layers.7.self_attn.v_proj,new_adapter_unrouted,0.1400641268710156,0.33180312396267014,0.0006487458925155618,-0.00037192319093423535,0.42438245441991357,0.8692287319538107
olora,6,medical_mts_dialog_note,model.layers.8.self_attn.q_proj,new_adapter_unrouted,0.31653650299129166,0.7230126797896939,-0.0014882498418930397,-0.0009597864832470267,0.3726672553024541,0.8628331559130082
olora,6,medical_mts_dialog_note,model.layers.8.self_attn.v_proj,new_adapter_unrouted,0.13851774662709085,0.3233064300563056,-0.00044867773805386794,-0.0004059631314903193,0.4883508757371295,0.8937469005800668
olora,6,medical_mts_dialog_note,model.layers.9.self_attn.q_proj,new_adapter_unrouted,0.24525778940483742,0.6747068836201936,2.7846960956602483e-05,-0.0018571758992108498,0.5078347607589352,0.8482946393466961
olora,6,medical_mts_dialog_note,model.layers.9.self_attn.v_proj,new_adapter_unrouted,0.13127955264491387,0.30865677691835114,0.0010727899190361026,0.0007153983211222599,0.48112562252179153,0.8512274265493717
olora,6,medical_mts_dialog_note,model.layers.10.self_attn.q_proj,new_adapter_unrouted,0.32562737859428803,0.7238636206857422,-0.0010056759661792717,8.026397371189998e-05,0.5485089760180678,0.9028375960008801
olora,6,medical_mts_dialog_note,model.layers.10.self_attn.v_proj,new_adapter_unrouted,0.13275329591274065,0.33307009088053646,-0.0005101568396300003,-0.00012035068036558532,0.4369433464914131,0.8994643566004139
olora,6,medical_mts_dialog_note,model.layers.11.self_attn.q_proj,new_adapter_unrouted,0.2917954266584466,0.7420960326129266,-0.00021991062178095872,-0.000705497990241588,0.4662355310314028,0.844455387831323
olora,6,medical_mts_dialog_note,model.layers.11.self_attn.v_proj,new_adapter_unrouted,0.1346697524011897,0.3334665331745076,-0.00014579917528056554,0.0006120900428344908,0.48772851253881877,0.9078414218093546
olora,6,medical_mts_dialog_note,model.layers.12.self_attn.q_proj,new_adapter_unrouted,0.27603065791318454,0.7301432349943128,0.000983906408956062,0.0003927249179652366,0.5436141312550614,0.8766986202301651
olora,6,medical_mts_dialog_note,model.layers.12.self_attn.v_proj,new_adapter_unrouted,0.1302898694641497,0.33893042404473134,0.0005100671327401147,0.0002093595048344495,0.31899992425475915,0.8452276256757764
olora,6,medical_mts_dialog_note,model.layers.13.self_attn.q_proj,new_adapter_unrouted,0.2620197503119298,0.7401762019477682,0.0006489463106766434,0.0005909795168836959,0.34091614784409197,0.8200907400666486
olora,6,medical_mts_dialog_note,model.layers.13.self_attn.v_proj,new_adapter_unrouted,0.1298083669842158,0.33558781328766646,0.0009711942651446074,0.0003422691369421438,0.46031488722043895,0.8745200409955212
olora,6,medical_mts_dialog_note,model.layers.14.self_attn.q_proj,new_adapter_unrouted,0.223754724340895,0.6554813780343499,-0.0007811545000782371,0.00024173847845437242,0.4027664389536701,0.8309701134288919
olora,6,medical_mts_dialog_note,model.layers.14.self_attn.v_proj,new_adapter_unrouted,0.1298826560629867,0.3292126680718838,-0.0006087420562440829,-0.00031359661795541093,0.45339107336067463,0.9316918894347608
olora,6,medical_mts_dialog_note,model.layers.15.self_attn.q_proj,new_adapter_unrouted,0.25424427706427194,0.7430353650881619,-0.001034855887655495,-0.000753503517183942,0.46491894282032253,0.828928965182478
olora,6,medical_mts_dialog_note,model.layers.15.self_attn.v_proj,new_adapter_unrouted,0.14568790434991477,0.35028090786251814,-0.0007611589640821129,0.00039568386793336323,0.42077031284842253,0.9264267161972606
olora,6,medical_mts_dialog_note,model.layers.16.self_attn.q_proj,new_adapter_unrouted,0.24703498043452327,0.6920447783072908,-0.001086832099097062,-0.0009970395844151982,0.6399470135316473,0.8983797067221267
olora,6,medical_mts_dialog_note,model.layers.16.self_attn.v_proj,new_adapter_unrouted,0.11682495837821232,0.3346942474979228,0.0006037149130173431,0.0011363562384219394,0.4448430849976986,0.8755006629453326
olora,6,medical_mts_dialog_note,model.layers.17.self_attn.q_proj,new_adapter_unrouted,0.23233871547253607,0.6866171527807564,0.00045135294588950233,-0.0004526518703282291,0.553145774235506,0.8803640181417998
olora,6,medical_mts_dialog_note,model.layers.17.self_attn.v_proj,new_adapter_unrouted,0.14431713130338933,0.3407816900079033,-0.0007350129356955109,-0.001460470520430638,0.4803241705302447,0.9654170397104819
olora,6,medical_mts_dialog_note,model.layers.18.self_attn.q_proj,new_adapter_unrouted,0.2166272263484207,0.6994974091628271,-6.07298779922688e-05,0.00014779414510006827,0.49001267881880645,0.8257402862331571
olora,6,medical_mts_dialog_note,model.layers.18.self_attn.v_proj,new_adapter_unrouted,0.13448277944214626,0.3459660064901248,-0.00018035862046565976,0.00039414170530907127,0.607141744435902,0.938359352115667
olora,6,medical_mts_dialog_note,model.layers.19.self_attn.q_proj,new_adapter_unrouted,0.22152520483414098,0.6974212934037899,0.0007072827867718489,5.71809225634465e-05,0.4603189655897053,0.8292520062960649
olora,6,medical_mts_dialog_note,model.layers.19.self_attn.v_proj,new_adapter_unrouted,0.1180260826730659,0.35198588605044967,-0.0006918831599991636,-0.0011178354278487434,0.3345321468683446,0.8780325844033967
olora,6,medical_mts_dialog_note,model.layers.20.self_attn.q_proj,new_adapter_unrouted,0.22514510387447115,0.6547127379648199,-0.0004133214697282937,-0.0005597450269311375,0.631066066814459,0.8737916035952863
olora,6,medical_mts_dialog_note,model.layers.20.self_attn.v_proj,new_adapter_unrouted,0.12195840855221969,0.34681546280196984,-0.00034572309579179744,-0.00016110160145231815,0.6084896163419294,0.9313415536775408
olora,6,medical_mts_dialog_note,model.layers.21.self_attn.q_proj,new_adapter_unrouted,0.2298784903825138,0.6661283738125158,0.0009923213749994666,0.00016994604484594816,0.5759865306705269,0.8667159719575231
olora,6,medical_mts_dialog_note,model.layers.21.self_attn.v_proj,new_adapter_unrouted,0.11348793762763548,0.30884449759645793,-0.0002723968367854781,-0.0003638621922640595,0.4869603405442356,0.8867878983632436
olora,6,medical_mts_dialog_note,model.layers.22.self_attn.q_proj,new_adapter_unrouted,0.1778882000985911,0.6519736550174765,-8.945222655455208e-05,-0.0002159223718752701,0.4142473062981937,0.789194160796679
olora,6,medical_mts_dialog_note,model.layers.22.self_attn.v_proj,new_adapter_unrouted,0.10826652115510096,0.3155304583057839,-0.0001714289452230669,0.000303074899705513,0.5541743565849149,0.9092779053191284
olora,6,medical_mts_dialog_note,model.layers.23.self_attn.q_proj,new_adapter_unrouted,0.22303589932102547,0.6915169663286305,-0.001240839768762166,0.00011279056971191207,0.554783806491756,0.8493533372007235
olora,6,medical_mts_dialog_note,model.layers.23.self_attn.v_proj,new_adapter_unrouted,0.11633549523381449,0.3300755347030423,0.0003874049282588987,0.0002584816724497989,0.44861394051813813,0.909062485408552
olora,6,medical_mts_dialog_note,model.layers.24.self_attn.q_proj,new_adapter_unrouted,0.25266164453451095,0.6959753985159717,-0.0007480984302333514,-0.0006365109685327651,0.39740597283215745,0.8519847015847088
olora,6,medical_mts_dialog_note,model.layers.24.self_attn.v_proj,new_adapter_unrouted,0.11718218716166594,0.3304776207846873,0.0007359279153199766,-0.00013129607926763587,0.6457328676894515,0.9385308966924327
olora,6,medical_mts_dialog_note,model.layers.25.self_attn.q_proj,new_adapter_unrouted,0.20696811179617208,0.6763028277979785,-0.0009561538760820726,0.00011073455625403676,0.36477040549183853,0.807701008239812
olora,6,medical_mts_dialog_note,model.layers.25.self_attn.v_proj,new_adapter_unrouted,0.13051929662606215,0.3279628097068571,-0.0006648267405570034,-0.001854882487873342,0.4750185556533299,0.9110293955760304
olora,6,medical_mts_dialog_note,model.layers.26.self_attn.q_proj,new_adapter_unrouted,0.22874333425838042,0.6524228555966767,-9.474062226556955e-05,-0.0008174137640308821,0.5885407368695582,0.909767878214175
olora,6,medical_mts_dialog_note,model.layers.26.self_attn.v_proj,new_adapter_unrouted,0.10915212273089674,0.31673215651082676,-0.0015604174965766398,-0.00023276105041092332,0.4120352610944707,0.8690878132141183
olora,6,medical_mts_dialog_note,model.layers.27.self_attn.q_proj,new_adapter_unrouted,0.2189102878262237,0.6298116938019938,-0.0030877559455386554,-0.0059049610715199334,0.5522275911976288,0.8591671216717479
olora,6,medical_mts_dialog_note,model.layers.27.self_attn.v_proj,new_adapter_unrouted,0.11712572428459768,0.3478807594053845,-0.0001385478759309187,-0.0008934278414596731,0.47210605457600335,0.8813589854787761
olora,7,medical_iu_xray_impression,model.layers.0.self_attn.q_proj,new_adapter_unrouted,0.34842627936432036,0.8019568994515147,-0.0005296432454027909,0.0015067957805610724,0.4147759152743333,0.8296827819637242
olora,7,medical_iu_xray_impression,model.layers.0.self_attn.v_proj,new_adapter_unrouted,0.1623465689856221,0.34037682485835435,0.001178942195629322,0.00012219733058492667,0.3971091212833424,0.8438272834828994
olora,7,medical_iu_xray_impression,model.layers.1.self_attn.q_proj,new_adapter_unrouted,0.3933105719449804,0.8436433547232076,-0.0016710102476819588,-0.0005350482563591195,0.462408126143619,0.8346939751356909
olora,7,medical_iu_xray_impression,model.layers.1.self_attn.v_proj,new_adapter_unrouted,0.16074414195267625,0.352318669502975,0.00062791421693993,0.0005003492453838646,0.39792716853468596,0.7878281647192974
olora,7,medical_iu_xray_impression,model.layers.2.self_attn.q_proj,new_adapter_unrouted,0.3648862797808114,0.8158452783556602,-0.0026224151974168783,-0.0014730647107479354,0.24857441702567545,0.7559077602829338
olora,7,medical_iu_xray_impression,model.layers.2.self_attn.v_proj,new_adapter_unrouted,0.15105582108487642,0.35877412500561395,-8.858610964689736e-05,-0.00031053875762773633,0.34540994532982583,0.7823629955258388
olora,7,medical_iu_xray_impression,model.layers.3.self_attn.q_proj,new_adapter_unrouted,0.3599529277809809,0.814358381147903,0.0008407420069855374,-0.0008480417031668674,0.27428139542511243,0.7255326593918942
olora,7,medical_iu_xray_impression,model.layers.3.self_attn.v_proj,new_adapter_unrouted,0.15675048972579084,0.36374560983597776,1.6099142845696066e-05,-0.0004448259569386919,0.3878145946655781,0.847092288712228
olora,7,medical_iu_xray_impression,model.layers.4.self_attn.q_proj,new_adapter_unrouted,0.3845516525449481,0.8053563298797601,0.0012620452737809051,0.0014364984011884846,0.3829665307181333,0.8217648698129538
olora,7,medical_iu_xray_impression,model.layers.4.self_attn.v_proj,new_adapter_unrouted,0.1661122060471943,0.37118636787187426,0.001871514232137179,-0.0005094832655935646,0.5170422735943869,0.9117077964648297
olora,7,medical_iu_xray_impression,model.layers.5.self_attn.q_proj,new_adapter_unrouted,0.3663280836551233,0.7882055124175705,-0.00023771368917830442,0.0001279736896099898,0.2783279632252516,0.7145671735018017
olora,7,medical_iu_xray_impression,model.layers.5.self_attn.v_proj,new_adapter_unrouted,0.16486791906426004,0.3528553183839949,5.982402387266161e-05,-0.0011110481465059978,0.4388041789198326,0.8964967256522947
olora,7,medical_iu_xray_impression,model.layers.6.self_attn.q_proj,new_adapter_unrouted,0.3659098598036967,0.8175935215488486,0.001014398486809125,0.001843130837643546,0.3212071552205968,0.764374828297183
olora,7,medical_iu_xray_impression,model.layers.6.self_attn.v_proj,new_adapter_unrouted,0.16547160802303373,0.36862645950928175,-0.000127360888882809,-0.0005800888810356096,0.4587503365242127,0.8858213559200807
olora,7,medical_iu_xray_impression,model.layers.7.self_attn.q_proj,new_adapter_unrouted,0.3611548559729677,0.8013721167875497,-0.0006598351183348202,-0.00033370148857958754,0.27490781076811754,0.7615632096462741
olora,7,medical_iu_xray_impression,model.layers.7.self_attn.v_proj,new_adapter_unrouted,0.15800734131979052,0.3602382155890264,-0.00025126367718895617,-0.00026161800162214803,0.36632571362106275,0.8133084172193626
olora,7,medical_iu_xray_impression,model.layers.8.self_attn.q_proj,new_adapter_unrouted,0.3751550066388402,0.788835528755479,-0.00023762955356701305,-0.0009377817124337436,0.23963479308208038,0.6928779117827908
olora,7,medical_iu_xray_impression,model.layers.8.self_attn.v_proj,new_adapter_unrouted,0.15738935291429854,0.35167318204202225,0.0015122220099157001,0.00011135369280809433,0.31663846632924136,0.7930891241397648
olora,7,medical_iu_xray_impression,model.layers.9.self_attn.q_proj,new_adapter_unrouted,0.33394476602211076,0.7179066639459146,0.0011027407338136158,0.0009472346580721091,0.28587257566920576,0.7579245076215125
olora,7,medical_iu_xray_impression,model.layers.9.self_attn.v_proj,new_adapter_unrouted,0.15621747004698222,0.3355447309519408,-0.00048323627844408073,-9.656442980054907e-05,0.533197710313813,0.8831437886900365
olora,7,medical_iu_xray_impression,model.layers.10.self_attn.q_proj,new_adapter_unrouted,0.3659202565365349,0.7934340776990082,0.0007557422539958582,0.0001690148404028502,0.4094618588264597,0.8457692724551111
olora,7,medical_iu_xray_impression,model.layers.10.self_attn.v_proj,new_adapter_unrouted,0.1635071980543851,0.3584885056313431,0.0009574756514028406,0.0007879830890486537,0.3150875429568553,0.8593389512815882
olora,7,medical_iu_xray_impression,model.layers.11.self_attn.q_proj,new_adapter_unrouted,0.3625446860491596,0.7973429962356658,0.000852462743556966,0.0015049222896593043,0.4055718082071754,0.8416836642480465
olora,7,medical_iu_xray_impression,model.layers.11.self_attn.v_proj,new_adapter_unrouted,0.1613351658924836,0.3596147604070838,0.0006637743626166388,0.0015068865471354114,0.4923799483067411,0.8934278507871551
olora,7,medical_iu_xray_impression,model.layers.12.self_attn.q_proj,new_adapter_unrouted,0.3383373490893961,0.7808320334646887,-0.00030652886025775086,0.00048822021072328966,0.3014505612975711,0.7716498492669707
olora,7,medical_iu_xray_impression,model.layers.12.self_attn.v_proj,new_adapter_unrouted,0.1691115677203903,0.36317259084614734,0.001376771754866412,0.001855965608417875,0.5086474706028301,0.8992170019137214
olora,7,medical_iu_xray_impression,model.layers.13.self_attn.q_proj,new_adapter_unrouted,0.3447733904123063,0.7853450667034146,0.0025507157768249475,0.001562163837011715,0.3869203639481515,0.8616502277502284
olora,7,medical_iu_xray_impression,model.layers.13.self_attn.v_proj,new_adapter_unrouted,0.15488256978030332,0.35993611530575836,-0.0005760366151001078,0.00024071865284144408,0.5030330482524407,0.9045281887166644
olora,7,medical_iu_xray_impression,model.layers.14.self_attn.q_proj,new_adapter_unrouted,0.3112842310974435,0.69245423989932,0.0005615043056128606,0.0014353526742365893,0.36823989457166983,0.8001511210548349
olora,7,medical_iu_xray_impression,model.layers.14.self_attn.v_proj,new_adapter_unrouted,0.15838216848349976,0.35383389710803126,2.5370356577099244e-05,-0.0012368491001212506,0.45300005254195463,0.8744419298957707
olora,7,medical_iu_xray_impression,model.layers.15.self_attn.q_proj,new_adapter_unrouted,0.33583404954698587,0.7850800671193795,0.0008884460903585435,0.0007340016621923288,0.39756155747222344,0.8636719481644202
olora,7,medical_iu_xray_impression,model.layers.15.self_attn.v_proj,new_adapter_unrouted,0.16594702568482095,0.37926770680897237,0.0013776052949449045,0.00018955371783193492,0.5218522535280614,0.908625233407478
olora,7,medical_iu_xray_impression,model.layers.16.self_attn.q_proj,new_adapter_unrouted,0.3349761156403953,0.7345615349988638,-0.00011359299139408666,-3.745753173612373e-05,0.5945819330959485,0.8901677735898915
olora,7,medical_iu_xray_impression,model.layers.16.self_attn.v_proj,new_adapter_unrouted,0.16495194397787832,0.3545638468443678,-0.0004463847621964498,-0.0001816520721190757,0.40493104624282844,0.8778195719816235
olora,7,medical_iu_xray_impression,model.layers.17.self_attn.q_proj,new_adapter_unrouted,0.31721252489217094,0.7249609643543363,-0.0007255950328477663,0.0013884125048523692,0.3714116798781667,0.8671248864442774
olora,7,medical_iu_xray_impression,model.layers.17.self_attn.v_proj,new_adapter_unrouted,0.18252743687873477,0.36998283450064817,-0.0002052570583253724,-0.0014439770693134533,0.3883400735777889,0.9507872810270979
olora,7,medical_iu_xray_impression,model.layers.18.self_attn.q_proj,new_adapter_unrouted,0.36700204504048445,0.7322605928232073,-0.0002903090952809845,0.0005654228181764682,0.4340438695297205,0.8495659965741349
olora,7,medical_iu_xray_impression,model.layers.18.self_attn.v_proj,new_adapter_unrouted,0.17847817657961615,0.37116211109603975,-0.00023057008184919898,0.0004059036107484228,0.4910982578334537,0.9088628497393281
olora,7,medical_iu_xray_impression,model.layers.19.self_attn.q_proj,new_adapter_unrouted,0.3546809289178114,0.7319073863210104,0.0009345883788971484,0.000164019534983988,0.35524010286961033,0.8361203692462681
olora,7,medical_iu_xray_impression,model.layers.19.self_attn.v_proj,new_adapter_unrouted,0.18480468987069054,0.37116941368140965,0.001231020787081717,0.0010328066579961858,0.41537755769877616,0.8902918425744394
olora,7,medical_iu_xray_impression,model.layers.20.self_attn.q_proj,new_adapter_unrouted,0.35685234768335317,0.6922551808732388,0.00038969403558397565,-0.0004486821871674846,0.5171315614956319,0.8996901428796822
olora,7,medical_iu_xray_impression,model.layers.20.self_attn.v_proj,new_adapter_unrouted,0.18029221392965425,0.36759430424418377,0.00045447027081487547,-8.989343458678785e-05,0.49534002701559904,0.9147365714506125
olora,7,medical_iu_xray_impression,model.layers.21.self_attn.q_proj,new_adapter_unrouted,0.389251971095681,0.7048936347241578,-0.00022223829787441533,-0.0005787659744055569,0.466488783749641,0.9020204249903009
olora,7,medical_iu_xray_impression,model.layers.21.self_attn.v_proj,new_adapter_unrouted,0.19301136836994362,0.3290065965845992,0.0011124570744971169,0.0003836133820425111,0.5452351670037505,0.9211289710822532
olora,7,medical_iu_xray_impression,model.layers.22.self_attn.q_proj,new_adapter_unrouted,0.3503636386145508,0.6757907290836126,-0.00018344023499532045,-0.0008407075296611642,0.48454678008824714,0.9228129072245106
olora,7,medical_iu_xray_impression,model.layers.22.self_attn.v_proj,new_adapter_unrouted,0.19211434034538813,0.3335706779998456,-0.0013396047874853273,-0.0007918040039794433,0.6070367117572657,0.9532478320331742
olora,7,medical_iu_xray_impression,model.layers.23.self_attn.q_proj,new_adapter_unrouted,0.3802326073074171,0.7263318593845138,0.00022909510978150953,0.0001876570356476354,0.43920868532431434,0.9118275437429336
olora,7,medical_iu_xray_impression,model.layers.23.self_attn.v_proj,new_adapter_unrouted,0.18783905376890678,0.3500193685676507,0.00021019762375511648,0.0009151220009290938,0.4919693270059419,0.9257518132004301
olora,7,medical_iu_xray_impression,model.layers.24.self_attn.q_proj,new_adapter_unrouted,0.40389864087716887,0.740240880587667,-6.121864371189639e-05,0.00090950689337937,0.5705164137259139,0.933495140771698
olora,7,medical_iu_xray_impression,model.layers.24.self_attn.v_proj,new_adapter_unrouted,0.17732224594915497,0.3507194349468951,0.0008394331748829395,0.0005099321714071141,0.49079956601663116,0.9407128848950013
olora,7,medical_iu_xray_impression,model.layers.25.self_attn.q_proj,new_adapter_unrouted,0.31028446597515635,0.7070740007290163,0.0004936043630682848,0.0006556395583624962,0.4924878572786132,0.9061872067544505
olora,7,medical_iu_xray_impression,model.layers.25.self_attn.v_proj,new_adapter_unrouted,0.19887590361008362,0.35289938352653905,0.001806557287693543,0.0007782239649538588,0.7106966601809587,0.964749182153611
olora,7,medical_iu_xray_impression,model.layers.26.self_attn.q_proj,new_adapter_unrouted,0.34761496343105835,0.6913398714005986,-0.0001182080000258383,-0.00226546175006881,0.5050423440863699,0.8849481479377765
olora,7,medical_iu_xray_impression,model.layers.26.self_attn.v_proj,new_adapter_unrouted,0.19278478219746564,0.33485153635179826,-0.001318224357871997,-0.0004865913512437075,0.48390343560303734,0.9260787496256417
olora,7,medical_iu_xray_impression,model.layers.27.self_attn.q_proj,new_adapter_unrouted,0.36263772595570803,0.6661329086525932,-0.0024015248959859538,0.0007287122012597578,0.4851136971284565,0.9289701845780391
olora,7,medical_iu_xray_impression,model.layers.27.self_attn.v_proj,new_adapter_unrouted,0.19790933319652743,0.3670533579324356,2.087407581899986e-05,-0.0009593856573011907,0.5215062235724897,0.9008614740172709
olora,8,natural_vqav2,model.layers.0.self_attn.q_proj,new_adapter_unrouted,0.23449560323420734,0.8742080712680027,-0.0009335286253729573,0.0006811126289970612,0.45691923438558507,0.8605111554105033
olora,8,natural_vqav2,model.layers.0.self_attn.v_proj,new_adapter_unrouted,0.09974348622814917,0.3772838264734579,0.0006944639612296297,-0.0006449294963975407,0.31128152907887285,0.8281847666559121
olora,8,natural_vqav2,model.layers.1.self_attn.q_proj,new_adapter_unrouted,0.2533079450669939,0.9302249122033628,-0.00014454818165816387,-0.0011312320014230158,0.4762034222936069,0.8659894482543321
olora,8,natural_vqav2,model.layers.1.self_attn.v_proj,new_adapter_unrouted,0.10811961497566573,0.3873477063154874,0.0001651842938723729,0.000579602919366576,0.4852893266354759,0.8860213011914256
olora,8,natural_vqav2,model.layers.2.self_attn.q_proj,new_adapter_unrouted,0.25395751933977506,0.8928517110369073,0.00024018554388133574,0.00023592025046942285,0.5548419003810827,0.8793263854375358
olora,8,natural_vqav2,model.layers.2.self_attn.v_proj,new_adapter_unrouted,0.11132077949010219,0.38926486101742186,0.0014322482149268028,0.0012893738957081098,0.41982584291327024,0.8867209466194949
olora,8,natural_vqav2,model.layers.3.self_attn.q_proj,new_adapter_unrouted,0.26964266953943933,0.8906394207098286,0.0007614536533355434,0.0006648500694620091,0.594265068033825,0.9243172523570325
olora,8,natural_vqav2,model.layers.3.self_attn.v_proj,new_adapter_unrouted,0.10335237467719735,0.3960851178264807,0.00029766872950228265,0.00023966372340309072,0.40544562294909264,0.8842709486663212
olora,8,natural_vqav2,model.layers.4.self_attn.q_proj,new_adapter_unrouted,0.24014039005863472,0.8928944535557188,-0.0013409035518973478,-0.00037887256130560875,0.662597070305777,0.9067341983399045
olora,8,natural_vqav2,model.layers.4.self_attn.v_proj,new_adapter_unrouted,0.10504666731587563,0.40694394520108507,-0.00025299791510243017,-0.0005933865529034873,0.5653057507386529,0.9330068223775547
olora,8,natural_vqav2,model.layers.5.self_attn.q_proj,new_adapter_unrouted,0.20444449050457728,0.8690954601859365,-0.00018180288740740966,0.000560611082916041,0.3480535624635265,0.8584127296546333
olora,8,natural_vqav2,model.layers.5.self_attn.v_proj,new_adapter_unrouted,0.10170538127011837,0.389480765784967,-0.0003211467022310041,0.00015137245283194193,0.5795561250182233,0.8983470092968023
olora,8,natural_vqav2,model.layers.6.self_attn.q_proj,new_adapter_unrouted,0.22649666866914536,0.8960781986544479,0.0012278149322102441,-0.0006189385711802918,0.445078778196284,0.8567621426261127
olora,8,natural_vqav2,model.layers.6.self_attn.v_proj,new_adapter_unrouted,0.10876106854185251,0.4040430452235736,-0.0005976807250527802,0.0003489004318326517,0.5310366099180859,0.9118487191382237
olora,8,natural_vqav2,model.layers.7.self_attn.q_proj,new_adapter_unrouted,0.20602834073664092,0.878776513880438,-0.000466421656474082,-0.0008232996010321795,0.33046352201273144,0.8286519543347036
olora,8,natural_vqav2,model.layers.7.self_attn.v_proj,new_adapter_unrouted,0.09050923835115364,0.39333101566320133,-0.0009953922162231265,-0.0003794031340760663,0.37179584647637975,0.8617819936769758
olora,8,natural_vqav2,model.layers.8.self_attn.q_proj,new_adapter_unrouted,0.19743565540742472,0.8734197870125434,-6.057093714106693e-05,-0.0006780501339920375,0.4266405007789813,0.7974008212857339
olora,8,natural_vqav2,model.layers.8.self_attn.v_proj,new_adapter_unrouted,0.09100637399429225,0.38550335561327553,-4.7814269767858395e-05,-0.0002669265359505659,0.4957486511801896,0.9061259773006154
olora,8,natural_vqav2,model.layers.9.self_attn.q_proj,new_adapter_unrouted,0.1756859829038243,0.7921097333106131,0.0017076915901206558,0.0014408460041085318,0.47429842822611834,0.8284751784002126
olora,8,natural_vqav2,model.layers.9.self_attn.v_proj,new_adapter_unrouted,0.09014528877559358,0.3700587843955807,0.0009306582256321111,-0.0004973232308354316,0.540731006321961,0.8842623956297144
olora,8,natural_vqav2,model.layers.10.self_attn.q_proj,new_adapter_unrouted,0.1737185931082606,0.8739989156390802,0.0005314597475475548,-0.0002237602931276315,0.4479388480334458,0.7923294279793863
olora,8,natural_vqav2,model.layers.10.self_attn.v_proj,new_adapter_unrouted,0.09740001185040083,0.39415841766962134,0.0004013255660422523,-0.0014387727870668015,0.6028509378479786,0.8978082801089312
olora,8,natural_vqav2,model.layers.11.self_attn.q_proj,new_adapter_unrouted,0.18366787575752933,0.8761776931900711,0.0007740729274352671,0.0001576110026100258,0.4687603532314882,0.8209593058869148
olora,8,natural_vqav2,model.layers.11.self_attn.v_proj,new_adapter_unrouted,0.08641327008418682,0.39424463731450293,0.0006424681917359682,0.00034478188229106004,0.4898529838674694,0.8581558142003627
olora,8,natural_vqav2,model.layers.12.self_attn.q_proj,new_adapter_unrouted,0.1783183931646547,0.8508871052261112,0.00020411259808414325,0.00027151030683300825,0.3690235960657215,0.7927526994569533
olora,8,natural_vqav2,model.layers.12.self_attn.v_proj,new_adapter_unrouted,0.08628480723079773,0.4008268536368316,-0.00036102147223017505,0.0007274749796753763,0.36477126769486257,0.8358653143138439
olora,8,natural_vqav2,model.layers.13.self_attn.q_proj,new_adapter_unrouted,0.18293866170899567,0.8584968603102419,0.0006556544352319857,-0.001116061344257772,0.48256436838885874,0.8397148348082243
olora,8,natural_vqav2,model.layers.13.self_attn.v_proj,new_adapter_unrouted,0.08724154055583583,0.3917631834922666,0.0003442527485882253,0.0010209049006731001,0.450658601900132,0.8496921616059723
olora,8,natural_vqav2,model.layers.14.self_attn.q_proj,new_adapter_unrouted,0.1623847335543383,0.7593634251705784,-0.0013839426927139398,-0.0015754168260781903,0.2603735509639908,0.7708810102209604
olora,8,natural_vqav2,model.layers.14.self_attn.v_proj,new_adapter_unrouted,0.08468267433525134,0.3876676174191996,-0.001119719744442499,0.00011818923418194752,0.5412142981170478,0.8886013662766304
olora,8,natural_vqav2,model.layers.15.self_attn.q_proj,new_adapter_unrouted,0.1845803574248649,0.8541684318718987,-9.306710264218019e-05,-0.0005445860759910365,0.5766181310979852,0.8653292561588377
olora,8,natural_vqav2,model.layers.15.self_attn.v_proj,new_adapter_unrouted,0.10311002284104892,0.4141929709258395,0.0002973122903773027,-4.330642248577565e-05,0.7232625678358127,0.9542954876652865
olora,8,natural_vqav2,model.layers.16.self_attn.q_proj,new_adapter_unrouted,0.19267716461528375,0.8073002819503182,-0.00012950098619711809,0.00032474964370240485,0.6524744804859158,0.9017118702276045
olora,8,natural_vqav2,model.layers.16.self_attn.v_proj,new_adapter_unrouted,0.08379930591697735,0.3909890673618666,0.0018315241612340055,0.001479236026934911,0.536998131094547,0.8353844874325278
olora,8,natural_vqav2,model.layers.17.self_attn.q_proj,new_adapter_unrouted,0.1573552292089013,0.7911121667617861,0.0017484101142247362,0.0007844624521930005,0.411686633335771,0.7814844376277472
olora,8,natural_vqav2,model.layers.17.self_attn.v_proj,new_adapter_unrouted,0.09744729792194116,0.4125237450035409,-0.0005257885754957983,0.0004397569967268771,0.7194322068544671,0.9286788591603188
olora,8,natural_vqav2,model.layers.18.self_attn.q_proj,new_adapter_unrouted,0.16853230998502963,0.8189872043408978,-0.0006756969290729284,-0.0005583624699963673,0.42636709086779645,0.8523039414959074
olora,8,natural_vqav2,model.layers.18.self_attn.v_proj,new_adapter_unrouted,0.07782876296476893,0.41180726596811734,-0.00045634760499057984,-0.00021003510003382892,0.4988152766214859,0.8543987404338594
olora,8,natural_vqav2,model.layers.19.self_attn.q_proj,new_adapter_unrouted,0.1593769745208274,0.8136167462615685,-0.0006832576273108716,-4.566042165498335e-05,0.5140523482474272,0.8165129273444856
olora,8,natural_vqav2,model.layers.19.self_attn.v_proj,new_adapter_unrouted,0.08591477376095984,0.41483537452495406,0.0034528395672247776,0.00022179204314854274,0.6240313599174148,0.9053820761329144
olora,8,natural_vqav2,model.layers.20.self_attn.q_proj,new_adapter_unrouted,0.13923011560371576,0.7789437514852264,-0.0012218394095039177,-0.0003513286322194543,0.31696796576831027,0.7798137445542733
olora,8,natural_vqav2,model.layers.20.self_attn.v_proj,new_adapter_unrouted,0.07215310418162954,0.4095010310087375,-0.0004216173363197842,-0.00020027834006460264,0.3186664544905747,0.860963747866431
olora,8,natural_vqav2,model.layers.21.self_attn.q_proj,new_adapter_unrouted,0.1380346848504513,0.8051522695977876,-0.0010145152279845508,0.0002580614858074716,0.24732937912011985,0.6962429036213992
olora,8,natural_vqav2,model.layers.21.self_attn.v_proj,new_adapter_unrouted,0.06452401214961212,0.3816281114440388,0.002362259270293894,0.00025443751151125543,0.34093404274257366,0.8290137452428755
olora,8,natural_vqav2,model.layers.22.self_attn.q_proj,new_adapter_unrouted,0.13368174714096048,0.7611576194014966,-0.0007014640352799811,-0.00020478318340606556,0.30074143668659564,0.7188694766080337
olora,8,natural_vqav2,model.layers.22.self_attn.v_proj,new_adapter_unrouted,0.06355100747995807,0.38471498969515827,1.3653405772380863e-05,0.0006518667476569897,0.4401844826153253,0.8424363047071249
olora,8,natural_vqav2,model.layers.23.self_attn.q_proj,new_adapter_unrouted,0.13841340499991808,0.8199154507183118,0.0003360961372620238,0.0005277976378284384,0.31478998085199605,0.7514995652761964
olora,8,natural_vqav2,model.layers.23.self_attn.v_proj,new_adapter_unrouted,0.0723391234307503,0.3972715800918704,-0.0012509783154698634,9.315361910558367e-05,0.502394553771924,0.879911816763599
olora,8,natural_vqav2,model.layers.24.self_attn.q_proj,new_adapter_unrouted,0.1430997093917474,0.8432402189267263,-0.0008763883141010772,-0.0008949584724687968,0.30176292325033793,0.788211623537294
olora,8,natural_vqav2,model.layers.24.self_attn.v_proj,new_adapter_unrouted,0.06810872922558268,0.39313065290954463,1.3787578070614097e-05,0.00029384200516832074,0.40623414698357435,0.8196112355714698
olora,8,natural_vqav2,model.layers.25.self_attn.q_proj,new_adapter_unrouted,0.1381585016708908,0.7722996051283472,-0.0004359867991661969,0.00012237862841524123,0.27939986945332246,0.7419673518598772
olora,8,natural_vqav2,model.layers.25.self_attn.v_proj,new_adapter_unrouted,0.06086198098654295,0.4053926242723336,0.00033537385354670524,0.00023504436895655846,0.41327916713105134,0.8307737782745231
olora,8,natural_vqav2,model.layers.26.self_attn.q_proj,new_adapter_unrouted,0.14546641639676613,0.7737765601750634,0.0005530491363563656,-0.0004759670049421946,0.3165636307117236,0.7558453054538324
olora,8,natural_vqav2,model.layers.26.self_attn.v_proj,new_adapter_unrouted,0.06194148980299335,0.38616230990886874,-0.0005370005731466171,0.0001886975811851738,0.3698078385929226,0.8107840456651728
olora,8,natural_vqav2,model.layers.27.self_attn.q_proj,new_adapter_unrouted,0.13199680964895197,0.7576799614100093,0.0006272250419916266,-0.0006693928481702234,0.28654121771860397,0.7167093405585332
olora,8,natural_vqav2,model.layers.27.self_attn.v_proj,new_adapter_unrouted,0.0602436697925426,0.4170123552829839,0.00046138772712252013,-0.0002390080630349577,0.35347843416911673,0.8100840374293917
olora,9,medical_vqa_rad,model.layers.0.self_attn.q_proj,new_adapter_unrouted,0.1774006125154498,0.904900655817633,0.00069520969593967,-4.3834538886337444e-05,0.32280383653079886,0.8232477489556327
olora,9,medical_vqa_rad,model.layers.0.self_attn.v_proj,new_adapter_unrouted,0.07829938984036465,0.39031284420214774,0.0022230092318779103,0.004461661101550127,0.38090632910476563,0.8250347231602864
olora,9,medical_vqa_rad,model.layers.1.self_attn.q_proj,new_adapter_unrouted,0.17546691751172142,0.9640618141852147,-0.0013206601302673336,0.00026182324029801364,0.3293267083905765,0.8247334689932195
olora,9,medical_vqa_rad,model.layers.1.self_attn.v_proj,new_adapter_unrouted,0.07787010938718852,0.4021715212801301,0.0005278981332235336,-0.000575513854283785,0.29633889418373005,0.796578312197104
olora,9,medical_vqa_rad,model.layers.2.self_attn.q_proj,new_adapter_unrouted,0.18904948097424867,0.9283251165126819,0.0013433025327397382,0.0034660444811750422,0.5119616391074414,0.8496782255876562
olora,9,medical_vqa_rad,model.layers.2.self_attn.v_proj,new_adapter_unrouted,0.08106925800252343,0.40502293263465866,-0.00046450397529825005,-0.0018589324858954176,0.4211816843947393,0.8810398120382941
olora,9,medical_vqa_rad,model.layers.3.self_attn.q_proj,new_adapter_unrouted,0.18528770609101697,0.9307585507721501,-0.0003308236903440606,-0.004661559910822315,0.44985076577703675,0.862798317291653
olora,9,medical_vqa_rad,model.layers.3.self_attn.v_proj,new_adapter_unrouted,0.08548920658394062,0.40937697156799385,0.0004967749292186635,-0.0014838958535374031,0.5268145160534383,0.8837535319981674
olora,9,medical_vqa_rad,model.layers.4.self_attn.q_proj,new_adapter_unrouted,0.19537738577128658,0.9243121112421513,-0.0009862296540915977,-0.00125755303890069,0.5071712720683028,0.8431113506403122
olora,9,medical_vqa_rad,model.layers.4.self_attn.v_proj,new_adapter_unrouted,0.08546448943976824,0.42025771436941123,-0.0006743890259988711,-0.002068196511420535,0.42539003706304307,0.8936272688321784
olora,9,medical_vqa_rad,model.layers.5.self_attn.q_proj,new_adapter_unrouted,0.1942445177529632,0.8927820912701586,0.00017096661253012682,0.0025800731819728908,0.5859005849331382,0.8836419029502137
olora,9,medical_vqa_rad,model.layers.5.self_attn.v_proj,new_adapter_unrouted,0.08304679147902158,0.4025093896833739,0.0007813300275662483,-0.0011043056301309733,0.37933088615016436,0.8644053522035913
olora,9,medical_vqa_rad,model.layers.6.self_attn.q_proj,new_adapter_unrouted,0.2022934872803285,0.9245297564345609,-0.00043723283019462823,-0.0020767838026300783,0.5447003743828693,0.8541699975788826
olora,9,medical_vqa_rad,model.layers.6.self_attn.v_proj,new_adapter_unrouted,0.08664129892326793,0.4183625500412884,-2.196583897590302e-05,-0.00045797837364874226,0.39005031877222524,0.876507597865751
olora,9,medical_vqa_rad,model.layers.7.self_attn.q_proj,new_adapter_unrouted,0.20847503936485412,0.9025114650674787,0.0008221495064427991,0.001269368760058394,0.4221426053654988,0.853098167292632
olora,9,medical_vqa_rad,model.layers.7.self_attn.v_proj,new_adapter_unrouted,0.08662679112151907,0.40352241326015165,-0.0008211118991861033,-0.002635655083717568,0.3338959498835587,0.8635564325114259
olora,9,medical_vqa_rad,model.layers.8.self_attn.q_proj,new_adapter_unrouted,0.21722357310061846,0.8954451809891091,-0.001277177069999735,-0.0007507360583931593,0.5013321208292871,0.8467546303323514
olora,9,medical_vqa_rad,model.layers.8.self_attn.v_proj,new_adapter_unrouted,0.09511815100404504,0.39609549648477965,-0.0005546735507506009,-0.0019010973081703233,0.49764180681790077,0.925501431578563
olora,9,medical_vqa_rad,model.layers.9.self_attn.q_proj,new_adapter_unrouted,0.21822647949557022,0.8116518266592629,0.00034038485189590424,0.002063086652331216,0.5526655040465343,0.8797439823286807
olora,9,medical_vqa_rad,model.layers.9.self_attn.v_proj,new_adapter_unrouted,0.08648569311413368,0.3809616368566137,-0.0017572909835926003,-0.00022732871831906203,0.5066088807419505,0.8765780080089941
olora,9,medical_vqa_rad,model.layers.10.self_attn.q_proj,new_adapter_unrouted,0.19057805581847306,0.8911866454621399,-9.963269477408929e-05,-0.003124256094371481,0.40496418754219243,0.7948462582589798
olora,9,medical_vqa_rad,model.layers.10.self_attn.v_proj,new_adapter_unrouted,0.08982798943521773,0.4060522566562374,0.0006933225290609482,-0.0005598723920868208,0.4733756289546029,0.8749490727678443
olora,9,medical_vqa_rad,model.layers.11.self_attn.q_proj,new_adapter_unrouted,0.19364449765051192,0.8953604721439792,-0.0003922950683529419,0.001135077527561128,0.4241102011546974,0.8011426256292385
olora,9,medical_vqa_rad,model.layers.11.self_attn.v_proj,new_adapter_unrouted,0.08736862560286306,0.40365810095908694,0.0002842558077413269,-0.0027547422781094033,0.49384295699700154,0.864100603775338
olora,9,medical_vqa_rad,model.layers.12.self_attn.q_proj,new_adapter_unrouted,0.20465985832011988,0.8694068407303701,-0.0005659168129910833,-0.0032877446687700975,0.6208244279937691,0.8940420498717873
olora,9,medical_vqa_rad,model.layers.12.self_attn.v_proj,new_adapter_unrouted,0.08818225504217209,0.4099783683399179,0.0005860958609647737,-0.0002961601565636695,0.466298518687482,0.8626081673739416
olora,9,medical_vqa_rad,model.layers.13.self_attn.q_proj,new_adapter_unrouted,0.1884138195355493,0.877889148549451,0.0004959747138949922,0.0008056799200215663,0.38380583509078975,0.8201780431479725
olora,9,medical_vqa_rad,model.layers.13.self_attn.v_proj,new_adapter_unrouted,0.08865130947997273,0.401388851484099,-0.0020070638034161803,0.0029895679317450655,0.34899723290940715,0.818935731917922
olora,9,medical_vqa_rad,model.layers.14.self_attn.q_proj,new_adapter_unrouted,0.206096010636531,0.7763119913561095,-0.0022361244328732034,0.0013109219952665242,0.5343013217052018,0.8495282497769802
olora,9,medical_vqa_rad,model.layers.14.self_attn.v_proj,new_adapter_unrouted,0.08735379082800347,0.3967162953199451,-0.0032639119034612515,-0.0076686744709804815,0.5322085311026942,0.9129850917864237
olora,9,medical_vqa_rad,model.layers.15.self_attn.q_proj,new_adapter_unrouted,0.2049716438716125,0.873867422398576,0.001060968943419982,0.003797904177228249,0.4942339204730762,0.8889159476204829
olora,9,medical_vqa_rad,model.layers.15.self_attn.v_proj,new_adapter_unrouted,0.10051262384505014,0.4268640168393674,-0.00021431201698474025,-0.003059474767745299,0.6129256867547459,0.9109803091602495
olora,9,medical_vqa_rad,model.layers.16.self_attn.q_proj,new_adapter_unrouted,0.19594665694857108,0.8299505694179335,0.0007692518329091045,-0.0041471535549869815,0.47798599142292986,0.8675359074105284
olora,9,medical_vqa_rad,model.layers.16.self_attn.v_proj,new_adapter_unrouted,0.0838726595228632,0.40001849060687117,3.220428097519263e-05,0.0030555577583634363,0.4193751330137012,0.8570352885511884
olora,9,medical_vqa_rad,model.layers.17.self_attn.q_proj,new_adapter_unrouted,0.19245237129492532,0.8068794410871964,0.00027129675945616893,0.0002572652060080312,0.47621424016442493,0.871258189799129
olora,9,medical_vqa_rad,model.layers.17.self_attn.v_proj,new_adapter_unrouted,0.08778612561517658,0.42382725652456177,-0.003313778249995501,-0.00694510627081472,0.5994834164225523,0.907855445220466
olora,9,medical_vqa_rad,model.layers.18.self_attn.q_proj,new_adapter_unrouted,0.20071079456277652,0.8360362750247935,-0.0017615371456125384,-0.0008633620740296341,0.721456675019067,0.9230024839324154
olora,9,medical_vqa_rad,model.layers.18.self_attn.v_proj,new_adapter_unrouted,0.08262220076115231,0.41906239196149164,0.00040477889676395845,-0.0019378464655708711,0.4397725966481299,0.8374073051538841
olora,9,medical_vqa_rad,model.layers.19.self_attn.q_proj,new_adapter_unrouted,0.16501514460619493,0.8289728773279879,-0.0011508713637392114,-0.0006931216845744889,0.4938787873070267,0.8583931205147202
olora,9,medical_vqa_rad,model.layers.19.self_attn.v_proj,new_adapter_unrouted,0.08433083769081107,0.42392907198904484,-0.0007329905691725651,-0.00948262356374304,0.5430686296462336,0.9178125282688167
olora,9,medical_vqa_rad,model.layers.20.self_attn.q_proj,new_adapter_unrouted,0.16018558197854457,0.7911215900013984,0.0011224218414674168,0.00044262668084861186,0.379809296649904,0.7961335944979909
olora,9,medical_vqa_rad,model.layers.20.self_attn.v_proj,new_adapter_unrouted,0.08412378551285124,0.41577908795280866,0.001032587361511421,-0.002227760937603641,0.44674241936264497,0.8788923057579564
olora,9,medical_vqa_rad,model.layers.21.self_attn.q_proj,new_adapter_unrouted,0.15797182696451,0.816760826170399,0.002218257232430445,0.00045556287846307134,0.288645824797412,0.7687487417362949
olora,9,medical_vqa_rad,model.layers.21.self_attn.v_proj,new_adapter_unrouted,0.07005187662475257,0.38719465513942103,-0.0008194856109160457,-0.00011418685697041218,0.517509966432861,0.8840309767620956
olora,9,medical_vqa_rad,model.layers.22.self_attn.q_proj,new_adapter_unrouted,0.15809956626238664,0.7727153286427182,-8.550793281242273e-05,0.0014556969392561612,0.36656327969928143,0.8235185702505412
olora,9,medical_vqa_rad,model.layers.22.self_attn.v_proj,new_adapter_unrouted,0.07024490279235066,0.38992950833809265,0.002219016905808477,0.005219015409177137,0.7094352116292423,0.9393846034012535
olora,9,medical_vqa_rad,model.layers.23.self_attn.q_proj,new_adapter_unrouted,0.17442275202781027,0.8315623261604861,-0.0006080055368224934,-0.0007272177920484346,0.3912567552994009,0.8282235182143772
olora,9,medical_vqa_rad,model.layers.23.self_attn.v_proj,new_adapter_unrouted,0.07833788671432945,0.4037149430013058,-0.0004953267859668248,-0.002497644534258485,0.555406017089468,0.9164753382077009
olora,9,medical_vqa_rad,model.layers.24.self_attn.q_proj,new_adapter_unrouted,0.18141319539672862,0.8551725501862317,-0.00031511726916057427,-0.0025216311909682754,0.4701074793915573,0.8506227949606061
olora,9,medical_vqa_rad,model.layers.24.self_attn.v_proj,new_adapter_unrouted,0.07941566929833735,0.39898777875514474,-0.002442076694587711,1.8487956102992317e-06,0.5923077480671306,0.9200090151930604
olora,9,medical_vqa_rad,model.layers.25.self_attn.q_proj,new_adapter_unrouted,0.1706860995216183,0.7845007407867229,-0.000212349175952384,-0.0013156487095287443,0.3143564811331479,0.7934794701413606
olora,9,medical_vqa_rad,model.layers.25.self_attn.v_proj,new_adapter_unrouted,0.06796653250372427,0.4099559853215698,4.8617299045756635e-05,-0.0014670009711145056,0.47181647995767295,0.9162704035009188
olora,9,medical_vqa_rad,model.layers.26.self_attn.q_proj,new_adapter_unrouted,0.16142772775203976,0.7874104038820865,0.0015914243084171316,0.0006086187425777094,0.3548381998929591,0.8070893948914519
olora,9,medical_vqa_rad,model.layers.26.self_attn.v_proj,new_adapter_unrouted,0.06407726868925251,0.39106570831035214,-0.0008022968597888061,-0.000327119639750564,0.47359772977838827,0.8657413770999404
olora,9,medical_vqa_rad,model.layers.27.self_attn.q_proj,new_adapter_unrouted,0.1473270589441828,0.769173284059371,-0.0005886097163676998,-0.0016068768400112267,0.3589426861551743,0.7740537193284107
olora,9,medical_vqa_rad,model.layers.27.self_attn.v_proj,new_adapter_unrouted,0.06214701406735707,0.42136894344616915,0.00033840762840694496,-0.002013002350712347,0.3204682227796695,0.8089381890293149
sapt_lora,1,task1290_xsum_summarization,model.layers.0.self_attn.q_proj,new_adapter_unrouted,0.3431532311679158,0.0,,,0.558037531543424,0.9078390919116236
sapt_lora,1,task1290_xsum_summarization,model.layers.0.self_attn.v_proj,new_adapter_unrouted,0.13990686889869988,0.0,,,0.44791389436168205,0.8464282678695253
sapt_lora,1,task1290_xsum_summarization,model.layers.1.self_attn.q_proj,new_adapter_unrouted,0.33473876225994015,0.0,,,0.5512600993313783,0.8654925261020432
sapt_lora,1,task1290_xsum_summarization,model.layers.1.self_attn.v_proj,new_adapter_unrouted,0.15925273053782052,0.0,,,0.7019653089469013,0.9233543641714512
sapt_lora,1,task1290_xsum_summarization,model.layers.2.self_attn.q_proj,new_adapter_unrouted,0.33562135201164955,0.0,,,0.4154983129080517,0.8300852906002294
sapt_lora,1,task1290_xsum_summarization,model.layers.2.self_attn.v_proj,new_adapter_unrouted,0.16336843879850513,0.0,,,0.5544846546818767,0.920569045625888
sapt_lora,1,task1290_xsum_summarization,model.layers.3.self_attn.q_proj,new_adapter_unrouted,0.3337596775546831,0.0,,,0.31885069089681567,0.8291602887095184
sapt_lora,1,task1290_xsum_summarization,model.layers.3.self_attn.v_proj,new_adapter_unrouted,0.16701773417013208,0.0,,,0.49599562415770754,0.9310449466924884
sapt_lora,1,task1290_xsum_summarization,model.layers.4.self_attn.q_proj,new_adapter_unrouted,0.3418228858919617,0.0,,,0.6500885361314838,0.9124995919820739
sapt_lora,1,task1290_xsum_summarization,model.layers.4.self_attn.v_proj,new_adapter_unrouted,0.17125088136275968,0.0,,,0.7689698556566904,0.952983274244967
sapt_lora,1,task1290_xsum_summarization,model.layers.5.self_attn.q_proj,new_adapter_unrouted,0.2822522597795812,0.0,,,0.3962476613320993,0.8099635957919383
sapt_lora,1,task1290_xsum_summarization,model.layers.5.self_attn.v_proj,new_adapter_unrouted,0.15590530407954475,0.0,,,0.4328396774365098,0.9293006282409251
sapt_lora,1,task1290_xsum_summarization,model.layers.6.self_attn.q_proj,new_adapter_unrouted,0.35967128813378935,0.0,,,0.6709200333197818,0.9306661515427691
sapt_lora,1,task1290_xsum_summarization,model.layers.6.self_attn.v_proj,new_adapter_unrouted,0.15670680238748846,0.0,,,0.6352518547782833,0.9257395584659761
sapt_lora,1,task1290_xsum_summarization,model.layers.7.self_attn.q_proj,new_adapter_unrouted,0.3065373632265354,0.0,,,0.4415740671352723,0.916989482650118
sapt_lora,1,task1290_xsum_summarization,model.layers.7.self_attn.v_proj,new_adapter_unrouted,0.17156186527589548,0.0,,,0.8180449729429116,0.9591466619934859
sapt_lora,1,task1290_xsum_summarization,model.layers.8.self_attn.q_proj,new_adapter_unrouted,0.2852597982635798,0.0,,,0.456870945195371,0.8807414352929075
sapt_lora,1,task1290_xsum_summarization,model.layers.8.self_attn.v_proj,new_adapter_unrouted,0.14766235143509135,0.0,,,0.5697408274381576,0.9305267111952655
sapt_lora,1,task1290_xsum_summarization,model.layers.9.self_attn.q_proj,new_adapter_unrouted,0.24620896877439874,0.0,,,0.38771297543355643,0.8656204723776479
sapt_lora,1,task1290_xsum_summarization,model.layers.9.self_attn.v_proj,new_adapter_unrouted,0.13004406115496306,0.0,,,0.39946190776845353,0.844268968004652
sapt_lora,1,task1290_xsum_summarization,model.layers.10.self_attn.q_proj,new_adapter_unrouted,0.2715488244284883,0.0,,,0.3920278625889459,0.8718815547723697
sapt_lora,1,task1290_xsum_summarization,model.layers.10.self_attn.v_proj,new_adapter_unrouted,0.15083579455836127,0.0,,,0.4590420987771223,0.913282298502752
sapt_lora,1,task1290_xsum_summarization,model.layers.11.self_attn.q_proj,new_adapter_unrouted,0.30175719494951786,0.0,,,0.5727354141347216,0.9066078010350617
sapt_lora,1,task1290_xsum_summarization,model.layers.11.self_attn.v_proj,new_adapter_unrouted,0.15754730563791758,0.0,,,0.6562024955038291,0.9497487978821798
sapt_lora,1,task1290_xsum_summarization,model.layers.12.self_attn.q_proj,new_adapter_unrouted,0.3341283269671703,0.0,,,0.7975635955138715,0.9396891148577513
sapt_lora,1,task1290_xsum_summarization,model.layers.12.self_attn.v_proj,new_adapter_unrouted,0.15997321981286836,0.0,,,0.6235161158833459,0.939426202329117
sapt_lora,1,task1290_xsum_summarization,model.layers.13.self_attn.q_proj,new_adapter_unrouted,0.2925954865962841,0.0,,,0.6096364486309868,0.90869960857577
sapt_lora,1,task1290_xsum_summarization,model.layers.13.self_attn.v_proj,new_adapter_unrouted,0.1492658936632615,0.0,,,0.5854139868995555,0.9353979499714833
sapt_lora,1,task1290_xsum_summarization,model.layers.14.self_attn.q_proj,new_adapter_unrouted,0.23279236787548852,0.0,,,0.6400683748956224,0.9093793018650926
sapt_lora,1,task1290_xsum_summarization,model.layers.14.self_attn.v_proj,new_adapter_unrouted,0.1433820409903563,0.0,,,0.4903506595890963,0.95826508557162
sapt_lora,1,task1290_xsum_summarization,model.layers.15.self_attn.q_proj,new_adapter_unrouted,0.2896945088302413,0.0,,,0.7521633245120745,0.939552956240084
sapt_lora,1,task1290_xsum_summarization,model.layers.15.self_attn.v_proj,new_adapter_unrouted,0.16045924745218887,0.0,,,0.48075720753295254,0.9498254188816542
sapt_lora,1,task1290_xsum_summarization,model.layers.16.self_attn.q_proj,new_adapter_unrouted,0.24940474096352774,0.0,,,0.7151617389689998,0.9026832667897307
sapt_lora,1,task1290_xsum_summarization,model.layers.16.self_attn.v_proj,new_adapter_unrouted,0.15194089354006712,0.0,,,0.7258571024498243,0.9524325581348361
sapt_lora,1,task1290_xsum_summarization,model.layers.17.self_attn.q_proj,new_adapter_unrouted,0.23773947202561305,0.0,,,0.6530838928333615,0.9017365942754975
sapt_lora,1,task1290_xsum_summarization,model.layers.17.self_attn.v_proj,new_adapter_unrouted,0.1342613182551497,0.0,,,0.5366356715377463,0.9542248690561249
sapt_lora,1,task1290_xsum_summarization,model.layers.18.self_attn.q_proj,new_adapter_unrouted,0.19637523319058814,0.0,,,0.4709002749190229,0.8306823889578031
sapt_lora,1,task1290_xsum_summarization,model.layers.18.self_attn.v_proj,new_adapter_unrouted,0.1273328052870827,0.0,,,0.510190296420633,0.9430620951697049
sapt_lora,1,task1290_xsum_summarization,model.layers.19.self_attn.q_proj,new_adapter_unrouted,0.19926350087059164,0.0,,,0.5607570691175316,0.841635602497359
sapt_lora,1,task1290_xsum_summarization,model.layers.19.self_attn.v_proj,new_adapter_unrouted,0.13942689025580116,0.0,,,0.6865200691724705,0.9571186003428334
sapt_lora,1,task1290_xsum_summarization,model.layers.20.self_attn.q_proj,new_adapter_unrouted,0.2385153110141776,0.0,,,0.6927906200819425,0.8983474675768709
sapt_lora,1,task1290_xsum_summarization,model.layers.20.self_attn.v_proj,new_adapter_unrouted,0.1553854231006973,0.0,,,0.8533308876427267,0.9658209926848276
sapt_lora,1,task1290_xsum_summarization,model.layers.21.self_attn.q_proj,new_adapter_unrouted,0.20856327482144296,0.0,,,0.5999704603744307,0.8613470252547405
sapt_lora,1,task1290_xsum_summarization,model.layers.21.self_attn.v_proj,new_adapter_unrouted,0.11415743501584996,0.0,,,0.6486933393408646,0.949745929586661
sapt_lora,1,task1290_xsum_summarization,model.layers.22.self_attn.q_proj,new_adapter_unrouted,0.17409786358490517,0.0,,,0.43866344059476436,0.7878544993814414
sapt_lora,1,task1290_xsum_summarization,model.layers.22.self_attn.v_proj,new_adapter_unrouted,0.10745517404422988,0.0,,,0.7574316970186417,0.9444277026490101
sapt_lora,1,task1290_xsum_summarization,model.layers.23.self_attn.q_proj,new_adapter_unrouted,0.19027666858051015,0.0,,,0.4275690800447881,0.8057550273692627
sapt_lora,1,task1290_xsum_summarization,model.layers.23.self_attn.v_proj,new_adapter_unrouted,0.10146798344114191,0.0,,,0.6168377212903533,0.9140158474705133
sapt_lora,1,task1290_xsum_summarization,model.layers.24.self_attn.q_proj,new_adapter_unrouted,0.16903316474897806,0.0,,,0.32455580608277435,0.7601787707440353
sapt_lora,1,task1290_xsum_summarization,model.layers.24.self_attn.v_proj,new_adapter_unrouted,0.08390456350310699,0.0,,,0.3890166706605219,0.8458181632482944
sapt_lora,1,task1290_xsum_summarization,model.layers.25.self_attn.q_proj,new_adapter_unrouted,0.16656755198034642,0.0,,,0.3324483776130514,0.7528722278911156
sapt_lora,1,task1290_xsum_summarization,model.layers.25.self_attn.v_proj,new_adapter_unrouted,0.10665608431348525,0.0,,,0.5546557702102454,0.9349693775292933
sapt_lora,1,task1290_xsum_summarization,model.layers.26.self_attn.q_proj,new_adapter_unrouted,0.18345015755036556,0.0,,,0.5643043587034323,0.8227864572964865
sapt_lora,1,task1290_xsum_summarization,model.layers.26.self_attn.v_proj,new_adapter_unrouted,0.08598717371894528,0.0,,,0.4158071960696904,0.9012479356434777
sapt_lora,1,task1290_xsum_summarization,model.layers.27.self_attn.q_proj,new_adapter_unrouted,0.24923979000139382,0.0,,,0.7801378925419086,0.9224023082810905
sapt_lora,1,task1290_xsum_summarization,model.layers.27.self_attn.v_proj,new_adapter_unrouted,0.08476534810506438,0.0,,,0.5964113032433271,0.8728877618917529
sapt_lora,2,task002_quoref_answer_generation,model.layers.0.self_attn.q_proj,new_adapter_unrouted,0.200081677392499,0.3431532311679158,-0.001398427339486851,-0.001398427339486851,0.4040392227408101,0.7686386084769196
sapt_lora,2,task002_quoref_answer_generation,model.layers.0.self_attn.v_proj,new_adapter_unrouted,0.09409230198130568,0.13990686889869988,-0.0015487333844261787,-0.0015487333844261787,0.518828054975401,0.8645450897859343
sapt_lora,2,task002_quoref_answer_generation,model.layers.1.self_attn.q_proj,new_adapter_unrouted,0.21493930244747136,0.33473876225994015,0.0018186903662175669,0.0018186903662175669,0.40398744059170494,0.7943532733632366
sapt_lora,2,task002_quoref_answer_generation,model.layers.1.self_attn.v_proj,new_adapter_unrouted,0.0900159484874401,0.15925273053782052,-0.009618487594261108,-0.009618487594261108,0.48188380809572784,0.8192848845005217
sapt_lora,2,task002_quoref_answer_generation,model.layers.2.self_attn.q_proj,new_adapter_unrouted,0.21338123469861986,0.33562135201164955,0.003325176576820838,0.003325176576820838,0.3187769834021856,0.7710413817409646
sapt_lora,2,task002_quoref_answer_generation,model.layers.2.self_attn.v_proj,new_adapter_unrouted,0.08702259486871972,0.16336843879850513,-0.0012650239005088059,-0.0012650239005088059,0.30201454732165434,0.7452978629661291
sapt_lora,2,task002_quoref_answer_generation,model.layers.3.self_attn.q_proj,new_adapter_unrouted,0.2074754308862027,0.3337596775546831,0.002958029629702063,0.002958029629702063,0.25478305207072993,0.7091292572288811
sapt_lora,2,task002_quoref_answer_generation,model.layers.3.self_attn.v_proj,new_adapter_unrouted,0.09153881373758664,0.16701773417013208,-0.007974376171457907,-0.007974376171457907,0.629060025325209,0.9034811784412708
sapt_lora,2,task002_quoref_answer_generation,model.layers.4.self_attn.q_proj,new_adapter_unrouted,0.21624533587752784,0.3418228858919617,-0.0024948104310597167,-0.0024948104310597167,0.3986133028580114,0.840333269706864
sapt_lora,2,task002_quoref_answer_generation,model.layers.4.self_attn.v_proj,new_adapter_unrouted,0.09206640952160637,0.17125088136275968,-0.003591039880660534,-0.003591039880660534,0.38026546903882685,0.8362637928256424
sapt_lora,2,task002_quoref_answer_generation,model.layers.5.self_attn.q_proj,new_adapter_unrouted,0.21260481011307472,0.2822522597795812,0.00134345098130947,0.00134345098130947,0.3430708440349853,0.785386543816644
sapt_lora,2,task002_quoref_answer_generation,model.layers.5.self_attn.v_proj,new_adapter_unrouted,0.09469465881532467,0.15590530407954475,-0.011541915612703513,-0.011541915612703513,0.627771694332769,0.882376147529351
sapt_lora,2,task002_quoref_answer_generation,model.layers.6.self_attn.q_proj,new_adapter_unrouted,0.22019260408388924,0.35967128813378935,-0.018583833646618846,-0.018583833646618846,0.5960146291918734,0.8641608780227725
sapt_lora,2,task002_quoref_answer_generation,model.layers.6.self_attn.v_proj,new_adapter_unrouted,0.09533196146549841,0.15670680238748846,-0.00109805218830609,-0.00109805218830609,0.4556231177375084,0.8575373987651772
sapt_lora,2,task002_quoref_answer_generation,model.layers.7.self_attn.q_proj,new_adapter_unrouted,0.2160329358424055,0.3065373632265354,-0.0005744575566156467,-0.0005744575566156467,0.3416370427551363,0.8280073759300497
sapt_lora,2,task002_quoref_answer_generation,model.layers.7.self_attn.v_proj,new_adapter_unrouted,0.09071892117955872,0.17156186527589548,0.0016679205762414639,0.0016679205762414639,0.36554824431536004,0.8453151473245686
sapt_lora,2,task002_quoref_answer_generation,model.layers.8.self_attn.q_proj,new_adapter_unrouted,0.21616213655769356,0.2852597982635798,-1.6100203577287825e-05,-1.6100203577287825e-05,0.41445199971766994,0.7883029858936216
sapt_lora,2,task002_quoref_answer_generation,model.layers.8.self_attn.v_proj,new_adapter_unrouted,0.09411987527747129,0.14766235143509135,-0.0017427570108976746,-0.0017427570108976746,0.5388871183194829,0.8906712889341646
sapt_lora,2,task002_quoref_answer_generation,model.layers.9.self_attn.q_proj,new_adapter_unrouted,0.19412332333956006,0.24620896877439874,-9.90050655155272e-05,-9.90050655155272e-05,0.44590272211392035,0.8021199899508
sapt_lora,2,task002_quoref_answer_generation,model.layers.9.self_attn.v_proj,new_adapter_unrouted,0.09001173148354223,0.13004406115496306,-0.004278979246548144,-0.004278979246548144,0.4080535141582413,0.8627466108649913
sapt_lora,2,task002_quoref_answer_generation,model.layers.10.self_attn.q_proj,new_adapter_unrouted,0.2206334895884946,0.2715488244284883,-0.001060218271264559,-0.001060218271264559,0.4356039622928359,0.8365773920433626
sapt_lora,2,task002_quoref_answer_generation,model.layers.10.self_attn.v_proj,new_adapter_unrouted,0.09523837591860736,0.15083579455836127,-0.0005049181627979513,-0.0005049181627979513,0.48770345894306066,0.8653644503912831
sapt_lora,2,task002_quoref_answer_generation,model.layers.11.self_attn.q_proj,new_adapter_unrouted,0.19820576889719582,0.30175719494951786,0.003571194261348042,0.003571194261348042,0.2641452626528063,0.7510553690319656
sapt_lora,2,task002_quoref_answer_generation,model.layers.11.self_attn.v_proj,new_adapter_unrouted,0.09313837579776037,0.15754730563791758,-0.0021875559556087786,-0.0021875559556087786,0.6255592983557039,0.9144045029712231
sapt_lora,2,task002_quoref_answer_generation,model.layers.12.self_attn.q_proj,new_adapter_unrouted,0.21775984280970193,0.3341283269671703,0.0043192132887667194,0.0043192132887667194,0.6632876981561071,0.9151057927821886
sapt_lora,2,task002_quoref_answer_generation,model.layers.12.self_attn.v_proj,new_adapter_unrouted,0.093519202140661,0.15997321981286836,-0.0033739997355243896,-0.0033739997355243896,0.45950053099421295,0.8592434822202458
sapt_lora,2,task002_quoref_answer_generation,model.layers.13.self_attn.q_proj,new_adapter_unrouted,0.22492939283039334,0.2925954865962841,-0.003723468356554278,-0.003723468356554278,0.45816307971717257,0.8966877173710336
sapt_lora,2,task002_quoref_answer_generation,model.layers.13.self_attn.v_proj,new_adapter_unrouted,0.09532511428739435,0.1492658936632615,-0.002112407227001166,-0.002112407227001166,0.6397349406847246,0.917773811777125
sapt_lora,2,task002_quoref_answer_generation,model.layers.14.self_attn.q_proj,new_adapter_unrouted,0.17490154398263574,0.23279236787548852,0.002940438314366866,0.002940438314366866,0.4492537105184037,0.8161327021674545
sapt_lora,2,task002_quoref_answer_generation,model.layers.14.self_attn.v_proj,new_adapter_unrouted,0.09146551842768195,0.1433820409903563,-0.0024789855299148927,-0.0024789855299148927,0.33837191185637155,0.8663312705729773
sapt_lora,2,task002_quoref_answer_generation,model.layers.15.self_attn.q_proj,new_adapter_unrouted,0.21739513164663524,0.2896945088302413,0.0007529678892888702,0.0007529678892888702,0.5506560630024887,0.899091295427016
sapt_lora,2,task002_quoref_answer_generation,model.layers.15.self_attn.v_proj,new_adapter_unrouted,0.09735982857395545,0.16045924745218887,0.0011980655091184925,0.0011980655091184925,0.47796664544847817,0.9005482356154761
sapt_lora,2,task002_quoref_answer_generation,model.layers.16.self_attn.q_proj,new_adapter_unrouted,0.19308606814259946,0.24940474096352774,0.001997761139872666,0.001997761139872666,0.6074685442595265,0.9013833643800596
sapt_lora,2,task002_quoref_answer_generation,model.layers.16.self_attn.v_proj,new_adapter_unrouted,0.09166179236081914,0.15194089354006712,-0.004571816361569511,-0.004571816361569511,0.5090094389595112,0.8872255177837284
sapt_lora,2,task002_quoref_answer_generation,model.layers.17.self_attn.q_proj,new_adapter_unrouted,0.17560878979954725,0.23773947202561305,-0.0014664862793336356,-0.0014664862793336356,0.3815609753689562,0.8242413360806586
sapt_lora,2,task002_quoref_answer_generation,model.layers.17.self_attn.v_proj,new_adapter_unrouted,0.0937291350947035,0.1342613182551497,0.0010760727914787996,0.0010760727914787996,0.6272462318170527,0.9446966825263432
sapt_lora,2,task002_quoref_answer_generation,model.layers.18.self_attn.q_proj,new_adapter_unrouted,0.19349724886827588,0.19637523319058814,-0.0013773295173715833,-0.0013773295173715833,0.43433044216940464,0.8667029662750793
sapt_lora,2,task002_quoref_answer_generation,model.layers.18.self_attn.v_proj,new_adapter_unrouted,0.09416025914178291,0.1273328052870827,0.0029864322342349403,0.0029864322342349403,0.3822464099277908,0.8638468119520494
sapt_lora,2,task002_quoref_answer_generation,model.layers.19.self_attn.q_proj,new_adapter_unrouted,0.1725814330607763,0.19926350087059164,-0.0018569099134957527,-0.0018569099134957527,0.3366026396233509,0.8339348232907238
sapt_lora,2,task002_quoref_answer_generation,model.layers.19.self_attn.v_proj,new_adapter_unrouted,0.09814521803281676,0.13942689025580116,0.0038407645176273117,0.0038407645176273117,0.7195200562203181,0.9449323357457368
sapt_lora,2,task002_quoref_answer_generation,model.layers.20.self_attn.q_proj,new_adapter_unrouted,0.15669805899101427,0.2385153110141776,0.00361683862799865,0.00361683862799865,0.5173643690752466,0.8403396303416651
sapt_lora,2,task002_quoref_answer_generation,model.layers.20.self_attn.v_proj,new_adapter_unrouted,0.0931358849850092,0.1553854231006973,0.0003168410603797062,0.0003168410603797062,0.5865859769517323,0.9251489244051259
sapt_lora,2,task002_quoref_answer_generation,model.layers.21.self_attn.q_proj,new_adapter_unrouted,0.1666281589535077,0.20856327482144296,-0.0007793653703208465,-0.0007793653703208465,0.4449585962684803,0.8418032374740784
sapt_lora,2,task002_quoref_answer_generation,model.layers.21.self_attn.v_proj,new_adapter_unrouted,0.08304973194278363,0.11415743501584996,-0.0023695439300767777,-0.0023695439300767777,0.49800129551429073,0.8832776967178364
sapt_lora,2,task002_quoref_answer_generation,model.layers.22.self_attn.q_proj,new_adapter_unrouted,0.15640600678177335,0.17409786358490517,-4.1936256111589455e-05,-4.1936256111589455e-05,0.3384664126134223,0.8268018788909544
sapt_lora,2,task002_quoref_answer_generation,model.layers.22.self_attn.v_proj,new_adapter_unrouted,0.08406179823916003,0.10745517404422988,0.0038250678589512956,0.0038250678589512956,0.5792138515688519,0.904017638746032
sapt_lora,2,task002_quoref_answer_generation,model.layers.23.self_attn.q_proj,new_adapter_unrouted,0.19001172821055343,0.19027666858051015,-0.0028120013645393065,-0.0028120013645393065,0.6650813561195151,0.9038315550940439
sapt_lora,2,task002_quoref_answer_generation,model.layers.23.self_attn.v_proj,new_adapter_unrouted,0.09599878851863901,0.10146798344114191,0.002607428470430086,0.002607428470430086,0.5522537575820106,0.9098907730112207
sapt_lora,2,task002_quoref_answer_generation,model.layers.24.self_attn.q_proj,new_adapter_unrouted,0.2008757122271074,0.16903316474897806,-0.0031633847521223145,-0.0031633847521223145,0.5609664144710409,0.8858958364985363
sapt_lora,2,task002_quoref_answer_generation,model.layers.24.self_attn.v_proj,new_adapter_unrouted,0.09866029312559234,0.08390456350310699,0.0005913560216355085,0.0005913560216355085,0.6232914778814364,0.9228832803123918
sapt_lora,2,task002_quoref_answer_generation,model.layers.25.self_attn.q_proj,new_adapter_unrouted,0.1822828440241888,0.16656755198034642,0.0023658914760130195,0.0023658914760130195,0.680975443781327,0.9164096013043314
sapt_lora,2,task002_quoref_answer_generation,model.layers.25.self_attn.v_proj,new_adapter_unrouted,0.0980983338486184,0.10665608431348525,-0.011692437056365242,-0.011692437056365242,0.5926612791153414,0.9187324341659521
sapt_lora,2,task002_quoref_answer_generation,model.layers.26.self_attn.q_proj,new_adapter_unrouted,0.1747465459237307,0.18345015755036556,-0.000646566958049115,-0.000646566958049115,0.680664695862893,0.8949039424275129
sapt_lora,2,task002_quoref_answer_generation,model.layers.26.self_attn.v_proj,new_adapter_unrouted,0.09546971358908017,0.08598717371894528,-0.0041287300348801115,-0.0041287300348801115,0.6804520692015937,0.9435973092915962
sapt_lora,2,task002_quoref_answer_generation,model.layers.27.self_attn.q_proj,new_adapter_unrouted,0.18142424066106347,0.24923979000139382,-0.017750693960587444,-0.017750693960587444,0.7622642031933241,0.926388383709565
sapt_lora,2,task002_quoref_answer_generation,model.layers.27.self_attn.v_proj,new_adapter_unrouted,0.09140193294876285,0.08476534810506438,-0.0036640404873427767,-0.0036640404873427767,0.3367594366769196,0.8856663660797711
sapt_lora,3,task1510_evalution_relation_extraction,model.layers.0.self_attn.q_proj,new_adapter_unrouted,0.3877305971248311,0.3969821020591268,-0.0004886695361965437,0.0019421490906820034,0.4485462883798904,0.8504986822098392
sapt_lora,3,task1510_evalution_relation_extraction,model.layers.0.self_attn.v_proj,new_adapter_unrouted,0.160207743442017,0.16848298938180356,-0.003295937679853771,0.0040071401975507485,0.33952574106476974,0.815187912856313
sapt_lora,3,task1510_evalution_relation_extraction,model.layers.1.self_attn.q_proj,new_adapter_unrouted,0.44368815888783064,0.3981339559017473,0.0018683000506530157,0.00438639367331291,0.4690239576176237,0.8885851881953136
sapt_lora,3,task1510_evalution_relation_extraction,model.layers.1.self_attn.v_proj,new_adapter_unrouted,0.15830461108185429,0.18217720942164334,-0.007696924672704335,-7.072261850314187e-05,0.40656816056325,0.8567353527205166
sapt_lora,3,task1510_evalution_relation_extraction,model.layers.2.self_attn.q_proj,new_adapter_unrouted,0.4074263874226573,0.39830831057580696,-0.0022835113609531213,-0.0035019328577761736,0.36588907215998845,0.7927323230573562
sapt_lora,3,task1510_evalution_relation_extraction,model.layers.2.self_attn.v_proj,new_adapter_unrouted,0.15816572162024273,0.18500326961312782,-0.0062546449303991615,0.0018562143553749939,0.45351710570687154,0.8652115043709113
sapt_lora,3,task1510_evalution_relation_extraction,model.layers.3.self_attn.q_proj,new_adapter_unrouted,0.4790761359595733,0.39351143025516716,0.0030399987896081973,0.0001777016302553515,0.550013735596637,0.858958367772668
sapt_lora,3,task1510_evalution_relation_extraction,model.layers.3.self_attn.v_proj,new_adapter_unrouted,0.16873097978398083,0.18981686903134795,-0.004613593040559163,0.0011239594622395243,0.5027583925133418,0.9028552649108389
sapt_lora,3,task1510_evalution_relation_extraction,model.layers.4.self_attn.q_proj,new_adapter_unrouted,0.4316149993443339,0.4040248875817601,0.0014527907043554189,0.00675387578057395,0.4850911091125736,0.8320479341990785
sapt_lora,3,task1510_evalution_relation_extraction,model.layers.4.self_attn.v_proj,new_adapter_unrouted,0.16565723385246975,0.1941387447192358,-0.006382722729936375,0.0012701315490629144,0.5610414232802066,0.9088187564408758
sapt_lora,3,task1510_evalution_relation_extraction,model.layers.5.self_attn.q_proj,new_adapter_unrouted,0.4381331873209649,0.3535935230632212,-0.0003832131123647854,0.000162227830187003,0.29245472746895373,0.8375176294315722
sapt_lora,3,task1510_evalution_relation_extraction,model.layers.5.self_attn.v_proj,new_adapter_unrouted,0.17729488681991482,0.18147381746172123,-0.003542261842394295,-0.0013259307610640624,0.4054027186946723,0.8702000314263304
sapt_lora,3,task1510_evalution_relation_extraction,model.layers.6.self_attn.q_proj,new_adapter_unrouted,0.445196196500297,0.41821603536003793,0.0017926233049401373,0.012358908915282615,0.5315954811840368,0.8708296397168326
sapt_lora,3,task1510_evalution_relation_extraction,model.layers.6.self_attn.v_proj,new_adapter_unrouted,0.19224815851146498,0.18333683978315946,-0.0006619824026179986,-0.0005568115966937283,0.6685006079102697,0.9130228737276805
sapt_lora,3,task1510_evalution_relation_extraction,model.layers.7.self_attn.q_proj,new_adapter_unrouted,0.46239276405050256,0.3749123907989922,-0.006478171322696635,-0.00309504490106478,0.36689507584948694,0.8489480449114852
sapt_lora,3,task1510_evalution_relation_extraction,model.layers.7.self_attn.v_proj,new_adapter_unrouted,0.19302192190409334,0.1942043125152055,-0.01038140633456978,0.0012166282429113872,0.6047010572207063,0.9030028131661713
sapt_lora,3,task1510_evalution_relation_extraction,model.layers.8.self_attn.q_proj,new_adapter_unrouted,0.4430344269124526,0.3579067423690514,0.00012387629181728082,-0.0007840707622370876,0.3407481260551173,0.8575337309459821
sapt_lora,3,task1510_evalution_relation_extraction,model.layers.8.self_attn.v_proj,new_adapter_unrouted,0.20083648252702477,0.17496936706695937,-0.0013847088191729173,0.0038355658721526843,0.4603325076946034,0.8706929963096418
sapt_lora,3,task1510_evalution_relation_extraction,model.layers.9.self_attn.q_proj,new_adapter_unrouted,0.5526685573156862,0.3135175546828154,0.0027693993422662796,0.006485283058329677,0.5923897671234881,0.8871858158991276
sapt_lora,3,task1510_evalution_relation_extraction,model.layers.9.self_attn.v_proj,new_adapter_unrouted,0.19475081767247843,0.15783977489609086,-0.0007078981635340993,-0.001008779740228486,0.3998542019317867,0.8716102782730707
sapt_lora,3,task1510_evalution_relation_extraction,model.layers.10.self_attn.q_proj,new_adapter_unrouted,0.46263649192584383,0.34970110031396606,0.0006393291218608086,-0.0005983044025930862,0.4641861926744185,0.8473077338334764
sapt_lora,3,task1510_evalution_relation_extraction,model.layers.10.self_attn.v_proj,new_adapter_unrouted,0.19868497145860345,0.17834595176017326,0.00039533052483937736,0.0025248904371758685,0.4170671062428606,0.9082555520905153
sapt_lora,3,task1510_evalution_relation_extraction,model.layers.11.self_attn.q_proj,new_adapter_unrouted,0.519109120320751,0.3616215119510833,-0.0003252342906492953,-0.0006318180986390414,0.5725237558518722,0.8945802152125616
sapt_lora,3,task1510_evalution_relation_extraction,model.layers.11.self_attn.v_proj,new_adapter_unrouted,0.2062390484161711,0.18284340698988155,0.002083334119434149,0.002534509010114997,0.731531867016115,0.9316234861629834
sapt_lora,3,task1510_evalution_relation_extraction,model.layers.12.self_attn.q_proj,new_adapter_unrouted,0.5357928827562873,0.39961183368953423,-0.004354774173525969,0.000912173898261826,0.7513053942620262,0.9126969004416476
sapt_lora,3,task1510_evalution_relation_extraction,model.layers.12.self_attn.v_proj,new_adapter_unrouted,0.20596631411718272,0.18503058753129453,-0.002184224213614516,-0.000707472071133371,0.6192737798968665,0.8970831042389312
sapt_lora,3,task1510_evalution_relation_extraction,model.layers.13.self_attn.q_proj,new_adapter_unrouted,0.48436719286568225,0.3683954978936787,-0.002804877016356086,-0.0023224435050426388,0.4975161397137749,0.8949049074531376
sapt_lora,3,task1510_evalution_relation_extraction,model.layers.13.self_attn.v_proj,new_adapter_unrouted,0.22551101550062724,0.17693804122973983,-0.0028897367870823736,0.00046134128590096603,0.738406351069104,0.9431024663234961
sapt_lora,3,task1510_evalution_relation_extraction,model.layers.14.self_attn.q_proj,new_adapter_unrouted,0.4436194989300406,0.29158580366547804,0.00020594423481170483,0.00013391904071064243,0.5037152046380455,0.8846710845549004
sapt_lora,3,task1510_evalution_relation_extraction,model.layers.14.self_attn.v_proj,new_adapter_unrouted,0.20291674705628804,0.16988033837178737,-0.0034924830437374067,-0.0018486620551586316,0.5045439929863268,0.9169537674914673
sapt_lora,3,task1510_evalution_relation_extraction,model.layers.15.self_attn.q_proj,new_adapter_unrouted,0.5175235810620027,0.36232360232033806,-0.004283484453513931,-0.0057291561014465656,0.5601493338347664,0.9342763529548348
sapt_lora,3,task1510_evalution_relation_extraction,model.layers.15.self_attn.v_proj,new_adapter_unrouted,0.20580708171942522,0.1877858869939852,-0.002395102651489518,-0.002797771271781873,0.5455879537148007,0.8992024119918041
sapt_lora,3,task1510_evalution_relation_extraction,model.layers.16.self_attn.q_proj,new_adapter_unrouted,0.4910573080030966,0.31571722350450043,0.001912000916452281,0.0025740596816718063,0.6534281853145645,0.9341653994420798
sapt_lora,3,task1510_evalution_relation_extraction,model.layers.16.self_attn.v_proj,new_adapter_unrouted,0.2156682675409197,0.177089170585952,-0.001161992714054953,-0.0012026083485297057,0.5069385054266022,0.9137468310354201
sapt_lora,3,task1510_evalution_relation_extraction,model.layers.17.self_attn.q_proj,new_adapter_unrouted,0.5122653417061315,0.2953575029164924,-0.0010531378541644338,-0.00140463660749304,0.725064849340812,0.9569828245821861
sapt_lora,3,task1510_evalution_relation_extraction,model.layers.17.self_attn.v_proj,new_adapter_unrouted,0.2216670595914854,0.1638240988673823,-0.0013599497945111405,-0.005049378205847354,0.6328389278137442,0.9636726157478945
sapt_lora,3,task1510_evalution_relation_extraction,model.layers.18.self_attn.q_proj,new_adapter_unrouted,0.5016431553846986,0.2754990849543254,0.0006161176177164094,0.0010248032704979592,0.5116437991332642,0.9199635600083897
sapt_lora,3,task1510_evalution_relation_extraction,model.layers.18.self_attn.v_proj,new_adapter_unrouted,0.23315042721850948,0.15859196227102693,-0.001862230449235902,-0.000242120119907515,0.6246633997982802,0.9402789587384128
sapt_lora,3,task1510_evalution_relation_extraction,model.layers.19.self_attn.q_proj,new_adapter_unrouted,0.5769752387780694,0.2633677630159077,-0.0005203235573560741,-0.0005732907716024962,0.5694348231576687,0.9687399335578207
sapt_lora,3,task1510_evalution_relation_extraction,model.layers.19.self_attn.v_proj,new_adapter_unrouted,0.23993527443618928,0.1708140984418245,0.001048615097083603,0.000551202785489318,0.6444879729787695,0.9562230221286389
sapt_lora,3,task1510_evalution_relation_extraction,model.layers.20.self_attn.q_proj,new_adapter_unrouted,0.5476147870066578,0.285856945244537,-0.00044060289973730073,0.0018069800246335,0.5832532699897349,0.9766684996145111
sapt_lora,3,task1510_evalution_relation_extraction,model.layers.20.self_attn.v_proj,new_adapter_unrouted,0.23060855639545866,0.18118524610389006,0.0003008804634449402,0.0017152371306621316,0.683603143738996,0.9376051306682149
sapt_lora,3,task1510_evalution_relation_extraction,model.layers.21.self_attn.q_proj,new_adapter_unrouted,0.576807794527671,0.26685091933100147,0.00036469861620167166,-0.0009751024882430061,0.732998764375799,0.9719523881385592
sapt_lora,3,task1510_evalution_relation_extraction,model.layers.21.self_attn.v_proj,new_adapter_unrouted,0.23680599018509121,0.14101151677995075,0.0018458738498384,-0.000519850952293352,0.7694080755443008,0.9658130357653785
sapt_lora,3,task1510_evalution_relation_extraction,model.layers.22.self_attn.q_proj,new_adapter_unrouted,0.5641835568824285,0.23403123983305565,-0.0007151742412796827,-0.00043423575531389985,0.8449407856677685,0.9852195010902569
sapt_lora,3,task1510_evalution_relation_extraction,model.layers.22.self_attn.v_proj,new_adapter_unrouted,0.2463680722958494,0.13668249000137447,-0.005795486399980895,0.0022023325007240907,0.8787336247513435,0.9768762277642261
sapt_lora,3,task1510_evalution_relation_extraction,model.layers.23.self_attn.q_proj,new_adapter_unrouted,0.617878667168863,0.26852622363088713,-0.0013340908515173785,-0.00014430871050584546,0.9150313604421889,0.9892598272165735
sapt_lora,3,task1510_evalution_relation_extraction,model.layers.23.self_attn.v_proj,new_adapter_unrouted,0.22832985500986244,0.1398653493804493,-0.000946122316595792,-0.002302774059048603,0.7260466899824447,0.9612470268094616
sapt_lora,3,task1510_evalution_relation_extraction,model.layers.24.self_attn.q_proj,new_adapter_unrouted,0.5430919150728498,0.26212294683429965,0.00010718686373510906,0.0009782299545894081,0.7719023663419429,0.9698154001261321
sapt_lora,3,task1510_evalution_relation_extraction,model.layers.24.self_attn.v_proj,new_adapter_unrouted,0.2530366667506214,0.12955161042735241,-0.0007366089970512354,-0.0009708289035964495,0.826210321591668,0.9782486827571103
sapt_lora,3,task1510_evalution_relation_extraction,model.layers.25.self_attn.q_proj,new_adapter_unrouted,0.5271828930351632,0.24721539781849503,-0.00044188073391246646,-0.0005882014066573177,0.7990936758541899,0.9803962078553669
sapt_lora,3,task1510_evalution_relation_extraction,model.layers.25.self_attn.v_proj,new_adapter_unrouted,0.26443749183236204,0.14406294643096243,-0.007196222648810812,-0.002931798417053568,0.9028708585846112,0.980539733329626
sapt_lora,3,task1510_evalution_relation_extraction,model.layers.26.self_attn.q_proj,new_adapter_unrouted,0.5324138225546828,0.2532762548280368,0.0006136335869294227,0.0008332692723186054,0.7776420094008871,0.9693467733779934
sapt_lora,3,task1510_evalution_relation_extraction,model.layers.26.self_attn.v_proj,new_adapter_unrouted,0.2382089718448896,0.12822040928212555,0.00013670088054032643,0.0010180470709156622,0.6348586206971001,0.9424247004469706
sapt_lora,3,task1510_evalution_relation_extraction,model.layers.27.self_attn.q_proj,new_adapter_unrouted,0.621518910954691,0.3056630846255786,0.0004768171244478038,0.00025276616398908975,0.9378573744862383,0.9951496365462266
sapt_lora,3,task1510_evalution_relation_extraction,model.layers.27.self_attn.v_proj,new_adapter_unrouted,0.25979270605046006,0.12442950490563344,0.002360142387728194,-0.001512518553032173,0.559548877736873,0.9719781673902349
sapt_lora,4,task1729_personachat_generate_next,model.layers.0.self_attn.q_proj,new_adapter_unrouted,0.1885689588718504,0.5547786686709543,0.011612146285013258,0.0032146465280606653,0.530164492721598,0.8650825369374507
sapt_lora,4,task1729_personachat_generate_next,model.layers.0.self_attn.v_proj,new_adapter_unrouted,0.08192940601367864,0.232110122630247,0.0029529329958252405,-0.0015696632719836257,0.47189898320074564,0.8680191094156573
sapt_lora,4,task1729_personachat_generate_next,model.layers.1.self_attn.q_proj,new_adapter_unrouted,0.1651674277791851,0.5966824026063592,0.0017070211582211336,-0.0010908021313128095,0.32519082798497,0.7683094614407102
sapt_lora,4,task1729_personachat_generate_next,model.layers.1.self_attn.v_proj,new_adapter_unrouted,0.08210108205058882,0.24042656825524464,0.009502165217535401,-0.005636531674708522,0.4986788286826108,0.8337202471372138
sapt_lora,4,task1729_personachat_generate_next,model.layers.2.self_attn.q_proj,new_adapter_unrouted,0.17346383026238052,0.5691261977665862,0.002951391667010168,0.0006184290168228896,0.25289324729240686,0.7443500866742014
sapt_lora,4,task1729_personachat_generate_next,model.layers.2.self_attn.v_proj,new_adapter_unrouted,0.08080095970319169,0.2426449437664949,0.012249904981477367,-0.002647237298643419,0.4105326499965621,0.8314477225251546
sapt_lora,4,task1729_personachat_generate_next,model.layers.3.self_attn.q_proj,new_adapter_unrouted,0.19760495682069537,0.6208956455787594,-0.0011410801069458494,-0.004754770024161934,0.3195623557721491,0.8112511704732537
sapt_lora,4,task1729_personachat_generate_next,model.layers.3.self_attn.v_proj,new_adapter_unrouted,0.08641423078423859,0.25338717236358616,0.008201079561595992,-0.0031644189190442144,0.4472348592232874,0.8267590789246142
sapt_lora,4,task1729_personachat_generate_next,model.layers.4.self_attn.q_proj,new_adapter_unrouted,0.19812693292015887,0.5916369681088147,-0.0017505818407149052,-0.0024633041881925565,0.43104717328084935,0.8303535067905403
sapt_lora,4,task1729_personachat_generate_next,model.layers.4.self_attn.v_proj,new_adapter_unrouted,0.09318104121066759,0.2544044582559701,0.0032072812174870915,-0.002723003801958544,0.6597350913866942,0.9204895014378005
sapt_lora,4,task1729_personachat_generate_next,model.layers.5.self_attn.q_proj,new_adapter_unrouted,0.18731101160446265,0.5629123678009121,0.007335359576255023,0.0009101968506351224,0.4320648580788123,0.8016493306975269
sapt_lora,4,task1729_personachat_generate_next,model.layers.5.self_attn.v_proj,new_adapter_unrouted,0.08638091225595357,0.2532553714336098,0.004293387524477711,0.0010314227707913588,0.4136792646581417,0.8883984470512202
sapt_lora,4,task1729_personachat_generate_next,model.layers.6.self_attn.q_proj,new_adapter_unrouted,0.20415088092319678,0.6113688217282185,-0.000785808126291691,0.003714812229846386,0.37975082435032265,0.8276924463213577
sapt_lora,4,task1729_personachat_generate_next,model.layers.6.self_attn.v_proj,new_adapter_unrouted,0.0893079293896908,0.26556559751659004,-0.0002630741109342193,-0.002289433585610749,0.399079416229085,0.8318663778217549
sapt_lora,4,task1729_personachat_generate_next,model.layers.7.self_attn.q_proj,new_adapter_unrouted,0.20588780253421568,0.5933972524562223,0.008541466482109066,0.006563527966814079,0.45587155476642427,0.8361026214180254
sapt_lora,4,task1729_personachat_generate_next,model.layers.7.self_attn.v_proj,new_adapter_unrouted,0.09101628169337024,0.2723866167476054,0.002055812696469363,0.0002759383889097002,0.4288794535534872,0.8787030798312965
sapt_lora,4,task1729_personachat_generate_next,model.layers.8.self_attn.q_proj,new_adapter_unrouted,0.21891732386643437,0.5695753019166123,0.0005392696636790561,-0.003343097311042621,0.569149272268839,0.870503047902821
sapt_lora,4,task1729_personachat_generate_next,model.layers.8.self_attn.v_proj,new_adapter_unrouted,0.09037037612813659,0.2661808673565443,-0.0028126731959046336,-0.0013652688999495075,0.4317794386408283,0.8387453145159655
sapt_lora,4,task1729_personachat_generate_next,model.layers.9.self_attn.q_proj,new_adapter_unrouted,0.18893398985543217,0.6361568251292378,-0.002808703667569141,-0.0019038598463542162,0.4538859155058038,0.8306359715216515
sapt_lora,4,task1729_personachat_generate_next,model.layers.9.self_attn.v_proj,new_adapter_unrouted,0.09452541855114005,0.250594801937354,-0.0028659152361479165,-0.002624815638975134,0.34975084386424526,0.8492498644659896
sapt_lora,4,task1729_personachat_generate_next,model.layers.10.self_attn.q_proj,new_adapter_unrouted,0.2233436575313884,0.5801122738698451,-0.0027934682754363616,-0.002425764450405169,0.48630482033518657,0.8445593152635426
sapt_lora,4,task1729_personachat_generate_next,model.layers.10.self_attn.v_proj,new_adapter_unrouted,0.10631497725561793,0.26704122003631525,-0.0026090121411715323,-0.0006920950465008667,0.6635360518301547,0.9301033483355383
sapt_lora,4,task1729_personachat_generate_next,model.layers.11.self_attn.q_proj,new_adapter_unrouted,0.22788380802706934,0.6325522034403065,0.00691478486205115,0.0008973640385130883,0.6722881242417471,0.8886471767011223
sapt_lora,4,task1729_personachat_generate_next,model.layers.11.self_attn.v_proj,new_adapter_unrouted,0.10486184766635454,0.2759046562492321,-0.0002021894571014909,-0.001085123659238785,0.6532850152353754,0.9235098936650334
sapt_lora,4,task1729_personachat_generate_next,model.layers.12.self_attn.q_proj,new_adapter_unrouted,0.2133076720383067,0.6670073737328428,0.0020289882529413565,-0.0036137123712321265,0.5231547107645461,0.8659480551595445
sapt_lora,4,task1729_personachat_generate_next,model.layers.12.self_attn.v_proj,new_adapter_unrouted,0.09394502248688795,0.2765717971993624,0.002080132555548167,-0.0002741578601337315,0.440989908503667,0.8744378638246227
sapt_lora,4,task1729_personachat_generate_next,model.layers.13.self_attn.q_proj,new_adapter_unrouted,0.19110511180043308,0.6077218304572075,-0.004896616746081294,-0.0072016438287834,0.6749453946975366,0.8809248193907842
sapt_lora,4,task1729_personachat_generate_next,model.layers.13.self_attn.v_proj,new_adapter_unrouted,0.09740041240406759,0.2862371027878429,0.0012928838186496885,0.0009251797656324521,0.5707695176325189,0.9261167319704037
sapt_lora,4,task1729_personachat_generate_next,model.layers.14.self_attn.q_proj,new_adapter_unrouted,0.20685328498829705,0.5309179030701469,0.0017330971288050795,0.00018305499079840427,0.7187476178064972,0.9209994675611254
sapt_lora,4,task1729_personachat_generate_next,model.layers.14.self_attn.v_proj,new_adapter_unrouted,0.08276532908391075,0.26418507316682854,0.0014286953036856647,0.00021450455885950543,0.6075036286098864,0.9279387186324318
sapt_lora,4,task1729_personachat_generate_next,model.layers.15.self_attn.q_proj,new_adapter_unrouted,0.1818725276497841,0.6304781112591106,0.0020465383068119206,0.001506916532381622,0.6483234451665392,0.8888792758177352
sapt_lora,4,task1729_personachat_generate_next,model.layers.15.self_attn.v_proj,new_adapter_unrouted,0.08610434816149323,0.27827138550034825,0.0013289951707316035,0.001098457627010043,0.4944875965990916,0.9145518119340525
sapt_lora,4,task1729_personachat_generate_next,model.layers.16.self_attn.q_proj,new_adapter_unrouted,0.15334351809365315,0.5843008643158802,4.6769081318792715e-05,-0.00020797621861439334,0.5197009772941213,0.8573599627248796
sapt_lora,4,task1729_personachat_generate_next,model.layers.16.self_attn.v_proj,new_adapter_unrouted,0.08220073590300588,0.2788989370999486,-0.0023083558967331446,-0.0037905686574022483,0.5819110773625781,0.9041616207597672
sapt_lora,4,task1729_personachat_generate_next,model.layers.17.self_attn.q_proj,new_adapter_unrouted,0.1919677344522998,0.5910441204794302,0.0005028974364444577,0.001225955174611246,0.7389433554397984,0.9145577590351225
sapt_lora,4,task1729_personachat_generate_next,model.layers.17.self_attn.v_proj,new_adapter_unrouted,0.07402218383765297,0.2754557117558314,0.0015098196060950532,-0.001969020788054343,0.4161325266775033,0.8680862407487167
sapt_lora,4,task1729_personachat_generate_next,model.layers.18.self_attn.q_proj,new_adapter_unrouted,0.1481430569204051,0.5724647577037002,-0.0024229154205756206,-0.0016696213406628144,0.4089455923700534,0.8106877078821478
sapt_lora,4,task1729_personachat_generate_next,model.layers.18.self_attn.v_proj,new_adapter_unrouted,0.06799451532224708,0.28173181813269743,-0.0008645179798596122,0.0013738331139396282,0.48677319445877865,0.8892287872151109
sapt_lora,4,task1729_personachat_generate_next,model.layers.19.self_attn.q_proj,new_adapter_unrouted,0.14421800232541496,0.6341173956615137,0.0005800748478561828,0.00013483437988594165,0.42605916465188143,0.7910058512597237
sapt_lora,4,task1729_personachat_generate_next,model.layers.19.self_attn.v_proj,new_adapter_unrouted,0.07019363382285262,0.2946732863945531,-0.0021798801808377882,0.0003414431534438671,0.4530903437468056,0.858567438832906
sapt_lora,4,task1729_personachat_generate_next,model.layers.20.self_attn.q_proj,new_adapter_unrouted,0.12969488309272795,0.617623027895081,-0.0025348017581857656,-0.0018148817277968436,0.37906550078810636,0.8076480755593449
sapt_lora,4,task1729_personachat_generate_next,model.layers.20.self_attn.v_proj,new_adapter_unrouted,0.07324738286594973,0.2933147507131665,0.0010776997820094935,-0.001150650170219955,0.5890463865108858,0.9092408171742028
sapt_lora,4,task1729_personachat_generate_next,model.layers.21.self_attn.q_proj,new_adapter_unrouted,0.12944572779132638,0.6356326887680882,0.0016774614874183883,-0.00014373438547096552,0.32204224802696385,0.7384911881859513
sapt_lora,4,task1729_personachat_generate_next,model.layers.21.self_attn.v_proj,new_adapter_unrouted,0.057197419250096214,0.27583437252111903,-0.0020572591556764137,-0.002953409931473843,0.3652974276873235,0.7834609338630167
sapt_lora,4,task1729_personachat_generate_next,model.layers.22.self_attn.q_proj,new_adapter_unrouted,0.12351490405903033,0.6106429797813998,0.0017054786419270734,0.00172504564112253,0.24265107989551182,0.6733788341121699
sapt_lora,4,task1729_personachat_generate_next,model.layers.22.self_attn.v_proj,new_adapter_unrouted,0.05988431794552638,0.28104984142531536,-0.002631753922505849,-0.001084734131326268,0.5344490905978163,0.8858461939216183
sapt_lora,4,task1729_personachat_generate_next,model.layers.23.self_attn.q_proj,new_adapter_unrouted,0.1346826050629279,0.6733778169915925,-0.0002621613181142727,0.0011105648104208872,0.4032429489242703,0.7512880749463261
sapt_lora,4,task1729_personachat_generate_next,model.layers.23.self_attn.v_proj,new_adapter_unrouted,0.07234319703910524,0.2676497879520115,0.001327676636990257,-0.0013481657620440786,0.41163616094654587,0.884310603555563
sapt_lora,4,task1729_personachat_generate_next,model.layers.24.self_attn.q_proj,new_adapter_unrouted,0.13316241606186408,0.6030653240270408,0.0011809428622211612,0.0006863477021499715,0.39870724075012626,0.7924456880066978
sapt_lora,4,task1729_personachat_generate_next,model.layers.24.self_attn.v_proj,new_adapter_unrouted,0.06530283878095035,0.28418810754894175,-0.00034763654112756703,3.6977467846502846e-05,0.5559851934898984,0.8844346542489587
sapt_lora,4,task1729_personachat_generate_next,model.layers.25.self_attn.q_proj,new_adapter_unrouted,0.13045270662021202,0.582170144375966,0.0021808479417667914,0.0013108658142447188,0.4411898294244642,0.7811351901488287
sapt_lora,4,task1729_personachat_generate_next,model.layers.25.self_attn.v_proj,new_adapter_unrouted,0.0804350972626182,0.3002216350389229,0.005336146012399909,-0.0001213244432729566,0.6176269118385432,0.9201936175764891
sapt_lora,4,task1729_personachat_generate_next,model.layers.26.self_attn.q_proj,new_adapter_unrouted,0.15482397788204283,0.5897277625817141,0.000404552566572331,0.001222995937506992,0.5575844150763709,0.8477292216239433
sapt_lora,4,task1729_personachat_generate_next,model.layers.26.self_attn.v_proj,new_adapter_unrouted,0.07097198765185408,0.27054082539004,0.0015071124747445639,0.0004752586972763364,0.5863782598222885,0.9025710248033658
sapt_lora,4,task1729_personachat_generate_next,model.layers.27.self_attn.q_proj,new_adapter_unrouted,0.16552408736666308,0.6927458733280715,-0.017656783396713577,0.00021231854013966414,0.6768089722710919,0.8721982975145479
sapt_lora,4,task1729_personachat_generate_next,model.layers.27.self_attn.v_proj,new_adapter_unrouted,0.07063989659107327,0.28831846828962654,0.008210746863309953,0.0015246220604608384,0.47391909019078166,0.8868174664940817
sapt_lora,5,task748_glucose_reverse_cause_event_detection,model.layers.0.self_attn.q_proj,new_adapter_unrouted,0.21620990720659972,0.5880197364377271,0.0017926322821591569,0.001799632586346001,0.3674224768761339,0.8001639442199713
sapt_lora,5,task748_glucose_reverse_cause_event_detection,model.layers.0.self_attn.v_proj,new_adapter_unrouted,0.11699834516888906,0.2463733880740241,-0.0016090045651596873,-0.0024326190487534644,0.4124562371779282,0.8208112137945717
sapt_lora,5,task748_glucose_reverse_cause_event_detection,model.layers.1.self_attn.q_proj,new_adapter_unrouted,0.2317935767307759,0.6193921465248186,-0.0014665655954598192,-0.000822196797832684,0.34145903261294724,0.7955757490124222
sapt_lora,5,task748_glucose_reverse_cause_event_detection,model.layers.1.self_attn.v_proj,new_adapter_unrouted,0.11176386027968496,0.25479531829154484,-0.0006639430056450324,-0.0006475923017673855,0.4947300871419175,0.8524337569795729
sapt_lora,5,task748_glucose_reverse_cause_event_detection,model.layers.2.self_attn.q_proj,new_adapter_unrouted,0.2609222973820945,0.5954637426007484,0.0018863541584577842,-0.0033137296000021813,0.4044087587119808,0.8107275662326119
sapt_lora,5,task748_glucose_reverse_cause_event_detection,model.layers.2.self_attn.v_proj,new_adapter_unrouted,0.1099668235235503,0.25668211027352744,0.0008787100071447214,-0.0020552727510912195,0.27367164231932173,0.7777453567785253
sapt_lora,5,task748_glucose_reverse_cause_event_detection,model.layers.3.self_attn.q_proj,new_adapter_unrouted,0.25497537620387145,0.6513671151717683,0.005488484146245748,0.008813442087786385,0.43616888499557843,0.8273660141382062
sapt_lora,5,task748_glucose_reverse_cause_event_detection,model.layers.3.self_attn.v_proj,new_adapter_unrouted,0.11337687001585317,0.2683870792375173,-0.0028810774701166077,0.0019124690698531387,0.6246994048414781,0.8916079707269713
sapt_lora,5,task748_glucose_reverse_cause_event_detection,model.layers.4.self_attn.q_proj,new_adapter_unrouted,0.24557650473669598,0.6236009781205327,0.0006260691006614504,-0.0017217668385020172,0.4525751669366375,0.838832023953413
sapt_lora,5,task748_glucose_reverse_cause_event_detection,model.layers.4.self_attn.v_proj,new_adapter_unrouted,0.11649363788941637,0.2712128248013106,-0.0032978439605555704,-0.005118922041982977,0.7038018823500041,0.9153871068047905
sapt_lora,5,task748_glucose_reverse_cause_event_detection,model.layers.5.self_attn.q_proj,new_adapter_unrouted,0.29602321053933195,0.5945608672781312,0.0024990840277103834,0.002665140518397985,0.6746927524896125,0.8997004090077488
sapt_lora,5,task748_glucose_reverse_cause_event_detection,model.layers.5.self_attn.v_proj,new_adapter_unrouted,0.118110732049164,0.26793244138324596,0.0012142403160062055,0.0005202833551115169,0.525414653227655,0.8912571317087064
sapt_lora,5,task748_glucose_reverse_cause_event_detection,model.layers.6.self_attn.q_proj,new_adapter_unrouted,0.2735791464550612,0.6444014762607632,-0.0005247482022456085,0.001037795298103811,0.5949867912966936,0.8667296066319521
sapt_lora,5,task748_glucose_reverse_cause_event_detection,model.layers.6.self_attn.v_proj,new_adapter_unrouted,0.12119380150621424,0.2801580163390877,-0.0015656865514063565,-0.00236303908400233,0.6287585155613769,0.9029684219668794
sapt_lora,5,task748_glucose_reverse_cause_event_detection,model.layers.7.self_attn.q_proj,new_adapter_unrouted,0.26618012150715636,0.6297596081069388,0.0024961102574906657,-0.003366879209376631,0.4278158166318393,0.8217859334837199
sapt_lora,5,task748_glucose_reverse_cause_event_detection,model.layers.7.self_attn.v_proj,new_adapter_unrouted,0.11988361645806814,0.2873679981463576,0.011339107040474142,0.0033641646461361227,0.6712461818317256,0.895363505656438
sapt_lora,5,task748_glucose_reverse_cause_event_detection,model.layers.8.self_attn.q_proj,new_adapter_unrouted,0.26931256035489987,0.6103075472284587,-0.0006794321947800584,0.0020948282703131295,0.5698043506162138,0.8435021230950949
sapt_lora,5,task748_glucose_reverse_cause_event_detection,model.layers.8.self_attn.v_proj,new_adapter_unrouted,0.10817376528165436,0.28086249674817926,-0.0024801934996857692,-0.0019962936921731483,0.3108556247072833,0.8260416620920459
sapt_lora,5,task748_glucose_reverse_cause_event_detection,model.layers.9.self_attn.q_proj,new_adapter_unrouted,0.23925239744513,0.6631111469737988,0.0007217785833480425,-0.0008110043547328505,0.3428539060211411,0.8124967646767153
sapt_lora,5,task748_glucose_reverse_cause_event_detection,model.layers.9.self_attn.v_proj,new_adapter_unrouted,0.11137640890577896,0.2675762252626346,0.00028419029272111794,0.001109055870790174,0.45335542979102433,0.8461753285476405
sapt_lora,5,task748_glucose_reverse_cause_event_detection,model.layers.10.self_attn.q_proj,new_adapter_unrouted,0.25181520716940503,0.6210384622457049,-0.001519933222579793,-0.0018815698031961429,0.31605533170229644,0.7579075055671333
sapt_lora,5,task748_glucose_reverse_cause_event_detection,model.layers.10.self_attn.v_proj,new_adapter_unrouted,0.11400222718722819,0.2871684964735467,-0.0011775988644244892,0.0002955925128465791,0.40771602681074476,0.8507120840923763
sapt_lora,5,task748_glucose_reverse_cause_event_detection,model.layers.11.self_attn.q_proj,new_adapter_unrouted,0.2622192968658553,0.6738299714722038,0.0010688047712523064,-0.002682091468380321,0.34420392786732584,0.8136153682826862
sapt_lora,5,task748_glucose_reverse_cause_event_detection,model.layers.11.self_attn.v_proj,new_adapter_unrouted,0.11679261211793322,0.2951401141780115,0.0014653968351493664,-0.0011799982819415927,0.5910562515952751,0.901149980703273
sapt_lora,5,task748_glucose_reverse_cause_event_detection,model.layers.12.self_attn.q_proj,new_adapter_unrouted,0.26670175688527764,0.7006970525797974,-0.004426376231623905,-0.0008910731408914464,0.40723236750240466,0.8209493526098656
sapt_lora,5,task748_glucose_reverse_cause_event_detection,model.layers.12.self_attn.v_proj,new_adapter_unrouted,0.12413701312475359,0.29227678752550545,0.0022476507116324334,-0.004129042963598302,0.6383809573162998,0.9042265472222306
sapt_lora,5,task748_glucose_reverse_cause_event_detection,model.layers.13.self_attn.q_proj,new_adapter_unrouted,0.2755255568145774,0.6361679126538886,0.001692412528464047,-0.003404214276727566,0.49158101105530716,0.8558303829881674
sapt_lora,5,task748_glucose_reverse_cause_event_detection,model.layers.13.self_attn.v_proj,new_adapter_unrouted,0.12196016732668473,0.30247414690670765,0.0029928102251027275,-0.00016784392121424707,0.5019115318709433,0.8586502401249282
sapt_lora,5,task748_glucose_reverse_cause_event_detection,model.layers.14.self_attn.q_proj,new_adapter_unrouted,0.2755470007460254,0.5701252196543283,-0.0023080744275008887,-0.0014722281840233453,0.4991377070352746,0.8672104773670182
sapt_lora,5,task748_glucose_reverse_cause_event_detection,model.layers.14.self_attn.v_proj,new_adapter_unrouted,0.12179501856327961,0.2769590772474084,0.0020353910985731775,-0.0014679086199671713,0.6585680589221026,0.9263080813222226
sapt_lora,5,task748_glucose_reverse_cause_event_detection,model.layers.15.self_attn.q_proj,new_adapter_unrouted,0.30478988170477783,0.6565436805458816,-0.003654384895977085,-0.0005295557107815612,0.7669311992168559,0.9282663574687832
sapt_lora,5,task748_glucose_reverse_cause_event_detection,model.layers.15.self_attn.v_proj,new_adapter_unrouted,0.1250782397943481,0.29139768223044826,0.004364207432559165,0.0035711057415633266,0.726288923077895,0.9291819093118054
sapt_lora,5,task748_glucose_reverse_cause_event_detection,model.layers.16.self_attn.q_proj,new_adapter_unrouted,0.26795031282193676,0.6040944590741482,-0.0023473922172236057,-0.0013844022730316184,0.5922005396503391,0.8837609330995012
sapt_lora,5,task748_glucose_reverse_cause_event_detection,model.layers.16.self_attn.v_proj,new_adapter_unrouted,0.11885900156308334,0.2905782799156484,-0.0012186675875788216,0.0034553135453141894,0.4151307809256676,0.8099906360226206
sapt_lora,5,task748_glucose_reverse_cause_event_detection,model.layers.17.self_attn.q_proj,new_adapter_unrouted,0.2788262187798918,0.6215294701936642,-0.0014667507111523444,9.056126104029367e-05,0.6416381296637529,0.9067339733770589
sapt_lora,5,task748_glucose_reverse_cause_event_detection,model.layers.17.self_attn.v_proj,new_adapter_unrouted,0.1322130944962091,0.2853361224578383,0.004227133648019773,-0.0008944585181900995,0.664037795855341,0.9202258176873938
sapt_lora,5,task748_glucose_reverse_cause_event_detection,model.layers.18.self_attn.q_proj,new_adapter_unrouted,0.26936438376819255,0.5909748770505784,0.0005714046462613518,0.0016276510934143857,0.42022427543001506,0.8922516884363124
sapt_lora,5,task748_glucose_reverse_cause_event_detection,model.layers.18.self_attn.v_proj,new_adapter_unrouted,0.12310114572662226,0.2897636099853705,-0.001045980130769437,-0.0006280903184689726,0.6180527984473115,0.8963952672420574
sapt_lora,5,task748_glucose_reverse_cause_event_detection,model.layers.19.self_attn.q_proj,new_adapter_unrouted,0.2722129728057197,0.6503920361537395,0.0006527735882884423,0.0010756850606565595,0.528543297452174,0.9021225655255766
sapt_lora,5,task748_glucose_reverse_cause_event_detection,model.layers.19.self_attn.v_proj,new_adapter_unrouted,0.12985926236219456,0.30276940703700994,0.0033003209456792717,0.0016031578658102477,0.6343822817842597,0.9087441903410702
sapt_lora,5,task748_glucose_reverse_cause_event_detection,model.layers.20.self_attn.q_proj,new_adapter_unrouted,0.2592081401143205,0.630771653719342,0.006520480298464128,-0.00015144462257189528,0.7050323615305832,0.9332333309457292
sapt_lora,5,task748_glucose_reverse_cause_event_detection,model.layers.20.self_attn.v_proj,new_adapter_unrouted,0.11063920296298259,0.3023987927326163,0.001665046193132094,0.0023356542145817833,0.38909494383558757,0.8668913227811336
sapt_lora,5,task748_glucose_reverse_cause_event_detection,model.layers.21.self_attn.q_proj,new_adapter_unrouted,0.21489437615779633,0.6488922517041242,0.002161097982226891,-0.0009647050803060832,0.3505368657064986,0.8480282504487545
sapt_lora,5,task748_glucose_reverse_cause_event_detection,model.layers.21.self_attn.v_proj,new_adapter_unrouted,0.10199178640029602,0.28158698659378084,0.0005487282146127312,0.0027298501599509017,0.5170200983840946,0.8880373245643783
sapt_lora,5,task748_glucose_reverse_cause_event_detection,model.layers.22.self_attn.q_proj,new_adapter_unrouted,0.24237213982830888,0.6232158908826277,-0.001235651127628418,0.0023009235343555826,0.4691153091019977,0.8831037346604468
sapt_lora,5,task748_glucose_reverse_cause_event_detection,model.layers.22.self_attn.v_proj,new_adapter_unrouted,0.11865245641686045,0.2872047310677155,0.0041322302221711155,-0.00013636510215818702,0.6320809684010957,0.9099045855461219
sapt_lora,5,task748_glucose_reverse_cause_event_detection,model.layers.23.self_attn.q_proj,new_adapter_unrouted,0.2190989694754278,0.6866800830869543,0.0033581599040676405,0.0022033563801235074,0.5871555399839641,0.8967052137188892
sapt_lora,5,task748_glucose_reverse_cause_event_detection,model.layers.23.self_attn.v_proj,new_adapter_unrouted,0.11292106546642613,0.27734700611632707,0.0021075682268638348,0.00046100361707634535,0.5697240039362161,0.882275966748916
sapt_lora,5,task748_glucose_reverse_cause_event_detection,model.layers.24.self_attn.q_proj,new_adapter_unrouted,0.23492656929760702,0.6177456489766369,-0.005302864485635951,0.004320136652721972,0.6221925614495566,0.9077215634432331
sapt_lora,5,task748_glucose_reverse_cause_event_detection,model.layers.24.self_attn.v_proj,new_adapter_unrouted,0.12222758763235597,0.29157235490610434,0.0018593520305568198,-0.010026984287278726,0.8516867235755076,0.9619718748575687
sapt_lora,5,task748_glucose_reverse_cause_event_detection,model.layers.25.self_attn.q_proj,new_adapter_unrouted,0.21876954782570432,0.5968846099440424,0.0017457256235017976,0.0023494129984818046,0.5576783545517515,0.899386237027436
sapt_lora,5,task748_glucose_reverse_cause_event_detection,model.layers.25.self_attn.v_proj,new_adapter_unrouted,0.11022055521305749,0.311224281393126,-0.00010575363958864026,0.001027372830562429,0.5068999271406687,0.8905555797092255
sapt_lora,5,task748_glucose_reverse_cause_event_detection,model.layers.26.self_attn.q_proj,new_adapter_unrouted,0.20255775883718571,0.6097730500935321,0.003507593781821571,0.0014747247433329808,0.5690859186032343,0.8941609588139315
sapt_lora,5,task748_glucose_reverse_cause_event_detection,model.layers.26.self_attn.v_proj,new_adapter_unrouted,0.10297560841708558,0.2797985647301145,0.00225960330978751,-0.0031403065161139986,0.44455456438942337,0.8384334317447459
sapt_lora,5,task748_glucose_reverse_cause_event_detection,model.layers.27.self_attn.q_proj,new_adapter_unrouted,0.22414098021592832,0.7093981946166311,0.0009948584567206471,0.0005490972656498023,0.5449997023645068,0.8972076847366538
sapt_lora,5,task748_glucose_reverse_cause_event_detection,model.layers.27.self_attn.v_proj,new_adapter_unrouted,0.10463942786668066,0.2974087880488734,0.0019048462390536802,0.0028017847872416927,0.5899525712248798,0.8987854118655102
sapt_lora,6,medical_mts_dialog_note,model.layers.0.self_attn.q_proj,new_adapter_unrouted,0.1522790768011202,0.6268729931240471,-0.003826442648647886,-0.0010607350749534889,0.39139341286612095,0.7775339242330335
sapt_lora,6,medical_mts_dialog_note,model.layers.0.self_attn.v_proj,new_adapter_unrouted,0.07772280273289449,0.27257237408309926,0.0056116448695155115,0.001362201192852823,0.3307700048331727,0.7856047549243044
sapt_lora,6,medical_mts_dialog_note,model.layers.1.self_attn.q_proj,new_adapter_unrouted,0.15392495151769417,0.66102479564463,-0.0010887595077886817,0.0006388837298807711,0.452409113900015,0.8349802368116894
sapt_lora,6,medical_mts_dialog_note,model.layers.1.self_attn.v_proj,new_adapter_unrouted,0.07848962238131585,0.27816182448290644,0.004401577065845193,0.00031131454388850897,0.5243071048583252,0.8100401916961802
sapt_lora,6,medical_mts_dialog_note,model.layers.2.self_attn.q_proj,new_adapter_unrouted,0.16273757296631283,0.6505718091326597,0.001346243631025657,-0.0010607882292739095,0.3649655614003949,0.7752434139291433
sapt_lora,6,medical_mts_dialog_note,model.layers.2.self_attn.v_proj,new_adapter_unrouted,0.07816513921507866,0.2793349492187633,0.004374525554472796,0.0019081509531770175,0.3469848998576158,0.7924925067705838
sapt_lora,6,medical_mts_dialog_note,model.layers.3.self_attn.q_proj,new_adapter_unrouted,0.1651951999808692,0.7007957222756268,-0.001399388848824563,-0.0012039884622513498,0.3554475566455846,0.7652348188377335
sapt_lora,6,medical_mts_dialog_note,model.layers.3.self_attn.v_proj,new_adapter_unrouted,0.0795760978217732,0.2910508598075318,0.006363128167385283,0.0026291119581229815,0.39601333863492943,0.8963122293892468
sapt_lora,6,medical_mts_dialog_note,model.layers.4.self_attn.q_proj,new_adapter_unrouted,0.16475667813422815,0.6703564381917754,-0.0014353879233839934,-0.0003367150148643818,0.3823035626866133,0.8199954734792315
sapt_lora,6,medical_mts_dialog_note,model.layers.4.self_attn.v_proj,new_adapter_unrouted,0.08251627496355984,0.29481990450257406,0.003310257294523048,0.002463802448874789,0.5199816865557113,0.8893425062295178
sapt_lora,6,medical_mts_dialog_note,model.layers.5.self_attn.q_proj,new_adapter_unrouted,0.17050755932012318,0.6648398775128208,0.001013492638476316,0.002157479241173768,0.43501199611511115,0.7985710043619931
sapt_lora,6,medical_mts_dialog_note,model.layers.5.self_attn.v_proj,new_adapter_unrouted,0.08749789690064405,0.29294161386276385,0.0021517985365783394,0.0016783657168275388,0.6207272388963623,0.9066923364626375
sapt_lora,6,medical_mts_dialog_note,model.layers.6.self_attn.q_proj,new_adapter_unrouted,0.1568192826000281,0.699938419589367,0.002438561326646651,-0.0001205844172996341,0.4084851178792515,0.8078114251922395
sapt_lora,6,medical_mts_dialog_note,model.layers.6.self_attn.v_proj,new_adapter_unrouted,0.07695116596243842,0.3050739759993137,-0.0025275513591216693,0.0008576630388485942,0.3322757175482835,0.8364149063934959
sapt_lora,6,medical_mts_dialog_note,model.layers.7.self_attn.q_proj,new_adapter_unrouted,0.15813321615894543,0.6843141562634095,-0.001143161436693076,-0.0005152562741124341,0.3261233544489505,0.770337793227418
sapt_lora,6,medical_mts_dialog_note,model.layers.7.self_attn.v_proj,new_adapter_unrouted,0.07273532794467777,0.3126239410870853,0.005390810396405915,0.0003054762309581276,0.41359375672603166,0.8455751909613991
sapt_lora,6,medical_mts_dialog_note,model.layers.8.self_attn.q_proj,new_adapter_unrouted,0.1676952461188759,0.6669191927647162,-0.0027206810148614493,-0.00037547241494407407,0.4383093666647894,0.8708011078509684
sapt_lora,6,medical_mts_dialog_note,model.layers.8.self_attn.v_proj,new_adapter_unrouted,0.07645436372072636,0.30072345988663424,0.0011946746074466645,0.0009041840287658668,0.32244675866252326,0.8476823292079171
sapt_lora,6,medical_mts_dialog_note,model.layers.9.self_attn.q_proj,new_adapter_unrouted,0.13726254442510294,0.7051149726204854,-0.004020863443936099,-0.001424046906132743,0.3379007323342266,0.7437562126725279
sapt_lora,6,medical_mts_dialog_note,model.layers.9.self_attn.v_proj,new_adapter_unrouted,0.07619439937043836,0.28985975830106037,-0.00019798032839340307,-0.0010159644674582907,0.48534882297899856,0.874702109765463
sapt_lora,6,medical_mts_dialog_note,model.layers.10.self_attn.q_proj,new_adapter_unrouted,0.16379766696615286,0.6697942032984897,-0.0008615742636474666,-1.4969331721326062e-05,0.3730339779885165,0.7996480142222845
sapt_lora,6,medical_mts_dialog_note,model.layers.10.self_attn.v_proj,new_adapter_unrouted,0.07911209073596484,0.3088448624550104,-0.00034448212003939364,0.0027858600536659717,0.5190595182367933,0.8490382999111794
sapt_lora,6,medical_mts_dialog_note,model.layers.11.self_attn.q_proj,new_adapter_unrouted,0.15738587077993485,0.7233142380347832,0.0004984324278578109,-0.002178691276866967,0.3838027955119688,0.8265451286875362
sapt_lora,6,medical_mts_dialog_note,model.layers.11.self_attn.v_proj,new_adapter_unrouted,0.07707849446153976,0.3175676719094486,0.0058736023493338296,0.0030545856396667972,0.6246865074762189,0.8988194045498881
sapt_lora,6,medical_mts_dialog_note,model.layers.12.self_attn.q_proj,new_adapter_unrouted,0.16047189359045005,0.7486332944792142,0.001079597718844591,0.0009810601760309198,0.5185954642354214,0.826405030164987
sapt_lora,6,medical_mts_dialog_note,model.layers.12.self_attn.v_proj,new_adapter_unrouted,0.07658861722285135,0.31780311315595744,0.0027672510241263035,0.004753271457975111,0.4802368389934402,0.8735904996134427
sapt_lora,6,medical_mts_dialog_note,model.layers.13.self_attn.q_proj,new_adapter_unrouted,0.15406928473283615,0.6936982337003099,-0.004101824705074394,0.002625725829965967,0.5977790141453864,0.8543131964287896
sapt_lora,6,medical_mts_dialog_note,model.layers.13.self_attn.v_proj,new_adapter_unrouted,0.07324812137970689,0.3264746548937986,0.0018022071494175264,1.2980323245692457e-05,0.3901380424195345,0.8349842575424961
sapt_lora,6,medical_mts_dialog_note,model.layers.14.self_attn.q_proj,new_adapter_unrouted,0.1326103575417583,0.6326481927792499,0.001143119625450014,-0.0016928865714739792,0.45604140113438363,0.7999785878502814
sapt_lora,6,medical_mts_dialog_note,model.layers.14.self_attn.v_proj,new_adapter_unrouted,0.0749286732385707,0.3027832122198316,0.002015844615195653,-0.000574236579735048,0.5472009242906222,0.90590213166478
sapt_lora,6,medical_mts_dialog_note,model.layers.15.self_attn.q_proj,new_adapter_unrouted,0.15596822871057262,0.7228305016348154,0.0009597938990698376,4.180764289760122e-05,0.6539363109523643,0.8786228641608964
sapt_lora,6,medical_mts_dialog_note,model.layers.15.self_attn.v_proj,new_adapter_unrouted,0.08467303809034576,0.31760872824939274,0.00576426652215475,0.0029425853130383823,0.7264650722687864,0.9479832647530673
sapt_lora,6,medical_mts_dialog_note,model.layers.16.self_attn.q_proj,new_adapter_unrouted,0.1309505761344279,0.6602783909445635,0.002595141123884881,0.002474653797281765,0.5057886910721794,0.8259872053385635
sapt_lora,6,medical_mts_dialog_note,model.layers.16.self_attn.v_proj,new_adapter_unrouted,0.06586886870387604,0.3138136687728915,0.0023835642725029377,-0.0018639774428591944,0.4011432784946167,0.8222861215522589
sapt_lora,6,medical_mts_dialog_note,model.layers.17.self_attn.q_proj,new_adapter_unrouted,0.1302326555783831,0.6808337319640329,-0.0027614170139322685,0.0001875446482338391,0.5038319651860044,0.8411404449588612
sapt_lora,6,medical_mts_dialog_note,model.layers.17.self_attn.v_proj,new_adapter_unrouted,0.07583088567535244,0.3149856247847864,0.0009508487298724376,2.005865943183886e-05,0.6306654154274212,0.905926576926202
sapt_lora,6,medical_mts_dialog_note,model.layers.18.self_attn.q_proj,new_adapter_unrouted,0.13043828950743475,0.6496078798764165,0.003956170087949513,0.00111374732212086,0.5391179462881114,0.8169141945026065
sapt_lora,6,medical_mts_dialog_note,model.layers.18.self_attn.v_proj,new_adapter_unrouted,0.06760789951381657,0.3147097409396539,0.0015719679788802642,-0.0022374923610725688,0.6570448646102202,0.9231545380110449
sapt_lora,6,medical_mts_dialog_note,model.layers.19.self_attn.q_proj,new_adapter_unrouted,0.1327282377730409,0.7052239672977568,-0.0009273327237464317,0.00020094873531597348,0.6436564065613686,0.8727935358082629
sapt_lora,6,medical_mts_dialog_note,model.layers.19.self_attn.v_proj,new_adapter_unrouted,0.06605395912219396,0.3298367202338196,0.0008185266620065304,-0.0017709090804913258,0.5749611245780907,0.9146921183875452
sapt_lora,6,medical_mts_dialog_note,model.layers.20.self_attn.q_proj,new_adapter_unrouted,0.1535291474904575,0.6835158747648169,0.001330781382205827,0.0019105468857635003,0.7652153983399059,0.9100436882206039
sapt_lora,6,medical_mts_dialog_note,model.layers.20.self_attn.v_proj,new_adapter_unrouted,0.062077015693728914,0.32217616068990634,-0.0019463706205155903,-0.005152864601615026,0.4133516122990391,0.8497582574160568
sapt_lora,6,medical_mts_dialog_note,model.layers.21.self_attn.q_proj,new_adapter_unrouted,0.1229672393091512,0.683990824847462,0.0009328503753383919,0.0013034456937564428,0.4869950727594019,0.8254944850500139
sapt_lora,6,medical_mts_dialog_note,model.layers.21.self_attn.v_proj,new_adapter_unrouted,0.06286856218192166,0.299541439499822,-0.00032671422321627573,-0.0011697485105848025,0.5144153941815098,0.8668110096482183
sapt_lora,6,medical_mts_dialog_note,model.layers.22.self_attn.q_proj,new_adapter_unrouted,0.11022627618291789,0.6684078172718769,0.00014551080055023036,-0.0034569706137162147,0.36377349325593744,0.7462107917991786
sapt_lora,6,medical_mts_dialog_note,model.layers.22.self_attn.v_proj,new_adapter_unrouted,0.05642435534335139,0.3112018565164704,0.0033205952087807895,0.004009882505540294,0.6247056815852402,0.8908998552335292
sapt_lora,6,medical_mts_dialog_note,model.layers.23.self_attn.q_proj,new_adapter_unrouted,0.11247765470062435,0.7214876099308121,-0.00063662280200173,-0.0011590044410872292,0.34489138463671076,0.801239140705398
sapt_lora,6,medical_mts_dialog_note,model.layers.23.self_attn.v_proj,new_adapter_unrouted,0.058853628879516603,0.2996740559636103,-0.002479396194745973,-2.0697524621076963e-05,0.4252573442626646,0.8610234039393251
sapt_lora,6,medical_mts_dialog_note,model.layers.24.self_attn.q_proj,new_adapter_unrouted,0.11208222834997437,0.6597431506242318,-0.0007798673716699744,-0.002159945362367525,0.3523162791792376,0.7884373116526079
sapt_lora,6,medical_mts_dialog_note,model.layers.24.self_attn.v_proj,new_adapter_unrouted,0.05735962876080169,0.3163645827037074,-0.0015375022847387318,-0.005663694098458937,0.3943965948706841,0.8506297119565039
sapt_lora,6,medical_mts_dialog_note,model.layers.25.self_attn.q_proj,new_adapter_unrouted,0.11385827774998002,0.6360717467102414,0.00043005056919103124,0.001027703782466692,0.376253860558966,0.79147625002328
sapt_lora,6,medical_mts_dialog_note,model.layers.25.self_attn.v_proj,new_adapter_unrouted,0.058806982720131906,0.3301543104666721,-0.004214075820255742,-0.001682013887768255,0.4767346681382875,0.8840228044110588
sapt_lora,6,medical_mts_dialog_note,model.layers.26.self_attn.q_proj,new_adapter_unrouted,0.11220144260326899,0.6432101476214581,0.0011259479466581078,0.0012210930311026555,0.3954702961626696,0.7897069178713044
sapt_lora,6,medical_mts_dialog_note,model.layers.26.self_attn.v_proj,new_adapter_unrouted,0.056515566550446164,0.2983645791086833,-0.002926550188077624,-0.002770093516644447,0.38296938131627456,0.8282799459560259
sapt_lora,6,medical_mts_dialog_note,model.layers.27.self_attn.q_proj,new_adapter_unrouted,0.1286010102637884,0.7441783071862539,0.0005177204584180686,-0.006715911085409165,0.4870210529020816,0.8547299327309008
sapt_lora,6,medical_mts_dialog_note,model.layers.27.self_attn.v_proj,new_adapter_unrouted,0.05830275333092344,0.3154678387952394,-0.0010909125441362756,-0.0006748205008246814,0.5024607239548626,0.8397565566467271
sapt_lora,7,medical_iu_xray_impression,model.layers.0.self_attn.q_proj,new_adapter_unrouted,0.3466483020097952,0.6445371401705077,-0.01646795915033829,0.01198047877162681,0.568786330869152,0.9014692723697998
sapt_lora,7,medical_iu_xray_impression,model.layers.0.self_attn.v_proj,new_adapter_unrouted,0.1942908172401084,0.2838561247681488,0.004060547350714835,0.005193567827294199,0.5287095698491111,0.8756928240976072
sapt_lora,7,medical_iu_xray_impression,model.layers.1.self_attn.q_proj,new_adapter_unrouted,0.3202778348898603,0.6785463230284999,0.008006425816618905,0.009380678095644012,0.6109226908019232,0.8765907332218864
sapt_lora,7,medical_iu_xray_impression,model.layers.1.self_attn.v_proj,new_adapter_unrouted,0.18464705030808434,0.2893558692519776,0.004430585538011458,0.008816644084862442,0.5750946240805318,0.8717599302684668
sapt_lora,7,medical_iu_xray_impression,model.layers.2.self_attn.q_proj,new_adapter_unrouted,0.35141310518792085,0.6708295288592536,0.003885624757299335,0.0054235802337986114,0.3452601952983886,0.8033718705475623
sapt_lora,7,medical_iu_xray_impression,model.layers.2.self_attn.v_proj,new_adapter_unrouted,0.17571901145300653,0.29039426967172377,-0.0019443330286469944,0.0018205736358787902,0.4213372515924234,0.8637517058116594
sapt_lora,7,medical_iu_xray_impression,model.layers.3.self_attn.q_proj,new_adapter_unrouted,0.352206665770951,0.7197778055133272,0.0008348277695016553,8.438894398971041e-05,0.3097471797203044,0.8091201747607365
sapt_lora,7,medical_iu_xray_impression,model.layers.3.self_attn.v_proj,new_adapter_unrouted,0.18536119938081796,0.30222128852646396,0.002688564298301997,0.013694994720002239,0.6679011180714907,0.9322101296510437
sapt_lora,7,medical_iu_xray_impression,model.layers.4.self_attn.q_proj,new_adapter_unrouted,0.35700220137756994,0.6900764105280462,-0.0014072570390953444,0.0019434264994618003,0.5533277830666999,0.8797849076256798
sapt_lora,7,medical_iu_xray_impression,model.layers.4.self_attn.v_proj,new_adapter_unrouted,0.1823294522383236,0.30641274761050635,0.014539561712236181,0.017360659098312786,0.7179707404903913,0.9432548022656696
sapt_lora,7,medical_iu_xray_impression,model.layers.5.self_attn.q_proj,new_adapter_unrouted,0.3746526872594737,0.6865236121382409,0.003826905059931213,0.00897802948406124,0.549981669043666,0.8738884474735568
sapt_lora,7,medical_iu_xray_impression,model.layers.5.self_attn.v_proj,new_adapter_unrouted,0.19145217384023533,0.30591008470950354,0.014741006797856296,0.03501573464625024,0.6143407692643347,0.9212260062495771
sapt_lora,7,medical_iu_xray_impression,model.layers.6.self_attn.q_proj,new_adapter_unrouted,0.35901372582264246,0.7176638560823894,-0.0052223584476662754,0.0012507577757724,0.5244744841667548,0.8671363412223695
sapt_lora,7,medical_iu_xray_impression,model.layers.6.self_attn.v_proj,new_adapter_unrouted,0.1699340766237673,0.314440678354324,0.0067146186925886,0.008190955720295255,0.336859477962555,0.852876916110131
sapt_lora,7,medical_iu_xray_impression,model.layers.7.self_attn.q_proj,new_adapter_unrouted,0.35051010720271997,0.7021713246203627,-0.005004437180538278,-0.0014861906891986754,0.3534256172101707,0.8025884573139607
sapt_lora,7,medical_iu_xray_impression,model.layers.7.self_attn.v_proj,new_adapter_unrouted,0.1782369274537152,0.3213554381732493,0.004067338263896031,0.005249059639086224,0.5886503694135029,0.8996608364258567
sapt_lora,7,medical_iu_xray_impression,model.layers.8.self_attn.q_proj,new_adapter_unrouted,0.3456734543105922,0.6872367479924731,-0.00026503788042667604,0.006453234691194904,0.33529965615579743,0.8265784323565679
sapt_lora,7,medical_iu_xray_impression,model.layers.8.self_attn.v_proj,new_adapter_unrouted,0.18707393747799592,0.3103784851905697,0.0016661832709776825,0.008969656172110886,0.5954920353759163,0.8890149477272166
sapt_lora,7,medical_iu_xray_impression,model.layers.9.self_attn.q_proj,new_adapter_unrouted,0.3170743584245882,0.7178090311080266,0.0015029545872297528,0.0009329639608988451,0.5772688672494375,0.8573748021008277
sapt_lora,7,medical_iu_xray_impression,model.layers.9.self_attn.v_proj,new_adapter_unrouted,0.17450516645359035,0.2996923771359218,-0.00044656556196201404,-0.002637439076517346,0.4961304225145121,0.8818203931179347
sapt_lora,7,medical_iu_xray_impression,model.layers.10.self_attn.q_proj,new_adapter_unrouted,0.3831375353448005,0.6893945913601978,-0.0004019652969486214,-0.0032202269211017574,0.5755899041046588,0.8920513201254413
sapt_lora,7,medical_iu_xray_impression,model.layers.10.self_attn.v_proj,new_adapter_unrouted,0.1883679016333551,0.3187899594595919,0.0026362296453281238,0.014580765954754568,0.6408730465326378,0.8992367639637114
sapt_lora,7,medical_iu_xray_impression,model.layers.11.self_attn.q_proj,new_adapter_unrouted,0.37236590400649855,0.7403156636213531,0.0014753658977982949,0.0037172842866372894,0.6055821627243785,0.8995719403676883
sapt_lora,7,medical_iu_xray_impression,model.layers.11.self_attn.v_proj,new_adapter_unrouted,0.18273828951207338,0.3272275422012116,0.008825588009744128,0.028460872710120707,0.6337752922815696,0.9024971006893786
sapt_lora,7,medical_iu_xray_impression,model.layers.12.self_attn.q_proj,new_adapter_unrouted,0.38406034848111004,0.7658083522139546,0.0046756334795619026,0.00857080040438121,0.6808892779482988,0.933219834410399
sapt_lora,7,medical_iu_xray_impression,model.layers.12.self_attn.v_proj,new_adapter_unrouted,0.18578953585288538,0.3271075440256414,0.006634089457315389,0.010787288359652527,0.5423752178750981,0.916555840601857
sapt_lora,7,medical_iu_xray_impression,model.layers.13.self_attn.q_proj,new_adapter_unrouted,0.41639098605152014,0.7099843643723592,0.00433229816756499,0.009937025643722489,0.7703699443261687,0.9388305379318812
sapt_lora,7,medical_iu_xray_impression,model.layers.13.self_attn.v_proj,new_adapter_unrouted,0.18589120233910267,0.3347195576811099,0.0004569533852231967,0.010437154926168082,0.6885301678488549,0.9257206395305617
sapt_lora,7,medical_iu_xray_impression,model.layers.14.self_attn.q_proj,new_adapter_unrouted,0.34476496526503975,0.6465454728041035,0.005905861881885884,0.005727621615894741,0.7612911837224128,0.9398553443632675
sapt_lora,7,medical_iu_xray_impression,model.layers.14.self_attn.v_proj,new_adapter_unrouted,0.17956850585010534,0.3120632102492685,0.0023362527925233395,0.003051149379395739,0.43357772890200547,0.932200741617082
sapt_lora,7,medical_iu_xray_impression,model.layers.15.self_attn.q_proj,new_adapter_unrouted,0.42406755961848075,0.7396123539316057,-0.001985937901280151,0.0068437657737972155,0.8453304520042542,0.9679980263017584
sapt_lora,7,medical_iu_xray_impression,model.layers.15.self_attn.v_proj,new_adapter_unrouted,0.2013890104594466,0.32917299901298636,0.0119040862753091,0.020751371175537325,0.7434204547656075,0.9460245425173536
sapt_lora,7,medical_iu_xray_impression,model.layers.16.self_attn.q_proj,new_adapter_unrouted,0.36718593696345053,0.6734718840826286,0.003481117112465584,0.004781511364777122,0.636840031433137,0.9409241733942109
sapt_lora,7,medical_iu_xray_impression,model.layers.16.self_attn.v_proj,new_adapter_unrouted,0.17137189674800624,0.32080565105432995,-0.0033087289722923212,0.005184297004844908,0.46871132666756365,0.9013922310898266
sapt_lora,7,medical_iu_xray_impression,model.layers.17.self_attn.q_proj,new_adapter_unrouted,0.35675756633820627,0.6928242368899684,0.00011812131646082636,-0.0017895641892718259,0.7033776227295468,0.944971141902425
sapt_lora,7,medical_iu_xray_impression,model.layers.17.self_attn.v_proj,new_adapter_unrouted,0.1803191877439429,0.32405507294624436,0.006257377934726064,0.01973072749553332,0.4926889160423805,0.9258712524844424
sapt_lora,7,medical_iu_xray_impression,model.layers.18.self_attn.q_proj,new_adapter_unrouted,0.33488503514959816,0.663079925158322,0.0006909434062723686,0.0016105322129383829,0.4613533056805048,0.8944286593066169
sapt_lora,7,medical_iu_xray_impression,model.layers.18.self_attn.v_proj,new_adapter_unrouted,0.1712639208436697,0.3219936990353611,0.0017949570065786669,0.008348432191092856,0.5087857732001826,0.9435827290027421
sapt_lora,7,medical_iu_xray_impression,model.layers.19.self_attn.q_proj,new_adapter_unrouted,0.3251559162218926,0.7174845131808409,-0.00020557339181154948,0.0006967239888880895,0.6460197363780296,0.9520029748197857
sapt_lora,7,medical_iu_xray_impression,model.layers.19.self_attn.v_proj,new_adapter_unrouted,0.17996786664167072,0.33643878201814525,0.0005567336350323388,0.0006134760201245333,0.6522303716407614,0.9312367586700813
sapt_lora,7,medical_iu_xray_impression,model.layers.20.self_attn.q_proj,new_adapter_unrouted,0.33579183927446654,0.7007456411151957,-0.0006879199151961542,0.0016802377637442811,0.8278794031724132,0.9690515020491439
sapt_lora,7,medical_iu_xray_impression,model.layers.20.self_attn.v_proj,new_adapter_unrouted,0.16562390130706997,0.32798350660163655,0.0019460610475723703,0.0008946818478963378,0.47510461422708516,0.9168652652343131
sapt_lora,7,medical_iu_xray_impression,model.layers.21.self_attn.q_proj,new_adapter_unrouted,0.3030867104913946,0.6950692854976487,0.0008419499701697296,3.8256401329117055e-05,0.5328573317190487,0.9213325551266045
sapt_lora,7,medical_iu_xray_impression,model.layers.21.self_attn.v_proj,new_adapter_unrouted,0.16593904884172642,0.3060477493694198,0.0018078929157365254,0.002301819809269929,0.5970251124080564,0.9190198550797383
sapt_lora,7,medical_iu_xray_impression,model.layers.22.self_attn.q_proj,new_adapter_unrouted,0.2555373629055765,0.6774513144789457,-0.0003657904707658248,0.0023524294660951925,0.4975701437093666,0.9273490035322609
sapt_lora,7,medical_iu_xray_impression,model.layers.22.self_attn.v_proj,new_adapter_unrouted,0.14666246195514318,0.3164599792328351,-0.0017984446372790403,0.0018322877947671101,0.7203224776107281,0.9565699332401276
sapt_lora,7,medical_iu_xray_impression,model.layers.23.self_attn.q_proj,new_adapter_unrouted,0.28278967405723376,0.7301316789719144,-0.0005404016718402724,0.0005667043542954642,0.5846587861824586,0.931750005547574
sapt_lora,7,medical_iu_xray_impression,model.layers.23.self_attn.v_proj,new_adapter_unrouted,0.16635010255577765,0.30525535490198363,0.003886951348881526,0.0006911398401186993,0.6735772652327675,0.9578775740513737
sapt_lora,7,medical_iu_xray_impression,model.layers.24.self_attn.q_proj,new_adapter_unrouted,0.310655995833247,0.6691099426621733,-0.0015946638059476815,-0.0008811001335791614,0.8129666375807864,0.9619620714725138
sapt_lora,7,medical_iu_xray_impression,model.layers.24.self_attn.v_proj,new_adapter_unrouted,0.16960372542901506,0.3214356474650416,0.0008832617216883443,-0.0011345321330406479,0.6450482970226613,0.9484225068630674
sapt_lora,7,medical_iu_xray_impression,model.layers.25.self_attn.q_proj,new_adapter_unrouted,0.2517251713627605,0.6462300400389612,-0.0018504489331110216,-0.0038410944490979756,0.6860399413865491,0.9545508890004958
sapt_lora,7,medical_iu_xray_impression,model.layers.25.self_attn.v_proj,new_adapter_unrouted,0.14980864715575326,0.3351066907410644,0.0022294541739944287,-0.0024698271431179597,0.5771345762448724,0.9378442498283835
sapt_lora,7,medical_iu_xray_impression,model.layers.26.self_attn.q_proj,new_adapter_unrouted,0.2903972701785198,0.6530474523646307,0.003920144726979868,0.007519272771532306,0.6157389727145841,0.9421941520562372
sapt_lora,7,medical_iu_xray_impression,model.layers.26.self_attn.v_proj,new_adapter_unrouted,0.149911426935593,0.30350738858723914,0.0025580405227405784,-0.0006345383379672157,0.5109416679098567,0.906517014302319
sapt_lora,7,medical_iu_xray_impression,model.layers.27.self_attn.q_proj,new_adapter_unrouted,0.297154668053157,0.7552739016933655,0.003621184055672412,-0.012122236722761795,0.7066361429785937,0.9540715433984
sapt_lora,7,medical_iu_xray_impression,model.layers.27.self_attn.v_proj,new_adapter_unrouted,0.13926779568041509,0.320747624821889,-0.0024949463842093983,-0.003044818176888969,0.4939105462635076,0.8737835283027344
sapt_lora,8,natural_vqav2,model.layers.0.self_attn.q_proj,new_adapter_unrouted,0.25274075913374144,0.7267973401851024,0.0045713507668275945,-0.0066866545745681285,0.5401800503474754,0.8863746708427996
sapt_lora,8,natural_vqav2,model.layers.0.self_attn.v_proj,new_adapter_unrouted,0.11353205265932366,0.3446318394896161,-0.002474246997719351,-0.0008390144288746552,0.5280911489221644,0.8894742717389896
sapt_lora,8,natural_vqav2,model.layers.1.self_attn.q_proj,new_adapter_unrouted,0.2545532876115357,0.7526506297961751,0.002607326201504764,0.003058007657265837,0.5018640450168149,0.8891868071019459
sapt_lora,8,natural_vqav2,model.layers.1.self_attn.v_proj,new_adapter_unrouted,0.10407374653089692,0.3439401011480897,0.00010214884357455321,-0.0004264345867528451,0.3510209291144836,0.835811436616577
sapt_lora,8,natural_vqav2,model.layers.2.self_attn.q_proj,new_adapter_unrouted,0.2829699675902381,0.7585086738738662,-0.004811687247323502,-0.0021139346476292038,0.6197888138456086,0.9254068659425023
sapt_lora,8,natural_vqav2,model.layers.2.self_attn.v_proj,new_adapter_unrouted,0.12968990961674112,0.3391276644476173,0.004191426088374702,0.003030680476695804,0.7826224877264588,0.9496645280040293
sapt_lora,8,natural_vqav2,model.layers.3.self_attn.q_proj,new_adapter_unrouted,0.2750774715934641,0.8015939745295041,0.0003976446660257542,-0.0026272756334960764,0.41055928255721574,0.9132207101386729
sapt_lora,8,natural_vqav2,model.layers.3.self_attn.v_proj,new_adapter_unrouted,0.11599249606602742,0.3549615595511443,0.0021192291579252517,0.0026144801844317192,0.696518562356051,0.9388716132922185
sapt_lora,8,natural_vqav2,model.layers.4.self_attn.q_proj,new_adapter_unrouted,0.2712009700377296,0.7765066927279859,0.002709890250944628,0.0015567711660573042,0.7222744335874479,0.9418431686489879
sapt_lora,8,natural_vqav2,model.layers.4.self_attn.v_proj,new_adapter_unrouted,0.10788879012877936,0.35882780760293526,0.0030983479347841845,0.0012152285488338235,0.5818352583123919,0.890829808677768
sapt_lora,8,natural_vqav2,model.layers.5.self_attn.q_proj,new_adapter_unrouted,0.26466503464594654,0.7833568322582347,0.005499140098558544,0.003042082686812194,0.49456576537614716,0.8933176128358867
sapt_lora,8,natural_vqav2,model.layers.5.self_attn.v_proj,new_adapter_unrouted,0.1189058641083784,0.3632651818284219,0.0014785534405633723,0.003297937850903884,0.5888435812449955,0.9303695265259806
sapt_lora,8,natural_vqav2,model.layers.6.self_attn.q_proj,new_adapter_unrouted,0.2862665729684375,0.8007753568117174,-0.0036249252710648166,-0.0025642220898241604,0.6670228746928556,0.9259590299577467
sapt_lora,8,natural_vqav2,model.layers.6.self_attn.v_proj,new_adapter_unrouted,0.13129263572950972,0.3584244843402819,0.0018943658135970223,-0.00039771083514204196,0.7349958687691813,0.9442767797378071
sapt_lora,8,natural_vqav2,model.layers.7.self_attn.q_proj,new_adapter_unrouted,0.23872444202899773,0.7832231730269514,-0.0011900773526819113,-0.0023945173796083596,0.45865647626753603,0.8927707565091714
sapt_lora,8,natural_vqav2,model.layers.7.self_attn.v_proj,new_adapter_unrouted,0.10724545024425756,0.3681082084403669,0.0011890278958946795,-0.0005247100486870216,0.6920208148882183,0.9250724990754262
sapt_lora,8,natural_vqav2,model.layers.8.self_attn.q_proj,new_adapter_unrouted,0.25616078178512897,0.7691934478876262,-0.0010560651073323927,-0.002014526132242329,0.5808691432501947,0.8991867678242115
sapt_lora,8,natural_vqav2,model.layers.8.self_attn.v_proj,new_adapter_unrouted,0.1034871940851649,0.36266368961934276,-0.002214631304949896,-0.00034905609202734737,0.5207330563273299,0.9053770005542278
sapt_lora,8,natural_vqav2,model.layers.9.self_attn.q_proj,new_adapter_unrouted,0.186358081916852,0.7851560961655194,0.0007811137678747962,-0.0016209843169303782,0.481356245181543,0.8386642701523312
sapt_lora,8,natural_vqav2,model.layers.9.self_attn.v_proj,new_adapter_unrouted,0.0988344142515242,0.34672880638707965,-0.0029906374208920486,-0.0018595464745570708,0.5568251356740893,0.9093415299804254
sapt_lora,8,natural_vqav2,model.layers.10.self_attn.q_proj,new_adapter_unrouted,0.22972005385180813,0.788572716388128,-0.0014078681016158258,0.0013026569465928622,0.5605535582732943,0.9027792328141443
sapt_lora,8,natural_vqav2,model.layers.10.self_attn.v_proj,new_adapter_unrouted,0.11397672185053712,0.37071028407824735,-0.002444682124669354,-0.0009803664269812584,0.7156631187735497,0.9207938410528763
sapt_lora,8,natural_vqav2,model.layers.11.self_attn.q_proj,new_adapter_unrouted,0.2262642961588072,0.829178552255782,-1.6333655258740985e-05,-0.0003604092542048403,0.5724396008438637,0.8888754334422015
sapt_lora,8,natural_vqav2,model.layers.11.self_attn.v_proj,new_adapter_unrouted,0.10550945964227915,0.37620025814051283,-0.0017910616206633328,0.0018312400920272197,0.4966988327223317,0.8943877526980927
sapt_lora,8,natural_vqav2,model.layers.12.self_attn.q_proj,new_adapter_unrouted,0.2551827596178193,0.8583211209397852,0.0027783062754339442,0.0010962538856150268,0.8066924282023987,0.9343524512962853
sapt_lora,8,natural_vqav2,model.layers.12.self_attn.v_proj,new_adapter_unrouted,0.1056923811082585,0.37725779797745457,-0.002353267205756159,-0.0009420670081796048,0.5291356689689077,0.8933365318845786
sapt_lora,8,natural_vqav2,model.layers.13.self_attn.q_proj,new_adapter_unrouted,0.23868464251317142,0.8246337217051889,-0.0026077393914987527,-0.0039907813065003924,0.7353604437009905,0.9328856909961708
sapt_lora,8,natural_vqav2,model.layers.13.self_attn.v_proj,new_adapter_unrouted,0.10357134633820728,0.3829485422080301,-0.0014513320331460391,-0.001023089805804096,0.6518841254244678,0.9223517319926273
sapt_lora,8,natural_vqav2,model.layers.14.self_attn.q_proj,new_adapter_unrouted,0.20417577949859392,0.7345180981172813,0.002536479638898421,0.00462576617448105,0.6457612822447595,0.8889770454597004
sapt_lora,8,natural_vqav2,model.layers.14.self_attn.v_proj,new_adapter_unrouted,0.10088766293767842,0.36040272944585605,-0.0022910469028494785,-0.0003039455277070091,0.6652804689376681,0.922933972972323
sapt_lora,8,natural_vqav2,model.layers.15.self_attn.q_proj,new_adapter_unrouted,0.2629310614101732,0.8518297763144885,0.003582666503701339,0.0050187031745720775,0.7047737836522053,0.9301190334803844
sapt_lora,8,natural_vqav2,model.layers.15.self_attn.v_proj,new_adapter_unrouted,0.11901326079342779,0.3879312877436037,-0.0007683597624615889,0.000126861826073468,0.8461937684920204,0.9647468402352025
sapt_lora,8,natural_vqav2,model.layers.16.self_attn.q_proj,new_adapter_unrouted,0.20070419591703997,0.7681872022566653,-0.002679997535541639,0.0022886551516235914,0.7079040670150921,0.8874815406982951
sapt_lora,8,natural_vqav2,model.layers.16.self_attn.v_proj,new_adapter_unrouted,0.1110521109163556,0.3632090090781235,-0.004819585712184041,0.0004504579288668933,0.693330679383203,0.9286334590203459
sapt_lora,8,natural_vqav2,model.layers.17.self_attn.q_proj,new_adapter_unrouted,0.17693278417910716,0.7793200732186347,-0.0006558586798740876,-0.00036522265835551773,0.558997759838895,0.8863530222774813
sapt_lora,8,natural_vqav2,model.layers.17.self_attn.v_proj,new_adapter_unrouted,0.1043225208731328,0.371830578153416,-0.0012430243285027143,0.0013599387817794105,0.4874198202349957,0.8969715144434122
sapt_lora,8,natural_vqav2,model.layers.18.self_attn.q_proj,new_adapter_unrouted,0.19651778344683402,0.7430543920488457,0.0045938200414322485,0.0011747242119662744,0.6166237572353573,0.9219934102048356
sapt_lora,8,natural_vqav2,model.layers.18.self_attn.v_proj,new_adapter_unrouted,0.09621642117698695,0.36497841285827715,-0.0014985370162603402,-0.0002863649850010395,0.5608681614812193,0.9007862358965091
sapt_lora,8,natural_vqav2,model.layers.19.self_attn.q_proj,new_adapter_unrouted,0.202568928314951,0.7876639374081303,0.002050864560135268,0.0012731086725776438,0.7550313952527334,0.9034100486698623
sapt_lora,8,natural_vqav2,model.layers.19.self_attn.v_proj,new_adapter_unrouted,0.13149052290893923,0.3816371384899581,-0.0008084123054612018,0.0008227357196123732,0.8530138447448017,0.9600109441702285
sapt_lora,8,natural_vqav2,model.layers.20.self_attn.q_proj,new_adapter_unrouted,0.1256805415741804,0.7768377380966925,-0.0022965128187646816,-0.0009155716981616631,0.44201176712562495,0.8040026539075488
sapt_lora,8,natural_vqav2,model.layers.20.self_attn.v_proj,new_adapter_unrouted,0.07699391998396009,0.3677171260425271,-0.0021122903023503086,-0.0007730549214576182,0.5118534839380893,0.8684553384970679
sapt_lora,8,natural_vqav2,model.layers.21.self_attn.q_proj,new_adapter_unrouted,0.13449392382867603,0.7585101229561257,0.00031568707659711286,-0.00014819074577842605,0.45497088203922653,0.8094577835298388
sapt_lora,8,natural_vqav2,model.layers.21.self_attn.v_proj,new_adapter_unrouted,0.07950919929075718,0.3484029585022002,-0.0005532919097512946,0.0010517643686941086,0.5859644329818986,0.8857288991818045
sapt_lora,8,natural_vqav2,model.layers.22.self_attn.q_proj,new_adapter_unrouted,0.11467238624301834,0.7239564768253204,-0.000685490942976256,-0.0005377002922419611,0.35142429461950525,0.7856637376271274
sapt_lora,8,natural_vqav2,model.layers.22.self_attn.v_proj,new_adapter_unrouted,0.06293267571902564,0.34855394776343385,0.001196975342066736,0.0018513651850418115,0.4638535622653656,0.8274351340172056
sapt_lora,8,natural_vqav2,model.layers.23.self_attn.q_proj,new_adapter_unrouted,0.13103687403374126,0.7828404121702744,-0.0024254118934980925,0.0005101653270750239,0.5227911501965398,0.8482668442157805
sapt_lora,8,natural_vqav2,model.layers.23.self_attn.v_proj,new_adapter_unrouted,0.08694337604345043,0.34820675085328134,0.0016839544822125074,0.000950687988465498,0.5984968058315396,0.9373431446550504
sapt_lora,8,natural_vqav2,model.layers.24.self_attn.q_proj,new_adapter_unrouted,0.1376534781510698,0.737260008315592,-0.0011744926304443262,-0.001004796483630072,0.5192825120164848,0.8162541491434494
sapt_lora,8,natural_vqav2,model.layers.24.self_attn.v_proj,new_adapter_unrouted,0.0837158988024915,0.3635692563181991,-0.006779173485956085,-0.0005809609662675973,0.632835695457838,0.89058410194801
sapt_lora,8,natural_vqav2,model.layers.25.self_attn.q_proj,new_adapter_unrouted,0.10899476218551893,0.6930921964128154,-0.0030340120211840562,-0.00021275791315846944,0.24793774466584473,0.7570950989719788
sapt_lora,8,natural_vqav2,model.layers.25.self_attn.v_proj,new_adapter_unrouted,0.057210116060009523,0.367373067227102,0.0007460319837973239,0.0005465106744581128,0.48682114110792807,0.8676212083022324
sapt_lora,8,natural_vqav2,model.layers.26.self_attn.q_proj,new_adapter_unrouted,0.11794830358508317,0.7157432550350445,5.328570875321314e-05,-0.0005337465329414816,0.31596755167491947,0.768007660968076
sapt_lora,8,natural_vqav2,model.layers.26.self_attn.v_proj,new_adapter_unrouted,0.060766220699096485,0.3388553505245902,-0.007176639674210947,0.0015445685133124289,0.3382847044598084,0.8296855972736338
sapt_lora,8,natural_vqav2,model.layers.27.self_attn.q_proj,new_adapter_unrouted,0.120885664243041,0.8126284458017615,-0.0013512192822815001,-0.00223227939671405,0.4122573714498951,0.8189889195162957
sapt_lora,8,natural_vqav2,model.layers.27.self_attn.v_proj,new_adapter_unrouted,0.05788294636064641,0.3493589274046584,0.003904302325922211,-0.0008031688665806277,0.3464971221259202,0.8308582057226359
sapt_lora,9,medical_vqa_rad,model.layers.0.self_attn.q_proj,new_adapter_unrouted,0.24790434541211231,0.7705788083401734,0.005442333004160607,0.019900935020212823,0.4046554695463756,0.878067632140092
sapt_lora,9,medical_vqa_rad,model.layers.0.self_attn.v_proj,new_adapter_unrouted,0.11688661269240067,0.3625838016698727,0.005471524117669431,0.02186313555470375,0.38579501629344604,0.8845402384463447
sapt_lora,9,medical_vqa_rad,model.layers.1.self_attn.q_proj,new_adapter_unrouted,0.27530436699091826,0.7951599967399257,0.009834479352289342,0.027243247022803063,0.6327763429613207,0.9205571584394985
sapt_lora,9,medical_vqa_rad,model.layers.1.self_attn.v_proj,new_adapter_unrouted,0.12324546419012668,0.3593514307165182,0.007799440429557892,0.01810728672412792,0.519043361130575,0.893114749404041
sapt_lora,9,medical_vqa_rad,model.layers.2.self_attn.q_proj,new_adapter_unrouted,0.308132803687015,0.8082956737682571,0.017235688570174715,0.0469251213775104,0.7947342314475216,0.9438984788551342
sapt_lora,9,medical_vqa_rad,model.layers.2.self_attn.v_proj,new_adapter_unrouted,0.1228112234727721,0.36358731458601123,0.022519616705296047,0.05235853289682184,0.5244319791462664,0.9240020988465224
sapt_lora,9,medical_vqa_rad,model.layers.3.self_attn.q_proj,new_adapter_unrouted,0.2664271579796451,0.8475823718264165,0.006157468481416784,0.019634838959881856,0.3478722137142847,0.8963590825188518
sapt_lora,9,medical_vqa_rad,model.layers.3.self_attn.v_proj,new_adapter_unrouted,0.12060593048746378,0.3736662647694957,0.013313386334199704,0.04844957449436465,0.6508345160083407,0.9526975403701086
sapt_lora,9,medical_vqa_rad,model.layers.4.self_attn.q_proj,new_adapter_unrouted,0.2624192158059939,0.823197399262792,0.010043638008864462,0.035900615311578656,0.6527324726263889,0.9330721094174218
sapt_lora,9,medical_vqa_rad,model.layers.4.self_attn.v_proj,new_adapter_unrouted,0.11396762496083743,0.3750163760662998,0.0028216950620914096,0.010981142967674457,0.6089750154366657,0.9339241024292589
sapt_lora,9,medical_vqa_rad,model.layers.5.self_attn.q_proj,new_adapter_unrouted,0.25176991480489647,0.828236529889011,0.008467478953457397,0.030344447596044474,0.6618085121675116,0.9126739876761802
sapt_lora,9,medical_vqa_rad,model.layers.5.self_attn.v_proj,new_adapter_unrouted,0.11919909726692735,0.3823976035338101,0.010500377156297666,0.023291537070086736,0.633715339537072,0.9366412775618013
sapt_lora,9,medical_vqa_rad,model.layers.6.self_attn.q_proj,new_adapter_unrouted,0.2592414451560399,0.8494279262026719,0.007078043911479084,0.041901449794496066,0.6984771661465803,0.9408837588629524
sapt_lora,9,medical_vqa_rad,model.layers.6.self_attn.v_proj,new_adapter_unrouted,0.12581323963250055,0.3819478487708953,0.014921237478385151,0.039174167788670736,0.5274150515004874,0.9373333984599487
sapt_lora,9,medical_vqa_rad,model.layers.7.self_attn.q_proj,new_adapter_unrouted,0.21132052703522058,0.8185248131345103,0.008781052696047835,0.014905457243824543,0.43074009963694115,0.8581749539275129
sapt_lora,9,medical_vqa_rad,model.layers.7.self_attn.v_proj,new_adapter_unrouted,0.10470167748082072,0.38353503156904595,0.005757130310839358,0.014133750268151236,0.4239255945491744,0.9296040095338337
sapt_lora,9,medical_vqa_rad,model.layers.8.self_attn.q_proj,new_adapter_unrouted,0.2598180450233682,0.8104694554300895,0.01682430819843991,0.049831112932380156,0.7952738933764745,0.9518797179105325
sapt_lora,9,medical_vqa_rad,model.layers.8.self_attn.v_proj,new_adapter_unrouted,0.09853313297262613,0.37691950896966614,0.008861970597828247,0.03493595769722025,0.6636161823407588,0.9366938322013938
sapt_lora,9,medical_vqa_rad,model.layers.9.self_attn.q_proj,new_adapter_unrouted,0.18676072584315886,0.8071109065439661,0.0028274202558168865,0.01450369541811262,0.4680894508207459,0.893637355823541
sapt_lora,9,medical_vqa_rad,model.layers.9.self_attn.v_proj,new_adapter_unrouted,0.09566936143628603,0.36025565349582017,0.0034914746283659253,0.021323750457332907,0.4309105946571829,0.8815117995619108
sapt_lora,9,medical_vqa_rad,model.layers.10.self_attn.q_proj,new_adapter_unrouted,0.20703497681152472,0.8210408996132585,0.0014872320693282326,0.0020664017580640857,0.512401692573531,0.8850092488001414
sapt_lora,9,medical_vqa_rad,model.layers.10.self_attn.v_proj,new_adapter_unrouted,0.0967439922982083,0.3875696334211051,0.008893919526510108,0.036602395056417554,0.5128714187198005,0.8853970780745183
sapt_lora,9,medical_vqa_rad,model.layers.11.self_attn.q_proj,new_adapter_unrouted,0.2125288363598489,0.8594919862388035,0.010801198510011946,0.03353510645264639,0.6973884026450745,0.9215222381219662
sapt_lora,9,medical_vqa_rad,model.layers.11.self_attn.v_proj,new_adapter_unrouted,0.09307789530431883,0.3905338605116448,0.0025162425408544902,0.021675719362204852,0.6893653754688902,0.9297811882305292
sapt_lora,9,medical_vqa_rad,model.layers.12.self_attn.q_proj,new_adapter_unrouted,0.2009638583502529,0.8961308193402419,0.0029424006402837674,0.015731586295608453,0.7538518036275272,0.921056614063464
sapt_lora,9,medical_vqa_rad,model.layers.12.self_attn.v_proj,new_adapter_unrouted,0.10113647525586288,0.39154394468364956,0.012119285290342854,0.028683514836991168,0.6216179462334607,0.9078767748641302
sapt_lora,9,medical_vqa_rad,model.layers.13.self_attn.q_proj,new_adapter_unrouted,0.1766465928651606,0.8578837825661113,0.00343586252750085,0.014822452590509684,0.5303524988681897,0.8662247138446889
sapt_lora,9,medical_vqa_rad,model.layers.13.self_attn.v_proj,new_adapter_unrouted,0.09008081644312783,0.39656207945209615,0.0009160659689214852,0.00958884758385949,0.4712594706334312,0.8889660780876367
sapt_lora,9,medical_vqa_rad,model.layers.14.self_attn.q_proj,new_adapter_unrouted,0.16782430061365788,0.7628665552922883,0.0006714836919394432,0.008623729796727398,0.5440246324925092,0.8737142412410783
sapt_lora,9,medical_vqa_rad,model.layers.14.self_attn.v_proj,new_adapter_unrouted,0.10012120545743966,0.37403454670370423,0.008355042487776135,0.019467153721528876,0.6556074308475109,0.9484822723601007
sapt_lora,9,medical_vqa_rad,model.layers.15.self_attn.q_proj,new_adapter_unrouted,0.17532560038494133,0.8923853139026087,0.004910594431265003,0.017855058214859776,0.5373738836417357,0.8849124253004007
sapt_lora,9,medical_vqa_rad,model.layers.15.self_attn.v_proj,new_adapter_unrouted,0.10425547274789515,0.4056894027470577,0.005805042888303608,0.022104458347309813,0.4737330353522136,0.923692511876433
sapt_lora,9,medical_vqa_rad,model.layers.16.self_attn.q_proj,new_adapter_unrouted,0.16734653352640622,0.7934528067464,-0.00022087760949546657,0.0026141195295805854,0.42921866199364994,0.8698044079095405
sapt_lora,9,medical_vqa_rad,model.layers.16.self_attn.v_proj,new_adapter_unrouted,0.09245377716772267,0.3792948172719383,0.007007785000971057,0.027749274145846138,0.3516727600814012,0.8678723363148233
sapt_lora,9,medical_vqa_rad,model.layers.17.self_attn.q_proj,new_adapter_unrouted,0.16742945034831747,0.7990394968414889,0.002364117558412559,0.006006806007395084,0.5192783394159655,0.8991555480831279
sapt_lora,9,medical_vqa_rad,model.layers.17.self_attn.v_proj,new_adapter_unrouted,0.09410579276958997,0.38606312000750304,0.002127756395567887,0.012176874692688858,0.5482671508425899,0.9202553496505417
sapt_lora,9,medical_vqa_rad,model.layers.18.self_attn.q_proj,new_adapter_unrouted,0.18015059209931092,0.7694742875601243,0.012131682706621343,0.03171227141296335,0.4983922887697111,0.8984719980668342
sapt_lora,9,medical_vqa_rad,model.layers.18.self_attn.v_proj,new_adapter_unrouted,0.09671043076801038,0.37730835341605456,0.001666101823619297,0.015194774128152521,0.5119457813723421,0.8825255265058749
sapt_lora,9,medical_vqa_rad,model.layers.19.self_attn.q_proj,new_adapter_unrouted,0.1663296098709184,0.813697182916676,0.01083459584001655,0.03589335030991052,0.7288669793308035,0.9021845401766565
sapt_lora,9,medical_vqa_rad,model.layers.19.self_attn.v_proj,new_adapter_unrouted,0.10210867060179735,0.40355362485747326,0.0063415182169399495,0.03840882346741782,0.6992608904129655,0.9503150881220064
sapt_lora,9,medical_vqa_rad,model.layers.20.self_attn.q_proj,new_adapter_unrouted,0.15095034436884355,0.7866536958592764,5.398480602186335e-05,0.0015621914192299076,0.674506532542985,0.8946509601448073
sapt_lora,9,medical_vqa_rad,model.layers.20.self_attn.v_proj,new_adapter_unrouted,0.07499031410040914,0.37553207884985995,0.00037449241381156025,0.01584013913337631,0.4631858852336283,0.8402555548381456
sapt_lora,9,medical_vqa_rad,model.layers.21.self_attn.q_proj,new_adapter_unrouted,0.12684633975708576,0.7703834316817137,0.0018609521773659686,0.0007106373779082731,0.4144659204700131,0.8206051238874821
sapt_lora,9,medical_vqa_rad,model.layers.21.self_attn.v_proj,new_adapter_unrouted,0.07696255608580749,0.35731733867906573,-0.005135118033147342,-0.016149784126197813,0.7611335478255598,0.9417305196901451
sapt_lora,9,medical_vqa_rad,model.layers.22.self_attn.q_proj,new_adapter_unrouted,0.11091052714797277,0.7329044416436876,0.0010705054125260906,0.003664411840488694,0.33199562648396047,0.7842011131424141
sapt_lora,9,medical_vqa_rad,model.layers.22.self_attn.v_proj,new_adapter_unrouted,0.07667046714059132,0.35426386849130803,0.00058125668348202,-0.0064619726424554975,0.8115107224042962,0.9450020729485082
sapt_lora,9,medical_vqa_rad,model.layers.23.self_attn.q_proj,new_adapter_unrouted,0.10918013563227134,0.7934180304986015,0.0003554711068917748,0.004315690649806449,0.39762659452345545,0.8239337658390198
sapt_lora,9,medical_vqa_rad,model.layers.23.self_attn.v_proj,new_adapter_unrouted,0.08668170734005262,0.35903906885542974,-0.0005201494996696255,0.00850715737237654,0.6496426226578813,0.9486421120084405
sapt_lora,9,medical_vqa_rad,model.layers.24.self_attn.q_proj,new_adapter_unrouted,0.12637337191691497,0.7498415898310582,0.000674836948364335,-0.0013619949026335873,0.45899485422514547,0.8528318793526657
sapt_lora,9,medical_vqa_rad,model.layers.24.self_attn.v_proj,new_adapter_unrouted,0.07792510989250068,0.37252957850008,0.00023303573874686035,0.0013999667082364648,0.5203025920567526,0.9070320242504036
sapt_lora,9,medical_vqa_rad,model.layers.25.self_attn.q_proj,new_adapter_unrouted,0.10491809687281552,0.7012832891412369,0.0037398136649159906,6.0957310271415296e-05,0.3734258795340874,0.7889505917720728
sapt_lora,9,medical_vqa_rad,model.layers.25.self_attn.v_proj,new_adapter_unrouted,0.06842342490582298,0.37184314877641383,0.0005891118289844151,0.001794216695081926,0.5893809496187984,0.9246002168102658
sapt_lora,9,medical_vqa_rad,model.layers.26.self_attn.q_proj,new_adapter_unrouted,0.1294873078948724,0.7254027889943054,0.0003671548565900163,0.006350119760439853,0.5584463899819478,0.869343431710124
sapt_lora,9,medical_vqa_rad,model.layers.26.self_attn.v_proj,new_adapter_unrouted,0.06824531328678571,0.34383125857082764,0.005114021942839886,0.013938375440621162,0.5583981071720695,0.8703727697795978
sapt_lora,9,medical_vqa_rad,model.layers.27.self_attn.q_proj,new_adapter_unrouted,0.13561295090040074,0.8214090700396712,-0.002396792189725019,0.0031406386546474563,0.5566625250744481,0.8738778310821311
sapt_lora,9,medical_vqa_rad,model.layers.27.self_attn.v_proj,new_adapter_unrouted,0.07508754046015705,0.3543444660876933,-0.00331489885409525,-0.006103372624783942,0.6198999786435655,0.9125600915660949
