task,split,image,width,height,mode,processed_width,processed_height,merged_visual_tokens,retained_pixel_area_ratio
natural_vqav2,train,natural/vqav2/images/COCO_train2014_000000428011.jpg,640,640,RGB,308,308,121,0.2316015625
natural_vqav2,train,natural/vqav2/images/COCO_train2014_000000200680.jpg,640,480,RGB,364,252,117,0.29859375
natural_vqav2,train,natural/vqav2/images/COCO_train2014_000000244635.jpg,640,426,RGB,364,252,117,0.336443661971831
natural_vqav2,train,natural/vqav2/images/COCO_train2014_000000299134.jpg,500,333,RGB,364,252,117,0.5509189189189189
natural_vqav2,train,natural/vqav2/images/COCO_train2014_000000273106.jpg,640,427,RGB,364,252,117,0.335655737704918
natural_vqav2,train,natural/vqav2/images/COCO_train2014_000000180327.jpg,640,480,RGB,364,252,117,0.29859375
natural_vqav2,train,natural/vqav2/images/COCO_train2014_000000571199.jpg,500,339,RGB,364,252,117,0.5411681415929204
natural_vqav2,train,natural/vqav2/images/COCO_train2014_000000238568.jpg,459,640,RGB,252,364,117,0.3122549019607843
natural_vqav2,train,natural/vqav2/images/COCO_train2014_000000531385.jpg,640,424,RGB,364,252,117,0.3380306603773585
natural_vqav2,train,natural/vqav2/images/COCO_train2014_000000043933.jpg,640,424,RGB,364,252,117,0.3380306603773585
natural_vqav2,train,natural/vqav2/images/COCO_train2014_000000343770.jpg,640,425,RGB,364,252,117,0.3372352941176471
natural_vqav2,train,natural/vqav2/images/COCO_train2014_000000295398.jpg,640,473,RGB,364,252,117,0.3030126849894292
natural_vqav2,train,natural/vqav2/images/COCO_train2014_000000521533.jpg,500,333,RGB,364,252,117,0.5509189189189189
natural_vqav2,train,natural/vqav2/images/COCO_train2014_000000425341.jpg,612,612,RGB,308,308,121,0.25327865350933404
natural_vqav2,train,natural/vqav2/images/COCO_train2014_000000021983.jpg,640,427,RGB,364,252,117,0.335655737704918
natural_vqav2,train,natural/vqav2/images/COCO_train2014_000000151482.jpg,500,334,RGB,364,252,117,0.5492694610778444
natural_vqav2,train,natural/vqav2/images/COCO_train2014_000000264337.jpg,427,640,RGB,252,364,117,0.335655737704918
natural_vqav2,train,natural/vqav2/images/COCO_train2014_000000440938.jpg,640,480,RGB,364,252,117,0.29859375
natural_vqav2,train,natural/vqav2/images/COCO_train2014_000000175600.jpg,480,640,RGB,252,364,117,0.29859375
natural_vqav2,train,natural/vqav2/images/COCO_train2014_000000489724.jpg,333,500,RGB,252,364,117,0.5509189189189189
natural_vqav2,train,natural/vqav2/images/COCO_train2014_000000028154.jpg,480,640,RGB,252,364,117,0.29859375
natural_vqav2,train,natural/vqav2/images/COCO_train2014_000000549773.jpg,500,370,RGB,364,252,117,0.495827027027027
natural_vqav2,train,natural/vqav2/images/COCO_train2014_000000338367.jpg,375,500,RGB,252,364,117,0.489216
natural_vqav2,train,natural/vqav2/images/COCO_train2014_000000390243.jpg,455,640,RGB,252,364,117,0.315
natural_vqav2,train,natural/vqav2/images/COCO_train2014_000000268586.jpg,640,403,RGB,392,224,112,0.3404466501240695
natural_vqav2,train,natural/vqav2/images/COCO_train2014_000000504868.jpg,428,640,RGB,252,364,117,0.3348714953271028
natural_vqav2,train,natural/vqav2/images/COCO_train2014_000000577022.jpg,640,360,RGB,420,224,120,0.4083333333333333
natural_vqav2,train,natural/vqav2/images/COCO_train2014_000000172370.jpg,640,427,RGB,364,252,117,0.335655737704918
natural_vqav2,train,natural/vqav2/images/COCO_train2014_000000104304.jpg,480,640,RGB,252,364,117,0.29859375
natural_vqav2,train,natural/vqav2/images/COCO_train2014_000000430940.jpg,479,640,RGB,252,364,117,0.2992171189979123
natural_vqav2,train,natural/vqav2/images/COCO_train2014_000000233210.jpg,640,414,RGB,392,252,126,0.37282608695652175
natural_vqav2,train,natural/vqav2/images/COCO_train2014_000000195949.jpg,640,480,RGB,364,252,117,0.29859375
natural_vqav2,train,natural/vqav2/images/COCO_train2014_000000446383.jpg,640,427,RGB,364,252,117,0.335655737704918
natural_vqav2,train,natural/vqav2/images/COCO_train2014_000000521806.jpg,480,640,RGB,252,364,117,0.29859375
natural_vqav2,train,natural/vqav2/images/COCO_train2014_000000134271.jpg,640,480,RGB,364,252,117,0.29859375
natural_vqav2,train,natural/vqav2/images/COCO_train2014_000000516948.jpg,640,427,RGB,364,252,117,0.335655737704918
natural_vqav2,train,natural/vqav2/images/COCO_train2014_000000502670.jpg,480,640,RGB,252,364,117,0.29859375
natural_vqav2,train,natural/vqav2/images/COCO_train2014_000000379732.jpg,640,483,RGB,364,252,117,0.2967391304347826
natural_vqav2,train,natural/vqav2/images/COCO_train2014_000000322327.jpg,640,480,RGB,364,252,117,0.29859375
natural_vqav2,train,natural/vqav2/images/COCO_train2014_000000200442.jpg,640,413,RGB,392,252,126,0.373728813559322
natural_vqav2,train,natural/vqav2/images/COCO_train2014_000000325080.jpg,333,500,RGB,252,364,117,0.5509189189189189
natural_vqav2,train,natural/vqav2/images/COCO_train2014_000000123722.jpg,480,640,RGB,252,364,117,0.29859375
natural_vqav2,train,natural/vqav2/images/COCO_train2014_000000528541.jpg,427,640,RGB,252,364,117,0.335655737704918
natural_vqav2,train,natural/vqav2/images/COCO_train2014_000000153639.jpg,612,612,RGB,308,308,121,0.25327865350933404
natural_vqav2,train,natural/vqav2/images/COCO_train2014_000000449577.jpg,640,243,RGB,504,168,108,0.5444444444444444
natural_vqav2,train,natural/vqav2/images/COCO_train2014_000000070714.jpg,375,500,RGB,252,364,117,0.489216
natural_vqav2,train,natural/vqav2/images/COCO_train2014_000000260445.jpg,640,480,RGB,364,252,117,0.29859375
natural_vqav2,train,natural/vqav2/images/COCO_train2014_000000456422.jpg,426,640,RGB,252,364,117,0.336443661971831
natural_vqav2,train,natural/vqav2/images/COCO_train2014_000000021685.jpg,640,596,RGB,308,280,110,0.22609060402684564
natural_vqav2,train,natural/vqav2/images/COCO_train2014_000000374325.jpg,334,500,RGB,252,364,117,0.5492694610778444
natural_vqav2,train,natural/vqav2/images/COCO_train2014_000000340217.jpg,640,480,RGB,364,252,117,0.29859375
natural_vqav2,train,natural/vqav2/images/COCO_train2014_000000371773.jpg,500,338,RGB,364,252,117,0.5427692307692308
natural_vqav2,train,natural/vqav2/images/COCO_train2014_000000318476.jpg,640,480,RGB,364,252,117,0.29859375
natural_vqav2,train,natural/vqav2/images/COCO_train2014_000000343268.jpg,427,640,RGB,252,364,117,0.335655737704918
natural_vqav2,train,natural/vqav2/images/COCO_train2014_000000442322.jpg,640,425,RGB,364,252,117,0.3372352941176471
natural_vqav2,train,natural/vqav2/images/COCO_train2014_000000061606.jpg,640,479,RGB,364,252,117,0.2992171189979123
natural_vqav2,train,natural/vqav2/images/COCO_train2014_000000354298.jpg,640,480,RGB,364,252,117,0.29859375
natural_vqav2,train,natural/vqav2/images/COCO_train2014_000000104935.jpg,640,427,RGB,364,252,117,0.335655737704918
natural_vqav2,train,natural/vqav2/images/COCO_train2014_000000411745.jpg,640,480,RGB,364,252,117,0.29859375
natural_vqav2,train,natural/vqav2/images/COCO_train2014_000000198042.jpg,640,427,RGB,364,252,117,0.335655737704918
natural_vqav2,train,natural/vqav2/images/COCO_train2014_000000457276.jpg,640,426,RGB,364,252,117,0.336443661971831
natural_vqav2,train,natural/vqav2/images/COCO_train2014_000000490317.jpg,480,640,RGB,252,364,117,0.29859375
natural_vqav2,train,natural/vqav2/images/COCO_train2014_000000034356.jpg,640,544,RGB,336,280,120,0.2702205882352941
natural_vqav2,train,natural/vqav2/images/COCO_train2014_000000573553.jpg,640,426,RGB,364,252,117,0.336443661971831
natural_vqav2,train,natural/vqav2/images/COCO_train2014_000000400858.jpg,500,333,RGB,364,252,117,0.5509189189189189
natural_vqav2,train,natural/vqav2/images/COCO_train2014_000000165062.jpg,640,425,RGB,364,252,117,0.3372352941176471
natural_vqav2,train,natural/vqav2/images/COCO_train2014_000000478902.jpg,480,640,RGB,252,364,117,0.29859375
natural_vqav2,train,natural/vqav2/images/COCO_train2014_000000246026.jpg,640,247,RGB,504,196,126,0.6248987854251012
natural_vqav2,train,natural/vqav2/images/COCO_train2014_000000082904.jpg,640,426,RGB,364,252,117,0.336443661971831
natural_vqav2,train,natural/vqav2/images/COCO_train2014_000000336762.jpg,500,375,RGB,364,252,117,0.489216
natural_vqav2,train,natural/vqav2/images/COCO_train2014_000000492973.jpg,640,427,RGB,364,252,117,0.335655737704918
natural_vqav2,train,natural/vqav2/images/COCO_train2014_000000242298.jpg,640,480,RGB,364,252,117,0.29859375
natural_vqav2,train,natural/vqav2/images/COCO_train2014_000000136971.jpg,480,640,RGB,252,364,117,0.29859375
natural_vqav2,train,natural/vqav2/images/COCO_train2014_000000298189.jpg,612,612,RGB,308,308,121,0.25327865350933404
natural_vqav2,train,natural/vqav2/images/COCO_train2014_000000397203.jpg,640,482,RGB,364,252,117,0.29735477178423236
natural_vqav2,train,natural/vqav2/images/COCO_train2014_000000111754.jpg,640,427,RGB,364,252,117,0.335655737704918
natural_vqav2,train,natural/vqav2/images/COCO_train2014_000000094863.jpg,640,537,RGB,336,280,120,0.2737430167597765
natural_vqav2,train,natural/vqav2/images/COCO_train2014_000000540656.jpg,608,640,RGB,308,308,121,0.24379111842105264
natural_vqav2,train,natural/vqav2/images/COCO_train2014_000000232663.jpg,480,640,RGB,252,364,117,0.29859375
natural_vqav2,train,natural/vqav2/images/COCO_train2014_000000052626.jpg,640,480,RGB,364,252,117,0.29859375
natural_vqav2,train,natural/vqav2/images/COCO_train2014_000000413222.jpg,640,480,RGB,364,252,117,0.29859375
natural_vqav2,train,natural/vqav2/images/COCO_train2014_000000423734.jpg,640,427,RGB,364,252,117,0.335655737704918
natural_vqav2,train,natural/vqav2/images/COCO_train2014_000000336474.jpg,640,427,RGB,364,252,117,0.335655737704918
natural_vqav2,train,natural/vqav2/images/COCO_train2014_000000398488.jpg,500,334,RGB,364,252,117,0.5492694610778444
natural_vqav2,train,natural/vqav2/images/COCO_train2014_000000490612.jpg,425,640,RGB,252,364,117,0.3372352941176471
natural_vqav2,train,natural/vqav2/images/COCO_train2014_000000409591.jpg,427,640,RGB,252,364,117,0.335655737704918
natural_vqav2,train,natural/vqav2/images/COCO_train2014_000000048937.jpg,640,425,RGB,364,252,117,0.3372352941176471
natural_vqav2,train,natural/vqav2/images/COCO_train2014_000000252214.jpg,612,612,RGB,308,308,121,0.25327865350933404
natural_vqav2,train,natural/vqav2/images/COCO_train2014_000000136493.jpg,640,427,RGB,364,252,117,0.335655737704918
natural_vqav2,train,natural/vqav2/images/COCO_train2014_000000221880.jpg,640,480,RGB,364,252,117,0.29859375
natural_vqav2,train,natural/vqav2/images/COCO_train2014_000000499179.jpg,640,480,RGB,364,252,117,0.29859375
natural_vqav2,train,natural/vqav2/images/COCO_train2014_000000300965.jpg,640,480,RGB,364,252,117,0.29859375
natural_vqav2,train,natural/vqav2/images/COCO_train2014_000000144620.jpg,640,427,RGB,364,252,117,0.335655737704918
natural_vqav2,train,natural/vqav2/images/COCO_train2014_000000120601.jpg,640,315,RGB,448,196,112,0.43555555555555553
natural_vqav2,train,natural/vqav2/images/COCO_train2014_000000435554.jpg,640,480,RGB,364,252,117,0.29859375
natural_vqav2,train,natural/vqav2/images/COCO_train2014_000000477580.jpg,640,425,RGB,364,252,117,0.3372352941176471
natural_vqav2,train,natural/vqav2/images/COCO_train2014_000000295257.jpg,640,480,RGB,364,252,117,0.29859375
natural_vqav2,train,natural/vqav2/images/COCO_train2014_000000353607.jpg,640,480,RGB,364,252,117,0.29859375
natural_vqav2,train,natural/vqav2/images/COCO_train2014_000000089044.jpg,640,425,RGB,364,252,117,0.3372352941176471
natural_vqav2,train,natural/vqav2/images/COCO_train2014_000000464692.jpg,375,500,RGB,252,364,117,0.489216
natural_vqav2,train,natural/vqav2/images/COCO_train2014_000000246729.jpg,640,427,RGB,364,252,117,0.335655737704918
natural_vqav2,train,natural/vqav2/images/COCO_train2014_000000157107.jpg,480,272,RGB,420,224,120,0.7205882352941176
natural_vqav2,train,natural/vqav2/images/COCO_train2014_000000450806.jpg,500,281,RGB,420,224,120,0.6696085409252669
natural_vqav2,train,natural/vqav2/images/COCO_train2014_000000571448.jpg,500,333,RGB,364,252,117,0.5509189189189189
natural_vqav2,train,natural/vqav2/images/COCO_train2014_000000503637.jpg,426,640,RGB,252,364,117,0.336443661971831
natural_vqav2,train,natural/vqav2/images/COCO_train2014_000000335653.jpg,640,480,RGB,364,252,117,0.29859375
natural_vqav2,train,natural/vqav2/images/COCO_train2014_000000151405.jpg,640,466,RGB,364,252,117,0.3075643776824034
natural_vqav2,train,natural/vqav2/images/COCO_train2014_000000202842.jpg,480,640,RGB,252,364,117,0.29859375
natural_vqav2,train,natural/vqav2/images/COCO_train2014_000000039155.jpg,640,440,RGB,364,252,117,0.32573863636363637
natural_vqav2,train,natural/vqav2/images/COCO_train2014_000000459673.jpg,640,425,RGB,364,252,117,0.3372352941176471
natural_vqav2,train,natural/vqav2/images/COCO_train2014_000000168533.jpg,500,375,RGB,364,252,117,0.489216
natural_vqav2,train,natural/vqav2/images/COCO_train2014_000000000927.jpg,612,612,RGB,308,308,121,0.25327865350933404
natural_vqav2,train,natural/vqav2/images/COCO_train2014_000000012614.jpg,640,640,RGB,308,308,121,0.2316015625
natural_vqav2,train,natural/vqav2/images/COCO_train2014_000000355638.jpg,609,640,RGB,308,308,121,0.24339080459770115
natural_vqav2,train,natural/vqav2/images/COCO_train2014_000000579589.jpg,500,395,RGB,336,280,120,0.47635443037974684
natural_vqav2,train,natural/vqav2/images/COCO_train2014_000000258108.jpg,640,426,RGB,364,252,117,0.336443661971831
natural_vqav2,train,natural/vqav2/images/COCO_train2014_000000467727.jpg,640,424,RGB,364,252,117,0.3380306603773585
natural_vqav2,train,natural/vqav2/images/COCO_train2014_000000299444.jpg,480,640,RGB,252,364,117,0.29859375
natural_vqav2,train,natural/vqav2/images/COCO_train2014_000000115707.jpg,360,640,RGB,224,420,120,0.4083333333333333
natural_vqav2,train,natural/vqav2/images/COCO_train2014_000000073511.jpg,640,482,RGB,364,252,117,0.29735477178423236
natural_vqav2,train,natural/vqav2/images/COCO_train2014_000000162193.jpg,640,328,RGB,420,224,120,0.4481707317073171
natural_vqav2,train,natural/vqav2/images/COCO_train2014_000000200132.jpg,640,427,RGB,364,252,117,0.335655737704918
natural_vqav2,train,natural/vqav2/images/COCO_train2014_000000134590.jpg,597,400,RGB,364,252,117,0.3841206030150754
natural_vqav2,train,natural/vqav2/images/COCO_train2014_000000347796.jpg,541,640,RGB,280,336,120,0.27171903881700554
natural_vqav2,train,natural/vqav2/images/COCO_train2014_000000344146.jpg,640,480,RGB,364,252,117,0.29859375
natural_vqav2,train,natural/vqav2/images/COCO_train2014_000000445785.jpg,640,431,RGB,364,252,117,0.33254060324825985
natural_vqav2,train,natural/vqav2/images/COCO_train2014_000000514191.jpg,640,480,RGB,364,252,117,0.29859375
natural_vqav2,train,natural/vqav2/images/COCO_train2014_000000517455.jpg,640,413,RGB,392,252,126,0.373728813559322
natural_vqav2,train,natural/vqav2/images/COCO_train2014_000000218802.jpg,612,612,RGB,308,308,121,0.25327865350933404
natural_vqav2,train,natural/vqav2/images/COCO_train2014_000000464238.jpg,640,480,RGB,364,252,117,0.29859375
natural_vqav2,train,natural/vqav2/images/COCO_train2014_000000336350.jpg,640,478,RGB,364,252,117,0.2998430962343096
natural_vqav2,train,natural/vqav2/images/COCO_train2014_000000529824.jpg,640,499,RGB,336,252,108,0.2651302605210421
natural_vqav2,train,natural/vqav2/images/COCO_train2014_000000553446.jpg,640,480,RGB,364,252,117,0.29859375
natural_vqav2,train,natural/vqav2/images/COCO_train2014_000000437849.jpg,640,480,RGB,364,252,117,0.29859375
natural_vqav2,train,natural/vqav2/images/COCO_train2014_000000131075.jpg,478,640,RGB,252,364,117,0.2998430962343096
natural_vqav2,train,natural/vqav2/images/COCO_train2014_000000078225.jpg,398,500,RGB,280,336,120,0.4727638190954774
natural_vqav2,train,natural/vqav2/images/COCO_train2014_000000542402.jpg,640,426,RGB,364,252,117,0.336443661971831
natural_vqav2,train,natural/vqav2/images/COCO_train2014_000000024923.jpg,500,332,RGB,364,252,117,0.5525783132530121
natural_vqav2,train,natural/vqav2/images/COCO_train2014_000000348907.jpg,640,423,RGB,364,252,117,0.33882978723404256
natural_vqav2,train,natural/vqav2/images/COCO_train2014_000000485937.jpg,640,426,RGB,364,252,117,0.336443661971831
natural_vqav2,train,natural/vqav2/images/COCO_train2014_000000251016.jpg,640,403,RGB,392,224,112,0.3404466501240695
natural_vqav2,train,natural/vqav2/images/COCO_train2014_000000572998.jpg,640,427,RGB,364,252,117,0.335655737704918
natural_vqav2,train,natural/vqav2/images/COCO_train2014_000000093219.jpg,424,640,RGB,252,364,117,0.3380306603773585
natural_vqav2,train,natural/vqav2/images/COCO_train2014_000000127103.jpg,426,640,RGB,252,364,117,0.336443661971831
natural_vqav2,train,natural/vqav2/images/COCO_train2014_000000534107.jpg,640,427,RGB,364,252,117,0.335655737704918
natural_vqav2,train,natural/vqav2/images/COCO_train2014_000000480851.jpg,640,427,RGB,364,252,117,0.335655737704918
natural_vqav2,train,natural/vqav2/images/COCO_train2014_000000084689.jpg,640,426,RGB,364,252,117,0.336443661971831
natural_vqav2,train,natural/vqav2/images/COCO_train2014_000000358081.jpg,640,389,RGB,392,224,112,0.3526992287917738
natural_vqav2,train,natural/vqav2/images/COCO_train2014_000000032986.jpg,410,270,RGB,364,252,117,0.8286178861788618
natural_vqav2,train,natural/vqav2/images/COCO_train2014_000000255500.jpg,640,480,RGB,364,252,117,0.29859375
natural_vqav2,train,natural/vqav2/images/COCO_train2014_000000214876.jpg,640,329,RGB,420,224,120,0.44680851063829785
natural_vqav2,train,natural/vqav2/images/COCO_train2014_000000215436.jpg,375,500,RGB,252,364,117,0.489216
natural_vqav2,train,natural/vqav2/images/COCO_train2014_000000459841.jpg,478,640,RGB,252,364,117,0.2998430962343096
natural_vqav2,train,natural/vqav2/images/COCO_train2014_000000234319.jpg,640,480,RGB,364,252,117,0.29859375
natural_vqav2,train,natural/vqav2/images/COCO_train2014_000000263970.jpg,640,480,RGB,364,252,117,0.29859375
natural_vqav2,train,natural/vqav2/images/COCO_train2014_000000326719.jpg,640,480,RGB,364,252,117,0.29859375
natural_vqav2,train,natural/vqav2/images/COCO_train2014_000000432460.jpg,640,502,RGB,336,280,120,0.29282868525896416
natural_vqav2,train,natural/vqav2/images/COCO_train2014_000000151722.jpg,640,424,RGB,364,252,117,0.3380306603773585
natural_vqav2,train,natural/vqav2/images/COCO_train2014_000000402245.jpg,640,427,RGB,364,252,117,0.335655737704918
natural_vqav2,train,natural/vqav2/images/COCO_train2014_000000057579.jpg,640,427,RGB,364,252,117,0.335655737704918
natural_vqav2,train,natural/vqav2/images/COCO_train2014_000000500323.jpg,640,563,RGB,336,280,120,0.261101243339254
natural_vqav2,train,natural/vqav2/images/COCO_train2014_000000503943.jpg,500,375,RGB,364,252,117,0.489216
natural_vqav2,train,natural/vqav2/images/COCO_train2014_000000235351.jpg,480,640,RGB,252,364,117,0.29859375
natural_vqav2,train,natural/vqav2/images/COCO_train2014_000000183293.jpg,480,640,RGB,252,364,117,0.29859375
natural_vqav2,train,natural/vqav2/images/COCO_train2014_000000550572.jpg,500,423,RGB,336,280,120,0.444822695035461
natural_vqav2,train,natural/vqav2/images/COCO_train2014_000000222245.jpg,640,478,RGB,364,252,117,0.2998430962343096
natural_vqav2,train,natural/vqav2/images/COCO_train2014_000000267950.jpg,640,480,RGB,364,252,117,0.29859375
natural_vqav2,train,natural/vqav2/images/COCO_train2014_000000340622.jpg,640,480,RGB,364,252,117,0.29859375
natural_vqav2,train,natural/vqav2/images/COCO_train2014_000000270163.jpg,384,512,RGB,252,364,117,0.466552734375
natural_vqav2,train,natural/vqav2/images/COCO_train2014_000000286386.jpg,640,425,RGB,364,252,117,0.3372352941176471
natural_vqav2,train,natural/vqav2/images/COCO_train2014_000000388533.jpg,500,333,RGB,364,252,117,0.5509189189189189
natural_vqav2,train,natural/vqav2/images/COCO_train2014_000000148525.jpg,444,500,RGB,280,336,120,0.4237837837837838
natural_vqav2,train,natural/vqav2/images/COCO_train2014_000000149060.jpg,640,359,RGB,420,224,120,0.40947075208913647
natural_vqav2,train,natural/vqav2/images/COCO_train2014_000000220033.jpg,500,333,RGB,364,252,117,0.5509189189189189
natural_vqav2,train,natural/vqav2/images/COCO_train2014_000000328189.jpg,640,426,RGB,364,252,117,0.336443661971831
natural_vqav2,train,natural/vqav2/images/COCO_train2014_000000279089.jpg,640,634,RGB,308,308,121,0.23379337539432177
natural_vqav2,train,natural/vqav2/images/COCO_train2014_000000031079.jpg,640,427,RGB,364,252,117,0.335655737704918
natural_vqav2,train,natural/vqav2/images/COCO_train2014_000000572575.jpg,640,480,RGB,364,252,117,0.29859375
natural_vqav2,train,natural/vqav2/images/COCO_train2014_000000294667.jpg,640,427,RGB,364,252,117,0.335655737704918
natural_vqav2,train,natural/vqav2/images/COCO_train2014_000000257308.jpg,640,522,RGB,336,280,120,0.28160919540229884
natural_vqav2,train,natural/vqav2/images/COCO_train2014_000000258544.jpg,424,640,RGB,252,364,117,0.3380306603773585
natural_vqav2,train,natural/vqav2/images/COCO_train2014_000000288397.jpg,640,498,RGB,336,252,108,0.2656626506024096
natural_vqav2,train,natural/vqav2/images/COCO_train2014_000000496509.jpg,500,333,RGB,364,252,117,0.5509189189189189
natural_vqav2,train,natural/vqav2/images/COCO_train2014_000000403999.jpg,640,480,RGB,364,252,117,0.29859375
natural_vqav2,train,natural/vqav2/images/COCO_train2014_000000063492.jpg,640,415,RGB,392,252,126,0.3719277108433735
natural_vqav2,train,natural/vqav2/images/COCO_train2014_000000567065.jpg,640,427,RGB,364,252,117,0.335655737704918
natural_vqav2,train,natural/vqav2/images/COCO_train2014_000000134769.jpg,640,478,RGB,364,252,117,0.2998430962343096
natural_vqav2,train,natural/vqav2/images/COCO_train2014_000000387356.jpg,640,409,RGB,392,252,126,0.3773838630806846
natural_vqav2,train,natural/vqav2/images/COCO_train2014_000000465294.jpg,640,488,RGB,336,252,108,0.2711065573770492
natural_vqav2,train,natural/vqav2/images/COCO_train2014_000000471658.jpg,425,640,RGB,252,364,117,0.3372352941176471
natural_vqav2,train,natural/vqav2/images/COCO_train2014_000000142269.jpg,480,640,RGB,252,364,117,0.29859375
natural_vqav2,train,natural/vqav2/images/COCO_train2014_000000565091.jpg,500,366,RGB,364,252,117,0.5012459016393442
natural_vqav2,train,natural/vqav2/images/COCO_train2014_000000564153.jpg,640,427,RGB,364,252,117,0.335655737704918
natural_vqav2,train,natural/vqav2/images/COCO_train2014_000000171566.jpg,500,332,RGB,364,252,117,0.5525783132530121
natural_vqav2,train,natural/vqav2/images/COCO_train2014_000000342523.jpg,500,357,RGB,364,252,117,0.5138823529411765
natural_vqav2,train,natural/vqav2/images/COCO_train2014_000000088663.jpg,640,466,RGB,364,252,117,0.3075643776824034
natural_vqav2,train,natural/vqav2/images/COCO_train2014_000000565149.jpg,457,640,RGB,252,364,117,0.31362144420131294
natural_vqav2,train,natural/vqav2/images/COCO_train2014_000000236422.jpg,640,426,RGB,364,252,117,0.336443661971831
natural_vqav2,train,natural/vqav2/images/COCO_train2014_000000508723.jpg,640,480,RGB,364,252,117,0.29859375
natural_vqav2,train,natural/vqav2/images/COCO_train2014_000000222444.jpg,500,375,RGB,364,252,117,0.489216
natural_vqav2,train,natural/vqav2/images/COCO_train2014_000000339454.jpg,640,427,RGB,364,252,117,0.335655737704918
natural_vqav2,train,natural/vqav2/images/COCO_train2014_000000129462.jpg,640,428,RGB,364,252,117,0.3348714953271028
natural_vqav2,train,natural/vqav2/images/COCO_train2014_000000425254.jpg,640,426,RGB,364,252,117,0.336443661971831
natural_vqav2,train,natural/vqav2/images/COCO_train2014_000000294823.jpg,480,640,RGB,252,364,117,0.29859375
natural_vqav2,train,natural/vqav2/images/COCO_train2014_000000420594.jpg,383,640,RGB,224,392,112,0.35822454308093993
natural_vqav2,train,natural/vqav2/images/COCO_train2014_000000202767.jpg,640,480,RGB,364,252,117,0.29859375
natural_vqav2,train,natural/vqav2/images/COCO_train2014_000000025103.jpg,480,640,RGB,252,364,117,0.29859375
natural_vqav2,train,natural/vqav2/images/COCO_train2014_000000040583.jpg,640,480,RGB,364,252,117,0.29859375
natural_vqav2,train,natural/vqav2/images/COCO_train2014_000000554217.jpg,640,480,RGB,364,252,117,0.29859375
natural_vqav2,train,natural/vqav2/images/COCO_train2014_000000422661.jpg,640,480,RGB,364,252,117,0.29859375
natural_vqav2,train,natural/vqav2/images/COCO_train2014_000000398087.jpg,500,375,RGB,364,252,117,0.489216
natural_vqav2,train,natural/vqav2/images/COCO_train2014_000000022309.jpg,421,640,RGB,252,364,117,0.3404394299287411
natural_vqav2,train,natural/vqav2/images/COCO_train2014_000000139152.jpg,640,426,RGB,364,252,117,0.336443661971831
natural_vqav2,train,natural/vqav2/images/COCO_train2014_000000073835.jpg,480,640,RGB,252,364,117,0.29859375
natural_vqav2,train,natural/vqav2/images/COCO_train2014_000000007721.jpg,428,640,RGB,252,364,117,0.3348714953271028
natural_vqav2,train,natural/vqav2/images/COCO_train2014_000000431426.jpg,640,428,RGB,364,252,117,0.3348714953271028
natural_vqav2,train,natural/vqav2/images/COCO_train2014_000000178275.jpg,640,427,RGB,364,252,117,0.335655737704918
natural_vqav2,train,natural/vqav2/images/COCO_train2014_000000189159.jpg,640,426,RGB,364,252,117,0.336443661971831
natural_vqav2,train,natural/vqav2/images/COCO_train2014_000000192867.jpg,640,427,RGB,364,252,117,0.335655737704918
natural_vqav2,train,natural/vqav2/images/COCO_train2014_000000057702.jpg,480,360,RGB,364,252,117,0.5308333333333334
natural_vqav2,train,natural/vqav2/images/COCO_train2014_000000026041.jpg,640,426,RGB,364,252,117,0.336443661971831
natural_vqav2,train,natural/vqav2/images/COCO_train2014_000000439288.jpg,480,640,RGB,252,364,117,0.29859375
natural_vqav2,train,natural/vqav2/images/COCO_train2014_000000122834.jpg,640,480,RGB,364,252,117,0.29859375
natural_vqav2,train,natural/vqav2/images/COCO_train2014_000000283181.jpg,640,427,RGB,364,252,117,0.335655737704918
natural_vqav2,train,natural/vqav2/images/COCO_train2014_000000040884.jpg,640,480,RGB,364,252,117,0.29859375
natural_vqav2,train,natural/vqav2/images/COCO_train2014_000000281227.jpg,640,480,RGB,364,252,117,0.29859375
natural_vqav2,train,natural/vqav2/images/COCO_train2014_000000374028.jpg,480,640,RGB,252,364,117,0.29859375
natural_vqav2,train,natural/vqav2/images/COCO_train2014_000000342185.jpg,640,427,RGB,364,252,117,0.335655737704918
natural_vqav2,train,natural/vqav2/images/COCO_train2014_000000344876.jpg,640,560,RGB,336,280,120,0.2625
natural_vqav2,train,natural/vqav2/images/COCO_train2014_000000022256.jpg,428,640,RGB,252,364,117,0.3348714953271028
natural_vqav2,train,natural/vqav2/images/COCO_train2014_000000342963.jpg,500,254,RGB,420,224,120,0.7407874015748032
natural_vqav2,train,natural/vqav2/images/COCO_train2014_000000016531.jpg,640,427,RGB,364,252,117,0.335655737704918
natural_vqav2,train,natural/vqav2/images/COCO_train2014_000000013332.jpg,640,480,RGB,364,252,117,0.29859375
natural_vqav2,train,natural/vqav2/images/COCO_train2014_000000511393.jpg,640,427,RGB,364,252,117,0.335655737704918
natural_vqav2,train,natural/vqav2/images/COCO_train2014_000000278100.jpg,640,427,RGB,364,252,117,0.335655737704918
natural_vqav2,train,natural/vqav2/images/COCO_train2014_000000305686.jpg,640,480,RGB,364,252,117,0.29859375
natural_vqav2,train,natural/vqav2/images/COCO_train2014_000000270330.jpg,640,395,RGB,392,224,112,0.3473417721518987
natural_vqav2,train,natural/vqav2/images/COCO_train2014_000000059309.jpg,640,427,RGB,364,252,117,0.335655737704918
natural_vqav2,train,natural/vqav2/images/COCO_train2014_000000282310.jpg,480,640,RGB,252,364,117,0.29859375
natural_vqav2,train,natural/vqav2/images/COCO_train2014_000000155386.jpg,640,415,RGB,392,252,126,0.3719277108433735
natural_vqav2,train,natural/vqav2/images/COCO_train2014_000000232290.jpg,640,480,RGB,364,252,117,0.29859375
natural_vqav2,train,natural/vqav2/images/COCO_train2014_000000090056.jpg,500,332,RGB,364,252,117,0.5525783132530121
natural_vqav2,train,natural/vqav2/images/COCO_train2014_000000442078.jpg,640,480,RGB,364,252,117,0.29859375
natural_vqav2,train,natural/vqav2/images/COCO_train2014_000000135749.jpg,375,500,RGB,252,364,117,0.489216
natural_vqav2,train,natural/vqav2/images/COCO_train2014_000000350180.jpg,640,429,RGB,364,252,117,0.3340909090909091
natural_vqav2,train,natural/vqav2/images/COCO_train2014_000000553150.jpg,640,480,RGB,364,252,117,0.29859375
natural_vqav2,train,natural/vqav2/images/COCO_train2014_000000229975.jpg,640,480,RGB,364,252,117,0.29859375
natural_vqav2,train,natural/vqav2/images/COCO_train2014_000000572572.jpg,640,640,RGB,308,308,121,0.2316015625
natural_vqav2,train,natural/vqav2/images/COCO_train2014_000000078770.jpg,500,375,RGB,364,252,117,0.489216
natural_vqav2,train,natural/vqav2/images/COCO_train2014_000000157037.jpg,500,375,RGB,364,252,117,0.489216
natural_vqav2,train,natural/vqav2/images/COCO_train2014_000000094920.jpg,640,427,RGB,364,252,117,0.335655737704918
natural_vqav2,train,natural/vqav2/images/COCO_train2014_000000025996.jpg,640,378,RGB,392,224,112,0.362962962962963
natural_vqav2,train,natural/vqav2/images/COCO_train2014_000000300273.jpg,480,640,RGB,252,364,117,0.29859375
natural_vqav2,train,natural/vqav2/images/COCO_train2014_000000322795.jpg,640,426,RGB,364,252,117,0.336443661971831
natural_vqav2,train,natural/vqav2/images/COCO_train2014_000000205689.jpg,456,640,RGB,252,364,117,0.3143092105263158
natural_vqav2,train,natural/vqav2/images/COCO_train2014_000000478260.jpg,429,640,RGB,252,364,117,0.3340909090909091
natural_vqav2,train,natural/vqav2/images/COCO_train2014_000000109699.jpg,637,640,RGB,308,308,121,0.2326923076923077
natural_vqav2,train,natural/vqav2/images/COCO_train2014_000000412004.jpg,640,426,RGB,364,252,117,0.336443661971831
natural_vqav2,train,natural/vqav2/images/COCO_train2014_000000011849.jpg,640,480,RGB,364,252,117,0.29859375
natural_vqav2,train,natural/vqav2/images/COCO_train2014_000000185663.jpg,640,403,RGB,392,224,112,0.3404466501240695
natural_vqav2,train,natural/vqav2/images/COCO_train2014_000000508663.jpg,640,480,RGB,364,252,117,0.29859375
natural_vqav2,train,natural/vqav2/images/COCO_train2014_000000099910.jpg,640,359,RGB,420,224,120,0.40947075208913647
natural_vqav2,train,natural/vqav2/images/COCO_train2014_000000080016.jpg,414,640,RGB,252,392,126,0.37282608695652175
natural_vqav2,train,natural/vqav2/images/COCO_train2014_000000571198.jpg,640,453,RGB,364,252,117,0.3163907284768212
natural_vqav2,train,natural/vqav2/images/COCO_train2014_000000067074.jpg,640,480,RGB,364,252,117,0.29859375
natural_vqav2,train,natural/vqav2/images/COCO_train2014_000000324443.jpg,480,640,RGB,252,364,117,0.29859375
natural_vqav2,train,natural/vqav2/images/COCO_train2014_000000327347.jpg,640,427,RGB,364,252,117,0.335655737704918
natural_vqav2,train,natural/vqav2/images/COCO_train2014_000000167021.jpg,640,427,RGB,364,252,117,0.335655737704918
natural_vqav2,train,natural/vqav2/images/COCO_train2014_000000302230.jpg,640,480,RGB,364,252,117,0.29859375
natural_vqav2,train,natural/vqav2/images/COCO_train2014_000000308297.jpg,640,480,RGB,364,252,117,0.29859375
natural_vqav2,train,natural/vqav2/images/COCO_train2014_000000220101.jpg,640,480,RGB,364,252,117,0.29859375
natural_vqav2,train,natural/vqav2/images/COCO_train2014_000000520448.jpg,509,640,RGB,280,336,120,0.2888015717092338
natural_vqav2,train,natural/vqav2/images/COCO_train2014_000000327202.jpg,640,446,RGB,364,252,117,0.32135650224215245
natural_vqav2,train,natural/vqav2/images/COCO_train2014_000000270275.jpg,427,640,RGB,252,364,117,0.335655737704918
natural_vqav2,train,natural/vqav2/images/COCO_train2014_000000448251.jpg,640,480,RGB,364,252,117,0.29859375
natural_vqav2,train,natural/vqav2/images/COCO_train2014_000000064098.jpg,500,375,RGB,364,252,117,0.489216
natural_vqav2,train,natural/vqav2/images/COCO_train2014_000000007615.jpg,400,500,RGB,280,336,120,0.4704
natural_vqav2,train,natural/vqav2/images/COCO_train2014_000000438978.jpg,640,427,RGB,364,252,117,0.335655737704918
natural_vqav2,train,natural/vqav2/images/COCO_train2014_000000283355.jpg,480,640,RGB,252,364,117,0.29859375
natural_vqav2,train,natural/vqav2/images/COCO_train2014_000000357926.jpg,640,427,RGB,364,252,117,0.335655737704918
natural_vqav2,train,natural/vqav2/images/COCO_train2014_000000333595.jpg,427,640,RGB,252,364,117,0.335655737704918
natural_vqav2,train,natural/vqav2/images/COCO_train2014_000000240912.jpg,640,456,RGB,364,252,117,0.3143092105263158
natural_vqav2,train,natural/vqav2/images/COCO_train2014_000000398771.jpg,640,428,RGB,364,252,117,0.3348714953271028
natural_vqav2,train,natural/vqav2/images/COCO_train2014_000000481506.jpg,640,480,RGB,364,252,117,0.29859375
natural_vqav2,train,natural/vqav2/images/COCO_train2014_000000129563.jpg,612,612,RGB,308,308,121,0.25327865350933404
natural_vqav2,train,natural/vqav2/images/COCO_train2014_000000181422.jpg,640,479,RGB,364,252,117,0.2992171189979123
natural_vqav2,train,natural/vqav2/images/COCO_train2014_000000262065.jpg,333,500,RGB,252,364,117,0.5509189189189189
natural_vqav2,train,natural/vqav2/images/COCO_train2014_000000565612.jpg,640,480,RGB,364,252,117,0.29859375
natural_vqav2,train,natural/vqav2/images/COCO_train2014_000000347274.jpg,480,640,RGB,252,364,117,0.29859375
natural_vqav2,train,natural/vqav2/images/COCO_train2014_000000129334.jpg,500,375,RGB,364,252,117,0.489216
natural_vqav2,train,natural/vqav2/images/COCO_train2014_000000175847.jpg,375,500,RGB,252,364,117,0.489216
natural_vqav2,train,natural/vqav2/images/COCO_train2014_000000494403.jpg,480,640,RGB,252,364,117,0.29859375
natural_vqav2,train,natural/vqav2/images/COCO_train2014_000000022287.jpg,425,640,RGB,252,364,117,0.3372352941176471
natural_vqav2,train,natural/vqav2/images/COCO_train2014_000000257163.jpg,640,480,RGB,364,252,117,0.29859375
natural_vqav2,train,natural/vqav2/images/COCO_train2014_000000181043.jpg,427,640,RGB,252,364,117,0.335655737704918
natural_vqav2,train,natural/vqav2/images/COCO_train2014_000000401622.jpg,374,436,RGB,280,336,120,0.5769513810528382
natural_vqav2,train,natural/vqav2/images/COCO_train2014_000000328163.jpg,640,360,RGB,420,224,120,0.4083333333333333
natural_vqav2,train,natural/vqav2/images/COCO_train2014_000000320379.jpg,500,375,RGB,364,252,117,0.489216
natural_vqav2,train,natural/vqav2/images/COCO_train2014_000000010489.jpg,375,500,RGB,252,364,117,0.489216
natural_vqav2,train,natural/vqav2/images/COCO_train2014_000000526473.jpg,454,640,RGB,252,364,117,0.31569383259911893
natural_vqav2,train,natural/vqav2/images/COCO_train2014_000000433217.jpg,640,480,RGB,364,252,117,0.29859375
natural_vqav2,train,natural/vqav2/images/COCO_train2014_000000401288.jpg,640,427,RGB,364,252,117,0.335655737704918
natural_vqav2,train,natural/vqav2/images/COCO_train2014_000000296377.jpg,500,333,RGB,364,252,117,0.5509189189189189
natural_vqav2,train,natural/vqav2/images/COCO_train2014_000000149774.jpg,500,400,RGB,336,280,120,0.4704
natural_vqav2,train,natural/vqav2/images/COCO_train2014_000000036606.jpg,640,480,RGB,364,252,117,0.29859375
natural_vqav2,train,natural/vqav2/images/COCO_train2014_000000105756.jpg,640,480,RGB,364,252,117,0.29859375
natural_vqav2,train,natural/vqav2/images/COCO_train2014_000000116677.jpg,640,360,RGB,420,224,120,0.4083333333333333
natural_vqav2,train,natural/vqav2/images/COCO_train2014_000000277449.jpg,640,426,RGB,364,252,117,0.336443661971831
natural_vqav2,train,natural/vqav2/images/COCO_train2014_000000130545.jpg,640,486,RGB,336,252,108,0.2722222222222222
natural_vqav2,train,natural/vqav2/images/COCO_train2014_000000248018.jpg,640,480,RGB,364,252,117,0.29859375
natural_vqav2,train,natural/vqav2/images/COCO_train2014_000000056193.jpg,500,333,RGB,364,252,117,0.5509189189189189
natural_vqav2,train,natural/vqav2/images/COCO_train2014_000000520486.jpg,500,326,RGB,392,252,126,0.6060368098159509
natural_vqav2,train,natural/vqav2/images/COCO_train2014_000000160414.jpg,500,298,RGB,392,224,112,0.5893154362416108
natural_vqav2,train,natural/vqav2/images/COCO_train2014_000000556108.jpg,640,513,RGB,336,280,120,0.28654970760233917
natural_vqav2,train,natural/vqav2/images/COCO_train2014_000000351521.jpg,640,426,RGB,364,252,117,0.336443661971831
natural_vqav2,train,natural/vqav2/images/COCO_train2014_000000387007.jpg,640,454,RGB,364,252,117,0.31569383259911893
natural_vqav2,train,natural/vqav2/images/COCO_train2014_000000103320.jpg,640,417,RGB,392,252,126,0.37014388489208633
natural_vqav2,train,natural/vqav2/images/COCO_train2014_000000073187.jpg,640,426,RGB,364,252,117,0.336443661971831
natural_vqav2,train,natural/vqav2/images/COCO_train2014_000000401650.jpg,640,360,RGB,420,224,120,0.4083333333333333
natural_vqav2,train,natural/vqav2/images/COCO_train2014_000000021248.jpg,640,560,RGB,336,280,120,0.2625
natural_vqav2,train,natural/vqav2/images/COCO_train2014_000000021571.jpg,640,480,RGB,364,252,117,0.29859375
natural_vqav2,train,natural/vqav2/images/COCO_train2014_000000115345.jpg,640,512,RGB,336,280,120,0.287109375
natural_vqav2,train,natural/vqav2/images/COCO_train2014_000000206890.jpg,399,500,RGB,280,336,120,0.47157894736842104
natural_vqav2,train,natural/vqav2/images/COCO_train2014_000000084049.jpg,427,640,RGB,252,364,117,0.335655737704918
natural_vqav2,train,natural/vqav2/images/COCO_train2014_000000346749.jpg,640,427,RGB,364,252,117,0.335655737704918
natural_vqav2,train,natural/vqav2/images/COCO_train2014_000000243820.jpg,480,640,RGB,252,364,117,0.29859375
natural_vqav2,train,natural/vqav2/images/COCO_train2014_000000461998.jpg,640,480,RGB,364,252,117,0.29859375
natural_vqav2,train,natural/vqav2/images/COCO_train2014_000000174601.jpg,473,640,RGB,252,364,117,0.3030126849894292
natural_vqav2,train,natural/vqav2/images/COCO_train2014_000000485955.jpg,480,640,RGB,252,364,117,0.29859375
natural_vqav2,train,natural/vqav2/images/COCO_train2014_000000114274.jpg,640,427,RGB,364,252,117,0.335655737704918
natural_vqav2,train,natural/vqav2/images/COCO_train2014_000000110252.jpg,640,426,RGB,364,252,117,0.336443661971831
natural_vqav2,train,natural/vqav2/images/COCO_train2014_000000254005.jpg,427,640,RGB,252,364,117,0.335655737704918
natural_vqav2,train,natural/vqav2/images/COCO_train2014_000000447231.jpg,640,480,RGB,364,252,117,0.29859375
natural_vqav2,train,natural/vqav2/images/COCO_train2014_000000526458.jpg,640,478,RGB,364,252,117,0.2998430962343096
natural_vqav2,train,natural/vqav2/images/COCO_train2014_000000283476.jpg,640,431,RGB,364,252,117,0.33254060324825985
natural_vqav2,train,natural/vqav2/images/COCO_train2014_000000251493.jpg,640,427,RGB,364,252,117,0.335655737704918
natural_vqav2,train,natural/vqav2/images/COCO_train2014_000000176759.jpg,640,427,RGB,364,252,117,0.335655737704918
natural_vqav2,train,natural/vqav2/images/COCO_train2014_000000111131.jpg,640,478,RGB,364,252,117,0.2998430962343096
natural_vqav2,train,natural/vqav2/images/COCO_train2014_000000390352.jpg,640,367,RGB,392,224,112,0.37384196185286106
natural_vqav2,train,natural/vqav2/images/COCO_train2014_000000533396.jpg,640,427,RGB,364,252,117,0.335655737704918
natural_vqav2,train,natural/vqav2/images/COCO_train2014_000000082879.jpg,640,480,RGB,364,252,117,0.29859375
natural_vqav2,train,natural/vqav2/images/COCO_train2014_000000576227.jpg,426,640,RGB,252,364,117,0.336443661971831
natural_vqav2,train,natural/vqav2/images/COCO_train2014_000000197246.jpg,427,640,RGB,252,364,117,0.335655737704918
natural_vqav2,train,natural/vqav2/images/COCO_train2014_000000001053.jpg,640,419,RGB,364,252,117,0.34206443914081147
natural_vqav2,train,natural/vqav2/images/COCO_train2014_000000042418.jpg,427,640,RGB,252,364,117,0.335655737704918
natural_vqav2,train,natural/vqav2/images/COCO_train2014_000000521334.jpg,480,640,RGB,252,364,117,0.29859375
natural_vqav2,train,natural/vqav2/images/COCO_train2014_000000315028.jpg,640,427,RGB,364,252,117,0.335655737704918
natural_vqav2,train,natural/vqav2/images/COCO_train2014_000000440032.jpg,640,480,RGB,364,252,117,0.29859375
natural_vqav2,train,natural/vqav2/images/COCO_train2014_000000057708.jpg,500,333,RGB,364,252,117,0.5509189189189189
natural_vqav2,train,natural/vqav2/images/COCO_train2014_000000425218.jpg,375,500,RGB,252,364,117,0.489216
natural_vqav2,train,natural/vqav2/images/COCO_train2014_000000405327.jpg,640,434,RGB,364,252,117,0.330241935483871
natural_vqav2,train,natural/vqav2/images/COCO_train2014_000000456176.jpg,640,512,RGB,336,280,120,0.287109375
natural_vqav2,train,natural/vqav2/images/COCO_train2014_000000224055.jpg,427,640,RGB,252,364,117,0.335655737704918
natural_vqav2,train,natural/vqav2/images/COCO_train2014_000000083669.jpg,640,426,RGB,364,252,117,0.336443661971831
natural_vqav2,train,natural/vqav2/images/COCO_train2014_000000393707.jpg,427,640,RGB,252,364,117,0.335655737704918
natural_vqav2,train,natural/vqav2/images/COCO_train2014_000000087096.jpg,425,640,RGB,252,364,117,0.3372352941176471
natural_vqav2,train,natural/vqav2/images/COCO_train2014_000000110371.jpg,640,459,RGB,364,252,117,0.3122549019607843
natural_vqav2,train,natural/vqav2/images/COCO_train2014_000000408954.jpg,640,480,RGB,364,252,117,0.29859375
natural_vqav2,train,natural/vqav2/images/COCO_train2014_000000126992.jpg,612,612,RGB,308,308,121,0.25327865350933404
natural_vqav2,train,natural/vqav2/images/COCO_train2014_000000505244.jpg,480,640,RGB,252,364,117,0.29859375
natural_vqav2,train,natural/vqav2/images/COCO_train2014_000000402945.jpg,640,427,RGB,364,252,117,0.335655737704918
natural_vqav2,train,natural/vqav2/images/COCO_train2014_000000203730.jpg,640,480,RGB,364,252,117,0.29859375
natural_vqav2,train,natural/vqav2/images/COCO_train2014_000000402378.jpg,640,426,RGB,364,252,117,0.336443661971831
natural_vqav2,train,natural/vqav2/images/COCO_train2014_000000056075.jpg,640,480,RGB,364,252,117,0.29859375
natural_vqav2,train,natural/vqav2/images/COCO_train2014_000000140717.jpg,640,480,RGB,364,252,117,0.29859375
natural_vqav2,train,natural/vqav2/images/COCO_train2014_000000211230.jpg,523,640,RGB,280,336,120,0.28107074569789675
natural_vqav2,train,natural/vqav2/images/COCO_train2014_000000413421.jpg,640,480,RGB,364,252,117,0.29859375
natural_vqav2,train,natural/vqav2/images/COCO_train2014_000000053716.jpg,448,640,RGB,252,364,117,0.319921875
natural_vqav2,train,natural/vqav2/images/COCO_train2014_000000069365.jpg,480,640,RGB,252,364,117,0.29859375
natural_vqav2,train,natural/vqav2/images/COCO_train2014_000000196111.jpg,638,640,RGB,308,308,121,0.23232758620689656
natural_vqav2,train,natural/vqav2/images/COCO_train2014_000000064141.jpg,640,360,RGB,420,224,120,0.4083333333333333
natural_vqav2,train,natural/vqav2/images/COCO_train2014_000000005643.jpg,640,480,RGB,364,252,117,0.29859375
natural_vqav2,train,natural/vqav2/images/COCO_train2014_000000362824.jpg,640,427,RGB,364,252,117,0.335655737704918
natural_vqav2,train,natural/vqav2/images/COCO_train2014_000000521652.jpg,640,425,RGB,364,252,117,0.3372352941176471
natural_vqav2,train,natural/vqav2/images/COCO_train2014_000000189239.jpg,500,375,RGB,364,252,117,0.489216
natural_vqav2,train,natural/vqav2/images/COCO_train2014_000000445607.jpg,640,351,RGB,420,224,120,0.4188034188034188
natural_vqav2,train,natural/vqav2/images/COCO_train2014_000000302249.jpg,640,428,RGB,364,252,117,0.3348714953271028
natural_vqav2,train,natural/vqav2/images/COCO_train2014_000000573063.jpg,427,640,RGB,252,364,117,0.335655737704918
natural_vqav2,train,natural/vqav2/images/COCO_train2014_000000217895.jpg,360,640,RGB,224,420,120,0.4083333333333333
natural_vqav2,train,natural/vqav2/images/COCO_train2014_000000186508.jpg,640,426,RGB,364,252,117,0.336443661971831
natural_vqav2,train,natural/vqav2/images/COCO_train2014_000000314109.jpg,640,427,RGB,364,252,117,0.335655737704918
natural_vqav2,train,natural/vqav2/images/COCO_train2014_000000255124.jpg,640,480,RGB,364,252,117,0.29859375
natural_vqav2,train,natural/vqav2/images/COCO_train2014_000000437102.jpg,640,480,RGB,364,252,117,0.29859375
natural_vqav2,train,natural/vqav2/images/COCO_train2014_000000250849.jpg,429,640,RGB,252,364,117,0.3340909090909091
natural_vqav2,train,natural/vqav2/images/COCO_train2014_000000291873.jpg,640,480,RGB,364,252,117,0.29859375
natural_vqav2,train,natural/vqav2/images/COCO_train2014_000000436410.jpg,500,500,RGB,308,308,121,0.379456
natural_vqav2,train,natural/vqav2/images/COCO_train2014_000000491467.jpg,480,640,RGB,252,364,117,0.29859375
natural_vqav2,train,natural/vqav2/images/COCO_train2014_000000271747.jpg,640,427,RGB,364,252,117,0.335655737704918
natural_vqav2,train,natural/vqav2/images/COCO_train2014_000000000714.jpg,500,333,RGB,364,252,117,0.5509189189189189
natural_vqav2,train,natural/vqav2/images/COCO_train2014_000000518866.jpg,640,480,RGB,364,252,117,0.29859375
natural_vqav2,train,natural/vqav2/images/COCO_train2014_000000321318.jpg,640,425,RGB,364,252,117,0.3372352941176471
natural_vqav2,train,natural/vqav2/images/COCO_train2014_000000005094.jpg,640,425,RGB,364,252,117,0.3372352941176471
natural_vqav2,train,natural/vqav2/images/COCO_train2014_000000118627.jpg,427,640,RGB,252,364,117,0.335655737704918
natural_vqav2,train,natural/vqav2/images/COCO_train2014_000000134176.jpg,500,375,RGB,364,252,117,0.489216
natural_vqav2,train,natural/vqav2/images/COCO_train2014_000000555896.jpg,640,360,RGB,420,224,120,0.4083333333333333
natural_vqav2,train,natural/vqav2/images/COCO_train2014_000000364722.jpg,480,640,RGB,252,364,117,0.29859375
natural_vqav2,train,natural/vqav2/images/COCO_train2014_000000144358.jpg,360,640,RGB,224,420,120,0.4083333333333333
natural_vqav2,train,natural/vqav2/images/COCO_train2014_000000358104.jpg,375,500,RGB,252,364,117,0.489216
natural_vqav2,train,natural/vqav2/images/COCO_train2014_000000393087.jpg,480,640,RGB,252,364,117,0.29859375
natural_vqav2,train,natural/vqav2/images/COCO_train2014_000000265333.jpg,640,361,RGB,420,224,120,0.407202216066482
natural_vqav2,train,natural/vqav2/images/COCO_train2014_000000372536.jpg,508,640,RGB,280,336,120,0.28937007874015747
natural_vqav2,train,natural/vqav2/images/COCO_train2014_000000461844.jpg,640,425,RGB,364,252,117,0.3372352941176471
natural_vqav2,train,natural/vqav2/images/COCO_train2014_000000246718.jpg,640,428,RGB,364,252,117,0.3348714953271028
natural_vqav2,train,natural/vqav2/images/COCO_train2014_000000334059.jpg,500,419,RGB,336,280,120,0.4490692124105012
natural_vqav2,train,natural/vqav2/images/COCO_train2014_000000122918.jpg,480,640,RGB,252,364,117,0.29859375
natural_vqav2,train,natural/vqav2/images/COCO_train2014_000000525218.jpg,480,640,RGB,252,364,117,0.29859375
natural_vqav2,train,natural/vqav2/images/COCO_train2014_000000027191.jpg,640,427,RGB,364,252,117,0.335655737704918
natural_vqav2,train,natural/vqav2/images/COCO_train2014_000000054995.jpg,640,427,RGB,364,252,117,0.335655737704918
natural_vqav2,train,natural/vqav2/images/COCO_train2014_000000274676.jpg,640,480,RGB,364,252,117,0.29859375
natural_vqav2,train,natural/vqav2/images/COCO_train2014_000000444082.jpg,428,640,RGB,252,364,117,0.3348714953271028
natural_vqav2,train,natural/vqav2/images/COCO_train2014_000000458772.jpg,640,358,RGB,420,224,120,0.4106145251396648
natural_vqav2,train,natural/vqav2/images/COCO_train2014_000000542165.jpg,640,480,RGB,364,252,117,0.29859375
natural_vqav2,train,natural/vqav2/images/COCO_train2014_000000277575.jpg,640,480,RGB,364,252,117,0.29859375
natural_vqav2,train,natural/vqav2/images/COCO_train2014_000000121493.jpg,640,481,RGB,364,252,117,0.297972972972973
natural_vqav2,train,natural/vqav2/images/COCO_train2014_000000049591.jpg,500,375,RGB,364,252,117,0.489216
natural_vqav2,train,natural/vqav2/images/COCO_train2014_000000163089.jpg,640,429,RGB,364,252,117,0.3340909090909091
natural_vqav2,train,natural/vqav2/images/COCO_train2014_000000090985.jpg,640,486,RGB,336,252,108,0.2722222222222222
natural_vqav2,train,natural/vqav2/images/COCO_train2014_000000318108.jpg,640,426,RGB,364,252,117,0.336443661971831
natural_vqav2,train,natural/vqav2/images/COCO_train2014_000000490935.jpg,640,480,RGB,364,252,117,0.29859375
natural_vqav2,train,natural/vqav2/images/COCO_train2014_000000410082.jpg,640,425,RGB,364,252,117,0.3372352941176471
natural_vqav2,train,natural/vqav2/images/COCO_train2014_000000378868.jpg,640,449,RGB,364,252,117,0.31920935412026724
natural_vqav2,train,natural/vqav2/images/COCO_train2014_000000310463.jpg,640,425,RGB,364,252,117,0.3372352941176471
natural_vqav2,train,natural/vqav2/images/COCO_train2014_000000519996.jpg,480,640,RGB,252,364,117,0.29859375
natural_vqav2,train,natural/vqav2/images/COCO_train2014_000000107100.jpg,640,426,RGB,364,252,117,0.336443661971831
natural_vqav2,train,natural/vqav2/images/COCO_train2014_000000028149.jpg,480,640,RGB,252,364,117,0.29859375
natural_vqav2,train,natural/vqav2/images/COCO_train2014_000000384964.jpg,640,425,RGB,364,252,117,0.3372352941176471
natural_vqav2,train,natural/vqav2/images/COCO_train2014_000000362371.jpg,640,480,RGB,364,252,117,0.29859375
natural_vqav2,train,natural/vqav2/images/COCO_train2014_000000473922.jpg,425,640,RGB,252,364,117,0.3372352941176471
natural_vqav2,train,natural/vqav2/images/COCO_train2014_000000008553.jpg,640,480,RGB,364,252,117,0.29859375
natural_vqav2,train,natural/vqav2/images/COCO_train2014_000000246846.jpg,640,427,RGB,364,252,117,0.335655737704918
natural_vqav2,train,natural/vqav2/images/COCO_train2014_000000130361.jpg,640,342,RGB,420,224,120,0.4298245614035088
natural_vqav2,train,natural/vqav2/images/COCO_train2014_000000551873.jpg,640,427,RGB,364,252,117,0.335655737704918
natural_vqav2,train,natural/vqav2/images/COCO_train2014_000000135244.jpg,640,428,RGB,364,252,117,0.3348714953271028
natural_vqav2,train,natural/vqav2/images/COCO_train2014_000000312252.jpg,640,480,RGB,364,252,117,0.29859375
natural_vqav2,train,natural/vqav2/images/COCO_train2014_000000283393.jpg,500,333,RGB,364,252,117,0.5509189189189189
natural_vqav2,train,natural/vqav2/images/COCO_train2014_000000122899.jpg,480,640,RGB,252,364,117,0.29859375
natural_vqav2,train,natural/vqav2/images/COCO_train2014_000000276200.jpg,375,500,RGB,252,364,117,0.489216
natural_vqav2,train,natural/vqav2/images/COCO_train2014_000000176148.jpg,640,480,RGB,364,252,117,0.29859375
natural_vqav2,train,natural/vqav2/images/COCO_train2014_000000329541.jpg,480,640,RGB,252,364,117,0.29859375
natural_vqav2,train,natural/vqav2/images/COCO_train2014_000000013835.jpg,512,640,RGB,280,336,120,0.287109375
natural_vqav2,train,natural/vqav2/images/COCO_train2014_000000474168.jpg,386,640,RGB,224,392,112,0.35544041450777203
natural_vqav2,train,natural/vqav2/images/COCO_train2014_000000332849.jpg,640,480,RGB,364,252,117,0.29859375
natural_vqav2,train,natural/vqav2/images/COCO_train2014_000000484593.jpg,640,403,RGB,392,224,112,0.3404466501240695
natural_vqav2,train,natural/vqav2/images/COCO_train2014_000000338980.jpg,375,500,RGB,252,364,117,0.489216
natural_vqav2,train,natural/vqav2/images/COCO_train2014_000000439106.jpg,335,500,RGB,252,364,117,0.5476298507462687
natural_vqav2,train,natural/vqav2/images/COCO_train2014_000000297092.jpg,500,500,RGB,308,308,121,0.379456
natural_vqav2,train,natural/vqav2/images/COCO_train2014_000000049884.jpg,640,459,RGB,364,252,117,0.3122549019607843
natural_vqav2,train,natural/vqav2/images/COCO_train2014_000000215732.jpg,640,426,RGB,364,252,117,0.336443661971831
natural_vqav2,train,natural/vqav2/images/COCO_train2014_000000334477.jpg,640,481,RGB,364,252,117,0.297972972972973
natural_vqav2,train,natural/vqav2/images/COCO_train2014_000000267647.jpg,640,428,RGB,364,252,117,0.3348714953271028
natural_vqav2,train,natural/vqav2/images/COCO_train2014_000000026166.jpg,640,480,RGB,364,252,117,0.29859375
natural_vqav2,train,natural/vqav2/images/COCO_train2014_000000022650.jpg,640,480,RGB,364,252,117,0.29859375
natural_vqav2,train,natural/vqav2/images/COCO_train2014_000000394783.jpg,375,500,RGB,252,364,117,0.489216
natural_vqav2,train,natural/vqav2/images/COCO_train2014_000000394349.jpg,640,589,RGB,308,280,110,0.22877758913412563
natural_vqav2,train,natural/vqav2/images/COCO_train2014_000000470798.jpg,375,500,RGB,252,364,117,0.489216
natural_vqav2,train,natural/vqav2/images/COCO_train2014_000000256659.jpg,640,427,RGB,364,252,117,0.335655737704918
natural_vqav2,train,natural/vqav2/images/COCO_train2014_000000365596.jpg,640,480,RGB,364,252,117,0.29859375
natural_vqav2,train,natural/vqav2/images/COCO_train2014_000000285649.jpg,640,480,RGB,364,252,117,0.29859375
natural_vqav2,train,natural/vqav2/images/COCO_train2014_000000434379.jpg,640,427,RGB,364,252,117,0.335655737704918
natural_vqav2,train,natural/vqav2/images/COCO_train2014_000000044959.jpg,500,500,RGB,308,308,121,0.379456
natural_vqav2,train,natural/vqav2/images/COCO_train2014_000000356409.jpg,500,375,RGB,364,252,117,0.489216
natural_vqav2,train,natural/vqav2/images/COCO_train2014_000000359726.jpg,500,375,RGB,364,252,117,0.489216
natural_vqav2,train,natural/vqav2/images/COCO_train2014_000000577817.jpg,427,640,RGB,252,364,117,0.335655737704918
natural_vqav2,train,natural/vqav2/images/COCO_train2014_000000061351.jpg,640,480,RGB,364,252,117,0.29859375
natural_vqav2,train,natural/vqav2/images/COCO_train2014_000000384021.jpg,500,334,RGB,364,252,117,0.5492694610778444
natural_vqav2,train,natural/vqav2/images/COCO_train2014_000000278573.jpg,474,640,RGB,252,364,117,0.302373417721519
natural_vqav2,train,natural/vqav2/images/COCO_train2014_000000041105.jpg,640,480,RGB,364,252,117,0.29859375
natural_vqav2,train,natural/vqav2/images/COCO_train2014_000000481002.jpg,640,480,RGB,364,252,117,0.29859375
natural_vqav2,train,natural/vqav2/images/COCO_train2014_000000036925.jpg,640,360,RGB,420,224,120,0.4083333333333333
natural_vqav2,train,natural/vqav2/images/COCO_train2014_000000059494.jpg,425,640,RGB,252,364,117,0.3372352941176471
natural_vqav2,train,natural/vqav2/images/COCO_train2014_000000219535.jpg,640,480,RGB,364,252,117,0.29859375
natural_vqav2,train,natural/vqav2/images/COCO_train2014_000000066754.jpg,640,427,RGB,364,252,117,0.335655737704918
natural_vqav2,train,natural/vqav2/images/COCO_train2014_000000219141.jpg,500,375,RGB,364,252,117,0.489216
natural_vqav2,train,natural/vqav2/images/COCO_train2014_000000173132.jpg,640,480,RGB,364,252,117,0.29859375
natural_vqav2,train,natural/vqav2/images/COCO_train2014_000000323519.jpg,640,427,RGB,364,252,117,0.335655737704918
natural_vqav2,train,natural/vqav2/images/COCO_train2014_000000568459.jpg,640,480,RGB,364,252,117,0.29859375
natural_vqav2,train,natural/vqav2/images/COCO_train2014_000000186605.jpg,640,427,RGB,364,252,117,0.335655737704918
natural_vqav2,train,natural/vqav2/images/COCO_train2014_000000472396.jpg,640,427,RGB,364,252,117,0.335655737704918
natural_vqav2,train,natural/vqav2/images/COCO_train2014_000000547066.jpg,640,427,RGB,364,252,117,0.335655737704918
natural_vqav2,train,natural/vqav2/images/COCO_train2014_000000357966.jpg,442,338,RGB,336,252,108,0.566762162306889
natural_vqav2,train,natural/vqav2/images/COCO_train2014_000000179034.jpg,640,454,RGB,364,252,117,0.31569383259911893
natural_vqav2,train,natural/vqav2/images/COCO_train2014_000000105545.jpg,640,429,RGB,364,252,117,0.3340909090909091
natural_vqav2,train,natural/vqav2/images/COCO_train2014_000000073999.jpg,640,430,RGB,364,252,117,0.3333139534883721
natural_vqav2,train,natural/vqav2/images/COCO_train2014_000000502407.jpg,640,480,RGB,364,252,117,0.29859375
natural_vqav2,train,natural/vqav2/images/COCO_train2014_000000373575.jpg,427,640,RGB,252,364,117,0.335655737704918
natural_vqav2,train,natural/vqav2/images/COCO_train2014_000000427348.jpg,640,439,RGB,364,252,117,0.32648063781321185
natural_vqav2,train,natural/vqav2/images/COCO_train2014_000000033167.jpg,480,640,RGB,252,364,117,0.29859375
natural_vqav2,train,natural/vqav2/images/COCO_train2014_000000206274.jpg,640,427,RGB,364,252,117,0.335655737704918
natural_vqav2,train,natural/vqav2/images/COCO_train2014_000000363919.jpg,427,640,RGB,252,364,117,0.335655737704918
natural_vqav2,train,natural/vqav2/images/COCO_train2014_000000294669.jpg,640,444,RGB,364,252,117,0.32280405405405405
natural_vqav2,train,natural/vqav2/images/COCO_train2014_000000392520.jpg,640,434,RGB,364,252,117,0.330241935483871
natural_vqav2,train,natural/vqav2/images/COCO_train2014_000000060822.jpg,640,427,RGB,364,252,117,0.335655737704918
natural_vqav2,train,natural/vqav2/images/COCO_train2014_000000492347.jpg,640,408,RGB,392,252,126,0.37830882352941175
natural_vqav2,train,natural/vqav2/images/COCO_train2014_000000111612.jpg,640,426,RGB,364,252,117,0.336443661971831
natural_vqav2,train,natural/vqav2/images/COCO_train2014_000000291114.jpg,640,425,RGB,364,252,117,0.3372352941176471
natural_vqav2,train,natural/vqav2/images/COCO_train2014_000000251663.jpg,640,427,RGB,364,252,117,0.335655737704918
natural_vqav2,train,natural/vqav2/images/COCO_train2014_000000251787.jpg,480,640,RGB,252,364,117,0.29859375
natural_vqav2,train,natural/vqav2/images/COCO_train2014_000000505122.jpg,640,428,RGB,364,252,117,0.3348714953271028
natural_vqav2,train,natural/vqav2/images/COCO_train2014_000000253975.jpg,427,640,RGB,252,364,117,0.335655737704918
natural_vqav2,train,natural/vqav2/images/COCO_train2014_000000321601.jpg,640,492,RGB,336,252,108,0.26890243902439026
natural_vqav2,train,natural/vqav2/images/COCO_train2014_000000313473.jpg,640,480,RGB,364,252,117,0.29859375
natural_vqav2,train,natural/vqav2/images/COCO_train2014_000000480257.jpg,500,375,RGB,364,252,117,0.489216
natural_vqav2,train,natural/vqav2/images/COCO_train2014_000000120178.jpg,481,640,RGB,252,364,117,0.297972972972973
natural_vqav2,train,natural/vqav2/images/COCO_train2014_000000406954.jpg,640,429,RGB,364,252,117,0.3340909090909091
natural_vqav2,train,natural/vqav2/images/COCO_train2014_000000573125.jpg,640,480,RGB,364,252,117,0.29859375
natural_vqav2,train,natural/vqav2/images/COCO_train2014_000000283059.jpg,640,480,RGB,364,252,117,0.29859375
natural_vqav2,train,natural/vqav2/images/COCO_train2014_000000380574.jpg,640,426,RGB,364,252,117,0.336443661971831
natural_vqav2,train,natural/vqav2/images/COCO_train2014_000000075213.jpg,425,567,RGB,252,364,117,0.38065359477124183
natural_vqav2,train,natural/vqav2/images/COCO_train2014_000000458631.jpg,640,480,RGB,364,252,117,0.29859375
natural_vqav2,train,natural/vqav2/images/COCO_train2014_000000440339.jpg,319,235,RGB,308,224,88,0.9203228173147469
natural_vqav2,train,natural/vqav2/images/COCO_train2014_000000515928.jpg,640,427,RGB,364,252,117,0.335655737704918
natural_vqav2,train,natural/vqav2/images/COCO_train2014_000000562620.jpg,640,360,RGB,420,224,120,0.4083333333333333
natural_vqav2,train,natural/vqav2/images/COCO_train2014_000000329268.jpg,640,480,RGB,364,252,117,0.29859375
natural_vqav2,train,natural/vqav2/images/COCO_train2014_000000048417.jpg,612,612,RGB,308,308,121,0.25327865350933404
natural_vqav2,train,natural/vqav2/images/COCO_train2014_000000359094.jpg,612,612,RGB,308,308,121,0.25327865350933404
natural_vqav2,train,natural/vqav2/images/COCO_train2014_000000250372.jpg,640,426,RGB,364,252,117,0.336443661971831
natural_vqav2,train,natural/vqav2/images/COCO_train2014_000000009951.jpg,332,500,RGB,252,364,117,0.5525783132530121
natural_vqav2,train,natural/vqav2/images/COCO_train2014_000000001145.jpg,640,480,RGB,364,252,117,0.29859375
natural_vqav2,train,natural/vqav2/images/COCO_train2014_000000015355.jpg,480,640,RGB,252,364,117,0.29859375
natural_vqav2,train,natural/vqav2/images/COCO_train2014_000000533843.jpg,600,401,RGB,364,252,117,0.38124688279301744
natural_vqav2,train,natural/vqav2/images/COCO_train2014_000000357003.jpg,469,640,RGB,252,364,117,0.3055970149253731
natural_vqav2,train,natural/vqav2/images/COCO_train2014_000000343224.jpg,425,640,RGB,252,364,117,0.3372352941176471
natural_vqav2,train,natural/vqav2/images/COCO_train2014_000000005111.jpg,480,640,RGB,252,364,117,0.29859375
natural_vqav2,train,natural/vqav2/images/COCO_train2014_000000047692.jpg,640,428,RGB,364,252,117,0.3348714953271028
natural_vqav2,train,natural/vqav2/images/COCO_train2014_000000081918.jpg,429,640,RGB,252,364,117,0.3340909090909091
natural_vqav2,train,natural/vqav2/images/COCO_train2014_000000132094.jpg,640,480,RGB,364,252,117,0.29859375
natural_vqav2,train,natural/vqav2/images/COCO_train2014_000000098616.jpg,640,640,RGB,308,308,121,0.2316015625
natural_vqav2,train,natural/vqav2/images/COCO_train2014_000000350299.jpg,640,428,RGB,364,252,117,0.3348714953271028
natural_vqav2,train,natural/vqav2/images/COCO_train2014_000000443579.jpg,640,480,RGB,364,252,117,0.29859375
natural_vqav2,train,natural/vqav2/images/COCO_train2014_000000541727.jpg,427,640,RGB,252,364,117,0.335655737704918
natural_vqav2,train,natural/vqav2/images/COCO_train2014_000000512217.jpg,480,640,RGB,252,364,117,0.29859375
natural_vqav2,train,natural/vqav2/images/COCO_train2014_000000347787.jpg,500,375,RGB,364,252,117,0.489216
natural_vqav2,train,natural/vqav2/images/COCO_train2014_000000141678.jpg,640,426,RGB,364,252,117,0.336443661971831
natural_vqav2,train,natural/vqav2/images/COCO_train2014_000000353221.jpg,640,640,RGB,308,308,121,0.2316015625
natural_vqav2,train,natural/vqav2/images/COCO_train2014_000000374977.jpg,640,480,RGB,364,252,117,0.29859375
natural_vqav2,train,natural/vqav2/images/COCO_train2014_000000033718.jpg,640,428,RGB,364,252,117,0.3348714953271028
natural_vqav2,train,natural/vqav2/images/COCO_train2014_000000294813.jpg,640,480,RGB,364,252,117,0.29859375
natural_vqav2,train,natural/vqav2/images/COCO_train2014_000000077783.jpg,333,500,RGB,252,364,117,0.5509189189189189
natural_vqav2,train,natural/vqav2/images/COCO_train2014_000000513111.jpg,429,640,RGB,252,364,117,0.3340909090909091
natural_vqav2,train,natural/vqav2/images/COCO_train2014_000000351702.jpg,640,360,RGB,420,224,120,0.4083333333333333
natural_vqav2,train,natural/vqav2/images/COCO_train2014_000000474404.jpg,500,400,RGB,336,280,120,0.4704
natural_vqav2,train,natural/vqav2/images/COCO_train2014_000000285236.jpg,640,426,RGB,364,252,117,0.336443661971831
natural_vqav2,train,natural/vqav2/images/COCO_train2014_000000116656.jpg,375,500,RGB,252,364,117,0.489216
natural_vqav2,train,natural/vqav2/images/COCO_train2014_000000035352.jpg,549,640,RGB,280,336,120,0.2677595628415301
natural_vqav2,train,natural/vqav2/images/COCO_train2014_000000137238.jpg,612,612,RGB,308,308,121,0.25327865350933404
natural_vqav2,train,natural/vqav2/images/COCO_train2014_000000535948.jpg,500,375,RGB,364,252,117,0.489216
natural_vqav2,train,natural/vqav2/images/COCO_train2014_000000323476.jpg,640,427,RGB,364,252,117,0.335655737704918
natural_vqav2,train,natural/vqav2/images/COCO_train2014_000000327205.jpg,640,480,RGB,364,252,117,0.29859375
natural_vqav2,train,natural/vqav2/images/COCO_train2014_000000066301.jpg,480,640,RGB,252,364,117,0.29859375
natural_vqav2,train,natural/vqav2/images/COCO_train2014_000000194154.jpg,640,480,RGB,364,252,117,0.29859375
natural_vqav2,train,natural/vqav2/images/COCO_train2014_000000225215.jpg,612,612,RGB,308,308,121,0.25327865350933404
natural_vqav2,train,natural/vqav2/images/COCO_train2014_000000077624.jpg,500,375,RGB,364,252,117,0.489216
natural_vqav2,train,natural/vqav2/images/COCO_train2014_000000002448.jpg,640,480,RGB,364,252,117,0.29859375
natural_vqav2,train,natural/vqav2/images/COCO_train2014_000000498529.jpg,640,478,RGB,364,252,117,0.2998430962343096
natural_vqav2,train,natural/vqav2/images/COCO_train2014_000000404351.jpg,640,426,RGB,364,252,117,0.336443661971831
natural_vqav2,train,natural/vqav2/images/COCO_train2014_000000103687.jpg,640,480,RGB,364,252,117,0.29859375
natural_vqav2,train,natural/vqav2/images/COCO_train2014_000000213621.jpg,640,428,RGB,364,252,117,0.3348714953271028
natural_vqav2,train,natural/vqav2/images/COCO_train2014_000000392584.jpg,640,480,RGB,364,252,117,0.29859375
natural_vqav2,train,natural/vqav2/images/COCO_train2014_000000222751.jpg,500,437,RGB,336,280,120,0.4305720823798627
natural_vqav2,train,natural/vqav2/images/COCO_train2014_000000006465.jpg,640,480,RGB,364,252,117,0.29859375
natural_vqav2,train,natural/vqav2/images/COCO_train2014_000000126909.jpg,333,500,RGB,252,364,117,0.5509189189189189
natural_vqav2,train,natural/vqav2/images/COCO_train2014_000000123142.jpg,640,425,RGB,364,252,117,0.3372352941176471
natural_vqav2,train,natural/vqav2/images/COCO_train2014_000000009190.jpg,640,427,RGB,364,252,117,0.335655737704918
natural_vqav2,train,natural/vqav2/images/COCO_train2014_000000009195.jpg,640,480,RGB,364,252,117,0.29859375
natural_vqav2,train,natural/vqav2/images/COCO_train2014_000000223404.jpg,640,480,RGB,364,252,117,0.29859375
natural_vqav2,train,natural/vqav2/images/COCO_train2014_000000030462.jpg,500,355,RGB,364,252,117,0.5167774647887324
natural_vqav2,train,natural/vqav2/images/COCO_train2014_000000506545.jpg,375,500,RGB,252,364,117,0.489216
natural_vqav2,train,natural/vqav2/images/COCO_train2014_000000304921.jpg,480,640,RGB,252,364,117,0.29859375
natural_vqav2,train,natural/vqav2/images/COCO_train2014_000000147600.jpg,463,640,RGB,252,364,117,0.3095572354211663
natural_vqav2,train,natural/vqav2/images/COCO_train2014_000000014430.jpg,640,426,RGB,364,252,117,0.336443661971831
natural_vqav2,train,natural/vqav2/images/COCO_train2014_000000085765.jpg,424,640,RGB,252,364,117,0.3380306603773585
natural_vqav2,train,natural/vqav2/images/COCO_train2014_000000395178.jpg,640,426,RGB,364,252,117,0.336443661971831
natural_vqav2,train,natural/vqav2/images/COCO_train2014_000000258272.jpg,375,500,RGB,252,364,117,0.489216
natural_vqav2,train,natural/vqav2/images/COCO_train2014_000000500792.jpg,640,480,RGB,364,252,117,0.29859375
natural_vqav2,train,natural/vqav2/images/COCO_train2014_000000187488.jpg,375,500,RGB,252,364,117,0.489216
natural_vqav2,train,natural/vqav2/images/COCO_train2014_000000114540.jpg,640,633,RGB,308,308,121,0.23416271721958926
natural_vqav2,train,natural/vqav2/images/COCO_train2014_000000176300.jpg,510,340,RGB,364,252,117,0.5289965397923876
natural_vqav2,train,natural/vqav2/images/COCO_train2014_000000467071.jpg,640,425,RGB,364,252,117,0.3372352941176471
natural_vqav2,train,natural/vqav2/images/COCO_train2014_000000098038.jpg,640,480,RGB,364,252,117,0.29859375
natural_vqav2,train,natural/vqav2/images/COCO_train2014_000000121693.jpg,640,480,RGB,364,252,117,0.29859375
natural_vqav2,train,natural/vqav2/images/COCO_train2014_000000079869.jpg,500,375,RGB,364,252,117,0.489216
natural_vqav2,train,natural/vqav2/images/COCO_train2014_000000477475.jpg,640,427,RGB,364,252,117,0.335655737704918
natural_vqav2,train,natural/vqav2/images/COCO_train2014_000000542602.jpg,640,360,RGB,420,224,120,0.4083333333333333
natural_vqav2,train,natural/vqav2/images/COCO_train2014_000000249451.jpg,380,500,RGB,252,336,108,0.4456421052631579
natural_vqav2,train,natural/vqav2/images/COCO_train2014_000000491279.jpg,640,480,RGB,364,252,117,0.29859375
natural_vqav2,train,natural/vqav2/images/COCO_train2014_000000542930.jpg,640,427,RGB,364,252,117,0.335655737704918
natural_vqav2,train,natural/vqav2/images/COCO_train2014_000000246528.jpg,640,425,RGB,364,252,117,0.3372352941176471
natural_vqav2,train,natural/vqav2/images/COCO_train2014_000000429892.jpg,480,640,RGB,252,364,117,0.29859375
natural_vqav2,train,natural/vqav2/images/COCO_train2014_000000523742.jpg,612,612,RGB,308,308,121,0.25327865350933404
natural_vqav2,train,natural/vqav2/images/COCO_train2014_000000240706.jpg,640,480,RGB,364,252,117,0.29859375
natural_vqav2,train,natural/vqav2/images/COCO_train2014_000000280266.jpg,640,360,RGB,420,224,120,0.4083333333333333
natural_vqav2,train,natural/vqav2/images/COCO_train2014_000000384176.jpg,640,479,RGB,364,252,117,0.2992171189979123
natural_vqav2,train,natural/vqav2/images/COCO_train2014_000000074780.jpg,640,425,RGB,364,252,117,0.3372352941176471
natural_vqav2,train,natural/vqav2/images/COCO_train2014_000000141712.jpg,640,427,RGB,364,252,117,0.335655737704918
natural_vqav2,train,natural/vqav2/images/COCO_train2014_000000347755.jpg,640,534,RGB,336,280,120,0.2752808988764045
natural_vqav2,train,natural/vqav2/images/COCO_train2014_000000563584.jpg,640,425,RGB,364,252,117,0.3372352941176471
natural_vqav2,train,natural/vqav2/images/COCO_train2014_000000498295.jpg,435,640,RGB,252,364,117,0.32948275862068965
natural_vqav2,train,natural/vqav2/images/COCO_train2014_000000148409.jpg,480,640,RGB,252,364,117,0.29859375
natural_vqav2,train,natural/vqav2/images/COCO_train2014_000000055805.jpg,640,428,RGB,364,252,117,0.3348714953271028
natural_vqav2,train,natural/vqav2/images/COCO_train2014_000000511803.jpg,640,427,RGB,364,252,117,0.335655737704918
natural_vqav2,train,natural/vqav2/images/COCO_train2014_000000379871.jpg,480,640,RGB,252,364,117,0.29859375
natural_vqav2,train,natural/vqav2/images/COCO_train2014_000000050161.jpg,640,428,RGB,364,252,117,0.3348714953271028
natural_vqav2,train,natural/vqav2/images/COCO_train2014_000000192793.jpg,640,569,RGB,308,280,110,0.23681898066783832
natural_vqav2,train,natural/vqav2/images/COCO_train2014_000000225986.jpg,500,335,RGB,364,252,117,0.5476298507462687
natural_vqav2,train,natural/vqav2/images/COCO_train2014_000000243296.jpg,640,382,RGB,392,224,112,0.35916230366492147
natural_vqav2,train,natural/vqav2/images/COCO_train2014_000000327132.jpg,612,612,RGB,308,308,121,0.25327865350933404
natural_vqav2,train,natural/vqav2/images/COCO_train2014_000000253109.jpg,640,428,RGB,364,252,117,0.3348714953271028
natural_vqav2,train,natural/vqav2/images/COCO_train2014_000000283557.jpg,640,427,RGB,364,252,117,0.335655737704918
natural_vqav2,train,natural/vqav2/images/COCO_train2014_000000378186.jpg,500,335,RGB,364,252,117,0.5476298507462687
natural_vqav2,train,natural/vqav2/images/COCO_train2014_000000522330.jpg,612,612,RGB,308,308,121,0.25327865350933404
natural_vqav2,train,natural/vqav2/images/COCO_train2014_000000312117.jpg,640,457,RGB,364,252,117,0.31362144420131294
natural_vqav2,train,natural/vqav2/images/COCO_train2014_000000047328.jpg,640,426,RGB,364,252,117,0.336443661971831
natural_vqav2,train,natural/vqav2/images/COCO_train2014_000000473695.jpg,427,640,RGB,252,364,117,0.335655737704918
natural_vqav2,train,natural/vqav2/images/COCO_train2014_000000517340.jpg,640,480,RGB,364,252,117,0.29859375
natural_vqav2,train,natural/vqav2/images/COCO_train2014_000000418409.jpg,640,480,RGB,364,252,117,0.29859375
natural_vqav2,train,natural/vqav2/images/COCO_train2014_000000058179.jpg,238,640,RGB,168,504,108,0.5558823529411765
natural_vqav2,train,natural/vqav2/images/COCO_train2014_000000463140.jpg,640,480,RGB,364,252,117,0.29859375
natural_vqav2,train,natural/vqav2/images/COCO_train2014_000000088931.jpg,640,480,RGB,364,252,117,0.29859375
natural_vqav2,train,natural/vqav2/images/COCO_train2014_000000089052.jpg,640,359,RGB,420,224,120,0.40947075208913647
natural_vqav2,train,natural/vqav2/images/COCO_train2014_000000187354.jpg,640,484,RGB,364,252,117,0.29612603305785123
natural_vqav2,train,natural/vqav2/images/COCO_train2014_000000186484.jpg,640,390,RGB,392,224,112,0.3517948717948718
natural_vqav2,train,natural/vqav2/images/COCO_train2014_000000027974.jpg,640,480,RGB,364,252,117,0.29859375
natural_vqav2,train,natural/vqav2/images/COCO_train2014_000000325175.jpg,500,333,RGB,364,252,117,0.5509189189189189
natural_vqav2,train,natural/vqav2/images/COCO_train2014_000000567976.jpg,640,480,RGB,364,252,117,0.29859375
natural_vqav2,train,natural/vqav2/images/COCO_train2014_000000016735.jpg,640,480,RGB,364,252,117,0.29859375
natural_vqav2,train,natural/vqav2/images/COCO_train2014_000000249620.jpg,640,312,RGB,448,196,112,0.43974358974358974
natural_vqav2,train,natural/vqav2/images/COCO_train2014_000000302845.jpg,640,468,RGB,364,252,117,0.30625
natural_vqav2,train,natural/vqav2/images/COCO_train2014_000000266153.jpg,640,379,RGB,392,224,112,0.36200527704485486
natural_vqav2,train,natural/vqav2/images/COCO_train2014_000000444880.jpg,457,640,RGB,252,364,117,0.31362144420131294
natural_vqav2,train,natural/vqav2/images/COCO_train2014_000000285647.jpg,375,500,RGB,252,364,117,0.489216
natural_vqav2,train,natural/vqav2/images/COCO_train2014_000000292087.jpg,640,427,RGB,364,252,117,0.335655737704918
natural_vqav2,train,natural/vqav2/images/COCO_train2014_000000361454.jpg,443,640,RGB,252,364,117,0.3235327313769752
natural_vqav2,train,natural/vqav2/images/COCO_train2014_000000429685.jpg,640,480,RGB,364,252,117,0.29859375
natural_vqav2,train,natural/vqav2/images/COCO_train2014_000000288171.jpg,640,480,RGB,364,252,117,0.29859375
natural_vqav2,train,natural/vqav2/images/COCO_train2014_000000229208.jpg,425,640,RGB,252,364,117,0.3372352941176471
natural_vqav2,train,natural/vqav2/images/COCO_train2014_000000080792.jpg,640,403,RGB,392,224,112,0.3404466501240695
natural_vqav2,train,natural/vqav2/images/COCO_train2014_000000175952.jpg,640,480,RGB,364,252,117,0.29859375
natural_vqav2,train,natural/vqav2/images/COCO_train2014_000000273548.jpg,640,279,RGB,476,196,119,0.5224910394265233
natural_vqav2,train,natural/vqav2/images/COCO_train2014_000000162691.jpg,640,631,RGB,308,308,121,0.23490491283676704
natural_vqav2,train,natural/vqav2/images/COCO_train2014_000000571702.jpg,428,640,RGB,252,364,117,0.3348714953271028
natural_vqav2,train,natural/vqav2/images/COCO_train2014_000000096490.jpg,480,640,RGB,252,364,117,0.29859375
natural_vqav2,train,natural/vqav2/images/COCO_train2014_000000322749.jpg,640,427,RGB,364,252,117,0.335655737704918
natural_vqav2,train,natural/vqav2/images/COCO_train2014_000000424157.jpg,640,476,RGB,364,252,117,0.3011029411764706
natural_vqav2,train,natural/vqav2/images/COCO_train2014_000000292182.jpg,639,480,RGB,364,252,117,0.2990610328638498
natural_vqav2,train,natural/vqav2/images/COCO_train2014_000000117965.jpg,640,450,RGB,364,252,117,0.3185
natural_vqav2,train,natural/vqav2/images/COCO_train2014_000000204345.jpg,500,335,RGB,364,252,117,0.5476298507462687
natural_vqav2,train,natural/vqav2/images/COCO_train2014_000000027798.jpg,640,359,RGB,420,224,120,0.40947075208913647
natural_vqav2,train,natural/vqav2/images/COCO_train2014_000000341013.jpg,640,404,RGB,392,224,112,0.33960396039603963
natural_vqav2,train,natural/vqav2/images/COCO_train2014_000000460040.jpg,480,640,RGB,252,364,117,0.29859375
natural_vqav2,train,natural/vqav2/images/COCO_train2014_000000527717.jpg,500,375,RGB,364,252,117,0.489216
natural_vqav2,train,natural/vqav2/images/COCO_train2014_000000338218.jpg,640,359,RGB,420,224,120,0.40947075208913647
natural_vqav2,train,natural/vqav2/images/COCO_train2014_000000538007.jpg,640,480,RGB,364,252,117,0.29859375
natural_vqav2,train,natural/vqav2/images/COCO_train2014_000000235683.jpg,640,427,RGB,364,252,117,0.335655737704918
natural_vqav2,train,natural/vqav2/images/COCO_train2014_000000173629.jpg,375,500,RGB,252,364,117,0.489216
natural_vqav2,train,natural/vqav2/images/COCO_train2014_000000422954.jpg,375,500,RGB,252,364,117,0.489216
natural_vqav2,train,natural/vqav2/images/COCO_train2014_000000410708.jpg,640,480,RGB,364,252,117,0.29859375
natural_vqav2,train,natural/vqav2/images/COCO_train2014_000000398099.jpg,640,427,RGB,364,252,117,0.335655737704918
natural_vqav2,train,natural/vqav2/images/COCO_train2014_000000095535.jpg,640,427,RGB,364,252,117,0.335655737704918
natural_vqav2,train,natural/vqav2/images/COCO_train2014_000000562098.jpg,640,480,RGB,364,252,117,0.29859375
natural_vqav2,train,natural/vqav2/images/COCO_train2014_000000140278.jpg,500,375,RGB,364,252,117,0.489216
natural_vqav2,train,natural/vqav2/images/COCO_train2014_000000401266.jpg,500,375,RGB,364,252,117,0.489216
natural_vqav2,train,natural/vqav2/images/COCO_train2014_000000038513.jpg,480,640,RGB,252,364,117,0.29859375
natural_vqav2,train,natural/vqav2/images/COCO_train2014_000000327702.jpg,640,480,RGB,364,252,117,0.29859375
natural_vqav2,train,natural/vqav2/images/COCO_train2014_000000417474.jpg,480,640,RGB,252,364,117,0.29859375
natural_vqav2,train,natural/vqav2/images/COCO_train2014_000000459056.jpg,640,480,RGB,364,252,117,0.29859375
natural_vqav2,train,natural/vqav2/images/COCO_train2014_000000245683.jpg,640,523,RGB,336,280,120,0.28107074569789675
natural_vqav2,train,natural/vqav2/images/COCO_train2014_000000554538.jpg,500,334,RGB,364,252,117,0.5492694610778444
natural_vqav2,train,natural/vqav2/images/COCO_train2014_000000159444.jpg,640,383,RGB,392,224,112,0.35822454308093993
natural_vqav2,train,natural/vqav2/images/COCO_train2014_000000285817.jpg,640,457,RGB,364,252,117,0.31362144420131294
natural_vqav2,train,natural/vqav2/images/COCO_train2014_000000195081.jpg,480,640,RGB,252,364,117,0.29859375
natural_vqav2,train,natural/vqav2/images/COCO_train2014_000000577378.jpg,640,640,RGB,308,308,121,0.2316015625
natural_vqav2,train,natural/vqav2/images/COCO_train2014_000000400299.jpg,640,427,RGB,364,252,117,0.335655737704918
natural_vqav2,train,natural/vqav2/images/COCO_train2014_000000580541.jpg,480,640,RGB,252,364,117,0.29859375
natural_vqav2,train,natural/vqav2/images/COCO_train2014_000000167956.jpg,500,333,RGB,364,252,117,0.5509189189189189
natural_vqav2,train,natural/vqav2/images/COCO_train2014_000000238505.jpg,640,481,RGB,364,252,117,0.297972972972973
natural_vqav2,train,natural/vqav2/images/COCO_train2014_000000429896.jpg,640,640,RGB,308,308,121,0.2316015625
natural_vqav2,train,natural/vqav2/images/COCO_train2014_000000121599.jpg,640,429,RGB,364,252,117,0.3340909090909091
natural_vqav2,train,natural/vqav2/images/COCO_train2014_000000149645.jpg,640,313,RGB,448,196,112,0.4383386581469649
natural_vqav2,train,natural/vqav2/images/COCO_train2014_000000285883.jpg,640,480,RGB,364,252,117,0.29859375
natural_vqav2,train,natural/vqav2/images/COCO_train2014_000000119870.jpg,640,479,RGB,364,252,117,0.2992171189979123
natural_vqav2,train,natural/vqav2/images/COCO_train2014_000000407131.jpg,640,481,RGB,364,252,117,0.297972972972973
natural_vqav2,train,natural/vqav2/images/COCO_train2014_000000388203.jpg,478,640,RGB,252,364,117,0.2998430962343096
natural_vqav2,train,natural/vqav2/images/COCO_train2014_000000557005.jpg,640,360,RGB,420,224,120,0.4083333333333333
natural_vqav2,train,natural/vqav2/images/COCO_train2014_000000201724.jpg,640,480,RGB,364,252,117,0.29859375
natural_vqav2,train,natural/vqav2/images/COCO_train2014_000000387930.jpg,640,414,RGB,392,252,126,0.37282608695652175
natural_vqav2,train,natural/vqav2/images/COCO_train2014_000000159558.jpg,640,480,RGB,364,252,117,0.29859375
natural_vqav2,train,natural/vqav2/images/COCO_train2014_000000086358.jpg,640,640,RGB,308,308,121,0.2316015625
natural_vqav2,train,natural/vqav2/images/COCO_train2014_000000264733.jpg,640,427,RGB,364,252,117,0.335655737704918
natural_vqav2,train,natural/vqav2/images/COCO_train2014_000000225343.jpg,404,640,RGB,224,392,112,0.33960396039603963
natural_vqav2,train,natural/vqav2/images/COCO_train2014_000000095832.jpg,426,640,RGB,252,364,117,0.336443661971831
natural_vqav2,train,natural/vqav2/images/COCO_train2014_000000101435.jpg,640,360,RGB,420,224,120,0.4083333333333333
natural_vqav2,train,natural/vqav2/images/COCO_train2014_000000413757.jpg,640,427,RGB,364,252,117,0.335655737704918
natural_vqav2,train,natural/vqav2/images/COCO_train2014_000000550569.jpg,640,427,RGB,364,252,117,0.335655737704918
natural_vqav2,train,natural/vqav2/images/COCO_train2014_000000288964.jpg,500,333,RGB,364,252,117,0.5509189189189189
natural_vqav2,train,natural/vqav2/images/COCO_train2014_000000429709.jpg,426,640,RGB,252,364,117,0.336443661971831
natural_vqav2,train,natural/vqav2/images/COCO_train2014_000000300169.jpg,480,640,RGB,252,364,117,0.29859375
natural_vqav2,train,natural/vqav2/images/COCO_train2014_000000562835.jpg,640,480,RGB,364,252,117,0.29859375
natural_vqav2,train,natural/vqav2/images/COCO_train2014_000000209791.jpg,640,480,RGB,364,252,117,0.29859375
natural_vqav2,train,natural/vqav2/images/COCO_train2014_000000341440.jpg,640,480,RGB,364,252,117,0.29859375
natural_vqav2,train,natural/vqav2/images/COCO_train2014_000000009990.jpg,640,400,RGB,392,224,112,0.343
natural_vqav2,train,natural/vqav2/images/COCO_train2014_000000082776.jpg,612,612,RGB,308,308,121,0.25327865350933404
natural_vqav2,train,natural/vqav2/images/COCO_train2014_000000074544.jpg,478,640,RGB,252,364,117,0.2998430962343096
natural_vqav2,train,natural/vqav2/images/COCO_train2014_000000246706.jpg,640,480,RGB,364,252,117,0.29859375
natural_vqav2,train,natural/vqav2/images/COCO_train2014_000000124562.jpg,640,483,RGB,364,252,117,0.2967391304347826
natural_vqav2,train,natural/vqav2/images/COCO_train2014_000000251439.jpg,427,640,RGB,252,364,117,0.335655737704918
natural_vqav2,train,natural/vqav2/images/COCO_train2014_000000125920.jpg,542,588,RGB,280,308,110,0.27060270602706027
natural_vqav2,train,natural/vqav2/images/COCO_train2014_000000474342.jpg,500,414,RGB,336,280,120,0.4544927536231884
natural_vqav2,train,natural/vqav2/images/COCO_train2014_000000266536.jpg,640,478,RGB,364,252,117,0.2998430962343096
natural_vqav2,train,natural/vqav2/images/COCO_train2014_000000211405.jpg,480,640,RGB,252,364,117,0.29859375
natural_vqav2,train,natural/vqav2/images/COCO_train2014_000000018090.jpg,640,426,RGB,364,252,117,0.336443661971831
natural_vqav2,train,natural/vqav2/images/COCO_train2014_000000175284.jpg,500,375,RGB,364,252,117,0.489216
natural_vqav2,train,natural/vqav2/images/COCO_train2014_000000018614.jpg,500,335,RGB,364,252,117,0.5476298507462687
natural_vqav2,train,natural/vqav2/images/COCO_train2014_000000229284.jpg,640,480,RGB,364,252,117,0.29859375
natural_vqav2,train,natural/vqav2/images/COCO_train2014_000000324339.jpg,640,419,RGB,364,252,117,0.34206443914081147
natural_vqav2,train,natural/vqav2/images/COCO_train2014_000000067344.jpg,640,480,RGB,364,252,117,0.29859375
natural_vqav2,train,natural/vqav2/images/COCO_train2014_000000072098.jpg,430,640,L,252,364,117,0.3333139534883721
natural_vqav2,train,natural/vqav2/images/COCO_train2014_000000485350.jpg,360,640,RGB,224,420,120,0.4083333333333333
natural_vqav2,train,natural/vqav2/images/COCO_train2014_000000112783.jpg,500,332,RGB,364,252,117,0.5525783132530121
natural_vqav2,train,natural/vqav2/images/COCO_train2014_000000034973.jpg,480,640,RGB,252,364,117,0.29859375
natural_vqav2,train,natural/vqav2/images/COCO_train2014_000000334980.jpg,281,500,RGB,224,420,120,0.6696085409252669
natural_vqav2,train,natural/vqav2/images/COCO_train2014_000000401778.jpg,640,483,RGB,364,252,117,0.2967391304347826
natural_vqav2,train,natural/vqav2/images/COCO_train2014_000000340145.jpg,640,480,RGB,364,252,117,0.29859375
natural_vqav2,train,natural/vqav2/images/COCO_train2014_000000473957.jpg,480,640,RGB,252,364,117,0.29859375
natural_vqav2,train,natural/vqav2/images/COCO_train2014_000000426445.jpg,640,457,RGB,364,252,117,0.31362144420131294
natural_vqav2,train,natural/vqav2/images/COCO_train2014_000000558516.jpg,640,427,RGB,364,252,117,0.335655737704918
natural_vqav2,train,natural/vqav2/images/COCO_train2014_000000397877.jpg,480,640,RGB,252,364,117,0.29859375
natural_vqav2,train,natural/vqav2/images/COCO_train2014_000000135576.jpg,640,427,RGB,364,252,117,0.335655737704918
natural_vqav2,train,natural/vqav2/images/COCO_train2014_000000040351.jpg,640,512,RGB,336,280,120,0.287109375
natural_vqav2,train,natural/vqav2/images/COCO_train2014_000000243102.jpg,640,412,RGB,392,252,126,0.37463592233009707
natural_vqav2,train,natural/vqav2/images/COCO_train2014_000000126757.jpg,640,425,RGB,364,252,117,0.3372352941176471
natural_vqav2,train,natural/vqav2/images/COCO_train2014_000000372390.jpg,500,334,RGB,364,252,117,0.5492694610778444
natural_vqav2,train,natural/vqav2/images/COCO_train2014_000000064612.jpg,640,425,RGB,364,252,117,0.3372352941176471
natural_vqav2,train,natural/vqav2/images/COCO_train2014_000000232699.jpg,640,426,RGB,364,252,117,0.336443661971831
natural_vqav2,train,natural/vqav2/images/COCO_train2014_000000046258.jpg,439,640,RGB,252,364,117,0.32648063781321185
natural_vqav2,train,natural/vqav2/images/COCO_train2014_000000497797.jpg,640,426,RGB,364,252,117,0.336443661971831
natural_vqav2,train,natural/vqav2/images/COCO_train2014_000000484960.jpg,640,427,RGB,364,252,117,0.335655737704918
natural_vqav2,train,natural/vqav2/images/COCO_train2014_000000441464.jpg,640,427,RGB,364,252,117,0.335655737704918
natural_vqav2,train,natural/vqav2/images/COCO_train2014_000000028335.jpg,640,426,RGB,364,252,117,0.336443661971831
natural_vqav2,train,natural/vqav2/images/COCO_train2014_000000535033.jpg,480,640,RGB,252,364,117,0.29859375
natural_vqav2,train,natural/vqav2/images/COCO_train2014_000000358174.jpg,640,480,RGB,364,252,117,0.29859375
natural_vqav2,train,natural/vqav2/images/COCO_train2014_000000309461.jpg,360,640,RGB,224,420,120,0.4083333333333333
natural_vqav2,train,natural/vqav2/images/COCO_train2014_000000393016.jpg,640,427,RGB,364,252,117,0.335655737704918
natural_vqav2,train,natural/vqav2/images/COCO_train2014_000000311694.jpg,500,375,RGB,364,252,117,0.489216
natural_vqav2,train,natural/vqav2/images/COCO_train2014_000000218931.jpg,640,480,RGB,364,252,117,0.29859375
natural_vqav2,train,natural/vqav2/images/COCO_train2014_000000228965.jpg,640,434,RGB,364,252,117,0.330241935483871
natural_vqav2,train,natural/vqav2/images/COCO_train2014_000000417478.jpg,426,640,RGB,252,364,117,0.336443661971831
natural_vqav2,train,natural/vqav2/images/COCO_train2014_000000300072.jpg,640,424,RGB,364,252,117,0.3380306603773585
natural_vqav2,train,natural/vqav2/images/COCO_train2014_000000399581.jpg,640,480,RGB,364,252,117,0.29859375
natural_vqav2,train,natural/vqav2/images/COCO_train2014_000000296781.jpg,333,500,RGB,252,364,117,0.5509189189189189
natural_vqav2,train,natural/vqav2/images/COCO_train2014_000000535369.jpg,640,360,RGB,420,224,120,0.4083333333333333
natural_vqav2,train,natural/vqav2/images/COCO_train2014_000000097530.jpg,480,640,RGB,252,364,117,0.29859375
natural_vqav2,train,natural/vqav2/images/COCO_train2014_000000322468.jpg,412,640,RGB,252,392,126,0.37463592233009707
natural_vqav2,train,natural/vqav2/images/COCO_train2014_000000095213.jpg,480,640,RGB,252,364,117,0.29859375
natural_vqav2,train,natural/vqav2/images/COCO_train2014_000000173451.jpg,640,428,RGB,364,252,117,0.3348714953271028
natural_vqav2,train,natural/vqav2/images/COCO_train2014_000000283316.jpg,612,612,RGB,308,308,121,0.25327865350933404
natural_vqav2,train,natural/vqav2/images/COCO_train2014_000000086243.jpg,500,375,RGB,364,252,117,0.489216
natural_vqav2,train,natural/vqav2/images/COCO_train2014_000000286897.jpg,640,344,RGB,420,224,120,0.4273255813953488
natural_vqav2,train,natural/vqav2/images/COCO_train2014_000000185265.jpg,640,480,RGB,364,252,117,0.29859375
natural_vqav2,train,natural/vqav2/images/COCO_train2014_000000310511.jpg,640,640,RGB,308,308,121,0.2316015625
natural_vqav2,train,natural/vqav2/images/COCO_train2014_000000244885.jpg,500,375,RGB,364,252,117,0.489216
natural_vqav2,train,natural/vqav2/images/COCO_train2014_000000527453.jpg,427,640,RGB,252,364,117,0.335655737704918
natural_vqav2,train,natural/vqav2/images/COCO_train2014_000000444210.jpg,640,427,RGB,364,252,117,0.335655737704918
natural_vqav2,train,natural/vqav2/images/COCO_train2014_000000048134.jpg,640,575,RGB,308,280,110,0.23434782608695653
natural_vqav2,train,natural/vqav2/images/COCO_train2014_000000406920.jpg,640,480,RGB,364,252,117,0.29859375
natural_vqav2,train,natural/vqav2/images/COCO_train2014_000000521914.jpg,640,480,RGB,364,252,117,0.29859375
natural_vqav2,train,natural/vqav2/images/COCO_train2014_000000355462.jpg,512,640,RGB,280,336,120,0.287109375
natural_vqav2,train,natural/vqav2/images/COCO_train2014_000000456900.jpg,640,481,RGB,364,252,117,0.297972972972973
natural_vqav2,train,natural/vqav2/images/COCO_train2014_000000156326.jpg,252,252,RGB,252,252,81,1.0
natural_vqav2,train,natural/vqav2/images/COCO_train2014_000000257117.jpg,640,298,RGB,448,196,112,0.4604026845637584
natural_vqav2,train,natural/vqav2/images/COCO_train2014_000000351313.jpg,640,480,RGB,364,252,117,0.29859375
natural_vqav2,train,natural/vqav2/images/COCO_train2014_000000353933.jpg,500,333,RGB,364,252,117,0.5509189189189189
natural_vqav2,train,natural/vqav2/images/COCO_train2014_000000513849.jpg,500,375,RGB,364,252,117,0.489216
natural_vqav2,train,natural/vqav2/images/COCO_train2014_000000090352.jpg,375,500,RGB,252,364,117,0.489216
natural_vqav2,train,natural/vqav2/images/COCO_train2014_000000413088.jpg,640,427,RGB,364,252,117,0.335655737704918
natural_vqav2,train,natural/vqav2/images/COCO_train2014_000000147972.jpg,640,457,RGB,364,252,117,0.31362144420131294
natural_vqav2,train,natural/vqav2/images/COCO_train2014_000000020677.jpg,500,375,RGB,364,252,117,0.489216
natural_vqav2,train,natural/vqav2/images/COCO_train2014_000000008781.jpg,640,430,RGB,364,252,117,0.3333139534883721
natural_vqav2,train,natural/vqav2/images/COCO_train2014_000000568023.jpg,480,640,RGB,252,364,117,0.29859375
natural_vqav2,train,natural/vqav2/images/COCO_train2014_000000484753.jpg,640,359,RGB,420,224,120,0.40947075208913647
natural_vqav2,train,natural/vqav2/images/COCO_train2014_000000171063.jpg,600,400,RGB,364,252,117,0.3822
natural_vqav2,train,natural/vqav2/images/COCO_train2014_000000491191.jpg,640,427,RGB,364,252,117,0.335655737704918
natural_vqav2,train,natural/vqav2/images/COCO_train2014_000000480872.jpg,500,375,RGB,364,252,117,0.489216
natural_vqav2,train,natural/vqav2/images/COCO_train2014_000000431750.jpg,640,596,RGB,308,280,110,0.22609060402684564
natural_vqav2,train,natural/vqav2/images/COCO_train2014_000000487559.jpg,640,480,RGB,364,252,117,0.29859375
natural_vqav2,train,natural/vqav2/images/COCO_train2014_000000249616.jpg,640,480,RGB,364,252,117,0.29859375
natural_vqav2,train,natural/vqav2/images/COCO_train2014_000000462901.jpg,480,640,RGB,252,364,117,0.29859375
natural_vqav2,train,natural/vqav2/images/COCO_train2014_000000506862.jpg,640,498,RGB,336,252,108,0.2656626506024096
natural_vqav2,train,natural/vqav2/images/COCO_train2014_000000311511.jpg,640,426,RGB,364,252,117,0.336443661971831
natural_vqav2,train,natural/vqav2/images/COCO_train2014_000000362257.jpg,480,640,RGB,252,364,117,0.29859375
natural_vqav2,train,natural/vqav2/images/COCO_train2014_000000126126.jpg,640,425,RGB,364,252,117,0.3372352941176471
natural_vqav2,train,natural/vqav2/images/COCO_train2014_000000238105.jpg,500,333,RGB,364,252,117,0.5509189189189189
natural_vqav2,train,natural/vqav2/images/COCO_train2014_000000031912.jpg,427,640,RGB,252,364,117,0.335655737704918
natural_vqav2,train,natural/vqav2/images/COCO_train2014_000000389244.jpg,640,428,RGB,364,252,117,0.3348714953271028
natural_vqav2,train,natural/vqav2/images/COCO_train2014_000000094791.jpg,640,427,RGB,364,252,117,0.335655737704918
natural_vqav2,train,natural/vqav2/images/COCO_train2014_000000105685.jpg,480,640,RGB,252,364,117,0.29859375
natural_vqav2,train,natural/vqav2/images/COCO_train2014_000000153350.jpg,640,480,RGB,364,252,117,0.29859375
natural_vqav2,train,natural/vqav2/images/COCO_train2014_000000080397.jpg,500,281,RGB,420,224,120,0.6696085409252669
natural_vqav2,train,natural/vqav2/images/COCO_train2014_000000483015.jpg,640,480,RGB,364,252,117,0.29859375
natural_vqav2,train,natural/vqav2/images/COCO_train2014_000000019647.jpg,640,428,RGB,364,252,117,0.3348714953271028
natural_vqav2,train,natural/vqav2/images/COCO_train2014_000000077472.jpg,420,640,RGB,252,364,117,0.34125
natural_vqav2,train,natural/vqav2/images/COCO_train2014_000000528631.jpg,640,451,RGB,364,252,117,0.3177937915742794
natural_vqav2,train,natural/vqav2/images/COCO_train2014_000000118535.jpg,500,375,RGB,364,252,117,0.489216
natural_vqav2,train,natural/vqav2/images/COCO_train2014_000000535340.jpg,640,480,RGB,364,252,117,0.29859375
natural_vqav2,train,natural/vqav2/images/COCO_train2014_000000476034.jpg,640,425,RGB,364,252,117,0.3372352941176471
natural_vqav2,train,natural/vqav2/images/COCO_train2014_000000549879.jpg,640,493,L,336,252,108,0.26835699797160245
natural_vqav2,train,natural/vqav2/images/COCO_train2014_000000151050.jpg,640,480,RGB,364,252,117,0.29859375
natural_vqav2,train,natural/vqav2/images/COCO_train2014_000000444308.jpg,500,333,RGB,364,252,117,0.5509189189189189
natural_vqav2,train,natural/vqav2/images/COCO_train2014_000000466547.jpg,640,480,RGB,364,252,117,0.29859375
natural_vqav2,train,natural/vqav2/images/COCO_train2014_000000441407.jpg,612,612,RGB,308,308,121,0.25327865350933404
natural_vqav2,train,natural/vqav2/images/COCO_train2014_000000120369.jpg,640,640,RGB,308,308,121,0.2316015625
natural_vqav2,train,natural/vqav2/images/COCO_train2014_000000389021.jpg,640,480,RGB,364,252,117,0.29859375
natural_vqav2,train,natural/vqav2/images/COCO_train2014_000000338954.jpg,500,375,RGB,364,252,117,0.489216
natural_vqav2,train,natural/vqav2/images/COCO_train2014_000000064417.jpg,612,612,RGB,308,308,121,0.25327865350933404
natural_vqav2,train,natural/vqav2/images/COCO_train2014_000000524211.jpg,640,427,RGB,364,252,117,0.335655737704918
natural_vqav2,train,natural/vqav2/images/COCO_train2014_000000381766.jpg,640,425,RGB,364,252,117,0.3372352941176471
natural_vqav2,train,natural/vqav2/images/COCO_train2014_000000191363.jpg,640,480,RGB,364,252,117,0.29859375
natural_vqav2,train,natural/vqav2/images/COCO_train2014_000000550448.jpg,640,528,RGB,336,280,120,0.2784090909090909
natural_vqav2,train,natural/vqav2/images/COCO_train2014_000000245336.jpg,640,427,RGB,364,252,117,0.335655737704918
natural_vqav2,train,natural/vqav2/images/COCO_train2014_000000436611.jpg,640,512,RGB,336,280,120,0.287109375
natural_vqav2,train,natural/vqav2/images/COCO_train2014_000000422809.jpg,424,640,RGB,252,364,117,0.3380306603773585
natural_vqav2,train,natural/vqav2/images/COCO_train2014_000000018743.jpg,500,375,RGB,364,252,117,0.489216
natural_vqav2,train,natural/vqav2/images/COCO_train2014_000000405662.jpg,427,640,RGB,252,364,117,0.335655737704918
natural_vqav2,train,natural/vqav2/images/COCO_train2014_000000528147.jpg,640,479,RGB,364,252,117,0.2992171189979123
natural_vqav2,train,natural/vqav2/images/COCO_train2014_000000235499.jpg,640,451,RGB,364,252,117,0.3177937915742794
natural_vqav2,train,natural/vqav2/images/COCO_train2014_000000159582.jpg,640,480,RGB,364,252,117,0.29859375
natural_vqav2,train,natural/vqav2/images/COCO_train2014_000000281887.jpg,640,453,RGB,364,252,117,0.3163907284768212
natural_vqav2,train,natural/vqav2/images/COCO_train2014_000000535766.jpg,480,640,RGB,252,364,117,0.29859375
natural_vqav2,train,natural/vqav2/images/COCO_train2014_000000345728.jpg,640,425,RGB,364,252,117,0.3372352941176471
natural_vqav2,train,natural/vqav2/images/COCO_train2014_000000237632.jpg,640,383,RGB,392,224,112,0.35822454308093993
natural_vqav2,train,natural/vqav2/images/COCO_train2014_000000046029.jpg,640,480,RGB,364,252,117,0.29859375
natural_vqav2,train,natural/vqav2/images/COCO_train2014_000000444340.jpg,640,460,RGB,364,252,117,0.3115760869565217
natural_vqav2,train,natural/vqav2/images/COCO_train2014_000000003804.jpg,640,409,RGB,392,252,126,0.3773838630806846
natural_vqav2,train,natural/vqav2/images/COCO_train2014_000000070285.jpg,640,428,RGB,364,252,117,0.3348714953271028
natural_vqav2,train,natural/vqav2/images/COCO_train2014_000000170980.jpg,500,375,RGB,364,252,117,0.489216
natural_vqav2,train,natural/vqav2/images/COCO_train2014_000000213003.jpg,640,482,RGB,364,252,117,0.29735477178423236
natural_vqav2,train,natural/vqav2/images/COCO_train2014_000000055788.jpg,640,427,RGB,364,252,117,0.335655737704918
natural_vqav2,train,natural/vqav2/images/COCO_train2014_000000101842.jpg,427,640,RGB,252,364,117,0.335655737704918
natural_vqav2,train,natural/vqav2/images/COCO_train2014_000000429521.jpg,375,500,RGB,252,364,117,0.489216
natural_vqav2,train,natural/vqav2/images/COCO_train2014_000000159398.jpg,640,457,RGB,364,252,117,0.31362144420131294
natural_vqav2,train,natural/vqav2/images/COCO_train2014_000000060720.jpg,640,480,RGB,364,252,117,0.29859375
natural_vqav2,train,natural/vqav2/images/COCO_train2014_000000134071.jpg,640,513,L,336,280,120,0.28654970760233917
natural_vqav2,train,natural/vqav2/images/COCO_train2014_000000320194.jpg,640,427,RGB,364,252,117,0.335655737704918
natural_vqav2,train,natural/vqav2/images/COCO_train2014_000000477295.jpg,640,428,RGB,364,252,117,0.3348714953271028
natural_vqav2,train,natural/vqav2/images/COCO_train2014_000000285851.jpg,425,640,RGB,252,364,117,0.3372352941176471
natural_vqav2,train,natural/vqav2/images/COCO_train2014_000000554621.jpg,500,332,RGB,364,252,117,0.5525783132530121
natural_vqav2,train,natural/vqav2/images/COCO_train2014_000000082147.jpg,640,481,RGB,364,252,117,0.297972972972973
natural_vqav2,train,natural/vqav2/images/COCO_train2014_000000348179.jpg,640,427,RGB,364,252,117,0.335655737704918
natural_vqav2,train,natural/vqav2/images/COCO_train2014_000000181953.jpg,640,480,RGB,364,252,117,0.29859375
natural_vqav2,train,natural/vqav2/images/COCO_train2014_000000448671.jpg,640,480,RGB,364,252,117,0.29859375
natural_vqav2,train,natural/vqav2/images/COCO_train2014_000000566583.jpg,640,480,RGB,364,252,117,0.29859375
natural_vqav2,train,natural/vqav2/images/COCO_train2014_000000459343.jpg,640,427,RGB,364,252,117,0.335655737704918
natural_vqav2,train,natural/vqav2/images/COCO_train2014_000000126305.jpg,640,427,RGB,364,252,117,0.335655737704918
natural_vqav2,train,natural/vqav2/images/COCO_train2014_000000162182.jpg,458,640,RGB,252,364,117,0.3129366812227074
natural_vqav2,train,natural/vqav2/images/COCO_train2014_000000315297.jpg,640,413,RGB,392,252,126,0.373728813559322
natural_vqav2,train,natural/vqav2/images/COCO_train2014_000000564232.jpg,640,455,RGB,364,252,117,0.315
natural_vqav2,train,natural/vqav2/images/COCO_train2014_000000071016.jpg,640,427,RGB,364,252,117,0.335655737704918
natural_vqav2,train,natural/vqav2/images/COCO_train2014_000000006270.jpg,640,480,RGB,364,252,117,0.29859375
natural_vqav2,train,natural/vqav2/images/COCO_train2014_000000301549.jpg,500,334,RGB,364,252,117,0.5492694610778444
natural_vqav2,train,natural/vqav2/images/COCO_train2014_000000184202.jpg,500,291,RGB,392,224,112,0.6034914089347079
natural_vqav2,train,natural/vqav2/images/COCO_train2014_000000036729.jpg,640,486,RGB,336,252,108,0.2722222222222222
natural_vqav2,train,natural/vqav2/images/COCO_train2014_000000464456.jpg,640,480,RGB,364,252,117,0.29859375
natural_vqav2,train,natural/vqav2/images/COCO_train2014_000000085659.jpg,640,427,RGB,364,252,117,0.335655737704918
natural_vqav2,train,natural/vqav2/images/COCO_train2014_000000025675.jpg,500,335,RGB,364,252,117,0.5476298507462687
natural_vqav2,train,natural/vqav2/images/COCO_train2014_000000401109.jpg,612,612,RGB,308,308,121,0.25327865350933404
natural_vqav2,train,natural/vqav2/images/COCO_train2014_000000334104.jpg,640,480,RGB,364,252,117,0.29859375
natural_vqav2,train,natural/vqav2/images/COCO_train2014_000000420397.jpg,501,640,RGB,280,336,120,0.2934131736526946
natural_vqav2,train,natural/vqav2/images/COCO_train2014_000000113293.jpg,640,480,RGB,364,252,117,0.29859375
natural_vqav2,train,natural/vqav2/images/COCO_train2014_000000238831.jpg,640,448,RGB,364,252,117,0.319921875
natural_vqav2,train,natural/vqav2/images/COCO_train2014_000000564339.jpg,640,376,RGB,392,224,112,0.3648936170212766
natural_vqav2,train,natural/vqav2/images/COCO_train2014_000000287875.jpg,640,480,RGB,364,252,117,0.29859375
natural_vqav2,train,natural/vqav2/images/COCO_train2014_000000102755.jpg,640,426,RGB,364,252,117,0.336443661971831
natural_vqav2,train,natural/vqav2/images/COCO_train2014_000000428355.jpg,640,427,RGB,364,252,117,0.335655737704918
natural_vqav2,train,natural/vqav2/images/COCO_train2014_000000472097.jpg,640,480,RGB,364,252,117,0.29859375
natural_vqav2,train,natural/vqav2/images/COCO_train2014_000000551074.jpg,426,640,RGB,252,364,117,0.336443661971831
natural_vqav2,train,natural/vqav2/images/COCO_train2014_000000258931.jpg,640,480,RGB,364,252,117,0.29859375
natural_vqav2,train,natural/vqav2/images/COCO_train2014_000000250278.jpg,640,426,RGB,364,252,117,0.336443661971831
natural_vqav2,train,natural/vqav2/images/COCO_train2014_000000110928.jpg,375,500,RGB,252,364,117,0.489216
natural_vqav2,train,natural/vqav2/images/COCO_train2014_000000455328.jpg,500,335,RGB,364,252,117,0.5476298507462687
natural_vqav2,train,natural/vqav2/images/COCO_train2014_000000426422.jpg,640,427,RGB,364,252,117,0.335655737704918
natural_vqav2,train,natural/vqav2/images/COCO_train2014_000000551986.jpg,640,427,RGB,364,252,117,0.335655737704918
natural_vqav2,train,natural/vqav2/images/COCO_train2014_000000099192.jpg,640,427,RGB,364,252,117,0.335655737704918
natural_vqav2,train,natural/vqav2/images/COCO_train2014_000000557843.jpg,640,427,RGB,364,252,117,0.335655737704918
natural_vqav2,train,natural/vqav2/images/COCO_train2014_000000480687.jpg,640,480,RGB,364,252,117,0.29859375
natural_vqav2,train,natural/vqav2/images/COCO_train2014_000000294565.jpg,640,421,RGB,364,252,117,0.3404394299287411
natural_vqav2,train,natural/vqav2/images/COCO_train2014_000000488538.jpg,640,427,RGB,364,252,117,0.335655737704918
natural_vqav2,train,natural/vqav2/images/COCO_train2014_000000402699.jpg,640,480,RGB,364,252,117,0.29859375
natural_vqav2,train,natural/vqav2/images/COCO_train2014_000000560726.jpg,640,480,RGB,364,252,117,0.29859375
natural_vqav2,train,natural/vqav2/images/COCO_train2014_000000379044.jpg,640,359,RGB,420,224,120,0.40947075208913647
natural_vqav2,train,natural/vqav2/images/COCO_train2014_000000376047.jpg,428,640,RGB,252,364,117,0.3348714953271028
natural_vqav2,train,natural/vqav2/images/COCO_train2014_000000039993.jpg,640,480,RGB,364,252,117,0.29859375
natural_vqav2,train,natural/vqav2/images/COCO_train2014_000000354318.jpg,640,427,RGB,364,252,117,0.335655737704918
natural_vqav2,train,natural/vqav2/images/COCO_train2014_000000016673.jpg,640,480,RGB,364,252,117,0.29859375
natural_vqav2,train,natural/vqav2/images/COCO_train2014_000000230567.jpg,500,324,RGB,392,252,126,0.6097777777777778
natural_vqav2,train,natural/vqav2/images/COCO_train2014_000000405897.jpg,640,480,RGB,364,252,117,0.29859375
natural_vqav2,train,natural/vqav2/images/COCO_train2014_000000033572.jpg,500,350,RGB,364,252,117,0.52416
natural_vqav2,train,natural/vqav2/images/COCO_train2014_000000224242.jpg,640,427,RGB,364,252,117,0.335655737704918
natural_vqav2,train,natural/vqav2/images/COCO_train2014_000000033756.jpg,640,426,RGB,364,252,117,0.336443661971831
natural_vqav2,train,natural/vqav2/images/COCO_train2014_000000451826.jpg,640,427,RGB,364,252,117,0.335655737704918
natural_vqav2,train,natural/vqav2/images/COCO_train2014_000000519836.jpg,400,500,RGB,280,336,120,0.4704
natural_vqav2,train,natural/vqav2/images/COCO_train2014_000000304523.jpg,640,480,RGB,364,252,117,0.29859375
natural_vqav2,train,natural/vqav2/images/COCO_train2014_000000314915.jpg,479,640,RGB,252,364,117,0.2992171189979123
natural_vqav2,train,natural/vqav2/images/COCO_train2014_000000156151.jpg,640,480,RGB,364,252,117,0.29859375
natural_vqav2,train,natural/vqav2/images/COCO_train2014_000000517690.jpg,640,427,RGB,364,252,117,0.335655737704918
natural_vqav2,train,natural/vqav2/images/COCO_train2014_000000359519.jpg,500,333,RGB,364,252,117,0.5509189189189189
natural_vqav2,train,natural/vqav2/images/COCO_train2014_000000007642.jpg,640,480,RGB,364,252,117,0.29859375
natural_vqav2,train,natural/vqav2/images/COCO_train2014_000000289758.jpg,320,240,RGB,308,252,99,1.010625
natural_vqav2,train,natural/vqav2/images/COCO_train2014_000000094390.jpg,500,189,RGB,504,196,126,1.0453333333333332
natural_vqav2,train,natural/vqav2/images/COCO_train2014_000000527628.jpg,640,640,RGB,308,308,121,0.2316015625
natural_vqav2,train,natural/vqav2/images/COCO_train2014_000000422286.jpg,478,640,RGB,252,364,117,0.2998430962343096
natural_vqav2,train,natural/vqav2/images/COCO_train2014_000000384261.jpg,361,431,RGB,280,336,120,0.6046622233933839
natural_vqav2,train,natural/vqav2/images/COCO_train2014_000000339639.jpg,478,640,RGB,252,364,117,0.2998430962343096
natural_vqav2,train,natural/vqav2/images/COCO_train2014_000000308222.jpg,400,300,RGB,364,252,117,0.7644
natural_vqav2,train,natural/vqav2/images/COCO_train2014_000000185632.jpg,640,480,RGB,364,252,117,0.29859375
natural_vqav2,train,natural/vqav2/images/COCO_train2014_000000041552.jpg,640,427,RGB,364,252,117,0.335655737704918
natural_vqav2,train,natural/vqav2/images/COCO_train2014_000000119562.jpg,640,360,RGB,420,224,120,0.4083333333333333
natural_vqav2,train,natural/vqav2/images/COCO_train2014_000000541855.jpg,333,500,RGB,252,364,117,0.5509189189189189
natural_vqav2,train,natural/vqav2/images/COCO_train2014_000000019388.jpg,480,640,RGB,252,364,117,0.29859375
natural_vqav2,train,natural/vqav2/images/COCO_train2014_000000553166.jpg,640,427,RGB,364,252,117,0.335655737704918
natural_vqav2,train,natural/vqav2/images/COCO_train2014_000000472133.jpg,500,333,RGB,364,252,117,0.5509189189189189
natural_vqav2,train,natural/vqav2/images/COCO_train2014_000000173474.jpg,500,333,RGB,364,252,117,0.5509189189189189
natural_vqav2,train,natural/vqav2/images/COCO_train2014_000000146401.jpg,640,369,RGB,392,224,112,0.37181571815718156
natural_vqav2,train,natural/vqav2/images/COCO_train2014_000000374351.jpg,640,480,RGB,364,252,117,0.29859375
natural_vqav2,train,natural/vqav2/images/COCO_train2014_000000300898.jpg,500,375,RGB,364,252,117,0.489216
natural_vqav2,train,natural/vqav2/images/COCO_train2014_000000236199.jpg,428,640,RGB,252,364,117,0.3348714953271028
natural_vqav2,train,natural/vqav2/images/COCO_train2014_000000193023.jpg,640,480,RGB,364,252,117,0.29859375
natural_vqav2,train,natural/vqav2/images/COCO_train2014_000000319351.jpg,640,480,RGB,364,252,117,0.29859375
natural_vqav2,train,natural/vqav2/images/COCO_train2014_000000179088.jpg,640,480,RGB,364,252,117,0.29859375
natural_vqav2,train,natural/vqav2/images/COCO_train2014_000000442872.jpg,612,612,RGB,308,308,121,0.25327865350933404
natural_vqav2,train,natural/vqav2/images/COCO_train2014_000000268921.jpg,640,512,RGB,336,280,120,0.287109375
natural_vqav2,train,natural/vqav2/images/COCO_train2014_000000198705.jpg,480,640,RGB,252,364,117,0.29859375
natural_vqav2,train,natural/vqav2/images/COCO_train2014_000000285998.jpg,640,424,RGB,364,252,117,0.3380306603773585
natural_vqav2,train,natural/vqav2/images/COCO_train2014_000000170754.jpg,640,480,RGB,364,252,117,0.29859375
natural_vqav2,train,natural/vqav2/images/COCO_train2014_000000245577.jpg,640,426,RGB,364,252,117,0.336443661971831
natural_vqav2,train,natural/vqav2/images/COCO_train2014_000000213405.jpg,640,457,RGB,364,252,117,0.31362144420131294
natural_vqav2,train,natural/vqav2/images/COCO_train2014_000000465302.jpg,480,640,RGB,252,364,117,0.29859375
natural_vqav2,train,natural/vqav2/images/COCO_train2014_000000342696.jpg,640,480,RGB,364,252,117,0.29859375
natural_vqav2,train,natural/vqav2/images/COCO_train2014_000000437080.jpg,634,640,RGB,308,308,121,0.23379337539432177
natural_vqav2,train,natural/vqav2/images/COCO_train2014_000000575331.jpg,500,328,RGB,364,252,117,0.5593170731707318
natural_vqav2,train,natural/vqav2/images/COCO_train2014_000000125512.jpg,640,427,RGB,364,252,117,0.335655737704918
natural_vqav2,train,natural/vqav2/images/COCO_train2014_000000028251.jpg,640,480,RGB,364,252,117,0.29859375
natural_vqav2,train,natural/vqav2/images/COCO_train2014_000000134605.jpg,640,480,RGB,364,252,117,0.29859375
natural_vqav2,train,natural/vqav2/images/COCO_train2014_000000468884.jpg,640,480,RGB,364,252,117,0.29859375
natural_vqav2,train,natural/vqav2/images/COCO_train2014_000000071716.jpg,440,640,RGB,252,364,117,0.32573863636363637
natural_vqav2,train,natural/vqav2/images/COCO_train2014_000000525015.jpg,640,428,RGB,364,252,117,0.3348714953271028
natural_vqav2,train,natural/vqav2/images/COCO_train2014_000000053464.jpg,640,480,RGB,364,252,117,0.29859375
natural_vqav2,train,natural/vqav2/images/COCO_train2014_000000014683.jpg,640,480,RGB,364,252,117,0.29859375
natural_vqav2,train,natural/vqav2/images/COCO_train2014_000000070059.jpg,640,363,RGB,420,224,120,0.4049586776859504
natural_vqav2,train,natural/vqav2/images/COCO_train2014_000000199212.jpg,480,640,RGB,252,364,117,0.29859375
natural_vqav2,train,natural/vqav2/images/COCO_train2014_000000482722.jpg,640,424,RGB,364,252,117,0.3380306603773585
natural_vqav2,train,natural/vqav2/images/COCO_train2014_000000069231.jpg,640,480,RGB,364,252,117,0.29859375
natural_vqav2,train,natural/vqav2/images/COCO_train2014_000000051949.jpg,640,480,RGB,364,252,117,0.29859375
natural_vqav2,train,natural/vqav2/images/COCO_train2014_000000177254.jpg,640,427,RGB,364,252,117,0.335655737704918
natural_vqav2,train,natural/vqav2/images/COCO_train2014_000000474387.jpg,612,612,RGB,308,308,121,0.25327865350933404
natural_vqav2,train,natural/vqav2/images/COCO_train2014_000000210849.jpg,640,500,RGB,336,280,120,0.294
natural_vqav2,train,natural/vqav2/images/COCO_train2014_000000260970.jpg,426,640,RGB,252,364,117,0.336443661971831
natural_vqav2,train,natural/vqav2/images/COCO_train2014_000000137016.jpg,640,480,RGB,364,252,117,0.29859375
natural_vqav2,train,natural/vqav2/images/COCO_train2014_000000193318.jpg,427,640,RGB,252,364,117,0.335655737704918
natural_vqav2,train,natural/vqav2/images/COCO_train2014_000000240867.jpg,640,425,RGB,364,252,117,0.3372352941176471
natural_vqav2,train,natural/vqav2/images/COCO_train2014_000000366863.jpg,480,640,RGB,252,364,117,0.29859375
natural_vqav2,train,natural/vqav2/images/COCO_train2014_000000105697.jpg,640,427,RGB,364,252,117,0.335655737704918
natural_vqav2,train,natural/vqav2/images/COCO_train2014_000000466664.jpg,640,427,RGB,364,252,117,0.335655737704918
natural_vqav2,train,natural/vqav2/images/COCO_train2014_000000334484.jpg,428,640,RGB,252,364,117,0.3348714953271028
natural_vqav2,train,natural/vqav2/images/COCO_train2014_000000560055.jpg,589,640,RGB,280,308,110,0.22877758913412563
natural_vqav2,train,natural/vqav2/images/COCO_train2014_000000370748.jpg,333,500,RGB,252,364,117,0.5509189189189189
natural_vqav2,train,natural/vqav2/images/COCO_train2014_000000375311.jpg,640,360,RGB,420,224,120,0.4083333333333333
natural_vqav2,train,natural/vqav2/images/COCO_train2014_000000513811.jpg,640,480,RGB,364,252,117,0.29859375
natural_vqav2,train,natural/vqav2/images/COCO_train2014_000000465467.jpg,640,620,RGB,308,308,121,0.2390725806451613
natural_vqav2,train,natural/vqav2/images/COCO_train2014_000000504911.jpg,640,431,RGB,364,252,117,0.33254060324825985
natural_vqav2,train,natural/vqav2/images/COCO_train2014_000000471238.jpg,640,361,RGB,420,224,120,0.407202216066482
natural_vqav2,train,natural/vqav2/images/COCO_train2014_000000080937.jpg,640,480,RGB,364,252,117,0.29859375
natural_vqav2,train,natural/vqav2/images/COCO_train2014_000000314392.jpg,480,640,RGB,252,364,117,0.29859375
natural_vqav2,train,natural/vqav2/images/COCO_train2014_000000396642.jpg,480,640,RGB,252,364,117,0.29859375
natural_vqav2,train,natural/vqav2/images/COCO_train2014_000000379312.jpg,640,428,RGB,364,252,117,0.3348714953271028
natural_vqav2,train,natural/vqav2/images/COCO_train2014_000000303879.jpg,640,427,RGB,364,252,117,0.335655737704918
natural_vqav2,train,natural/vqav2/images/COCO_train2014_000000155776.jpg,640,428,RGB,364,252,117,0.3348714953271028
natural_vqav2,train,natural/vqav2/images/COCO_train2014_000000552068.jpg,500,333,RGB,364,252,117,0.5509189189189189
natural_vqav2,train,natural/vqav2/images/COCO_train2014_000000182947.jpg,640,425,RGB,364,252,117,0.3372352941176471
natural_vqav2,train,natural/vqav2/images/COCO_train2014_000000577608.jpg,433,500,RGB,280,336,120,0.4345496535796767
natural_vqav2,train,natural/vqav2/images/COCO_train2014_000000557387.jpg,534,640,RGB,280,336,120,0.2752808988764045
natural_vqav2,train,natural/vqav2/images/COCO_train2014_000000327849.jpg,582,640,RGB,280,308,110,0.23152920962199314
natural_vqav2,train,natural/vqav2/images/COCO_train2014_000000013988.jpg,640,451,RGB,364,252,117,0.3177937915742794
natural_vqav2,train,natural/vqav2/images/COCO_train2014_000000337993.jpg,335,500,RGB,252,364,117,0.5476298507462687
natural_vqav2,train,natural/vqav2/images/COCO_train2014_000000517394.jpg,640,512,RGB,336,280,120,0.287109375
natural_vqav2,train,natural/vqav2/images/COCO_train2014_000000135348.jpg,426,640,RGB,252,364,117,0.336443661971831
natural_vqav2,train,natural/vqav2/images/COCO_train2014_000000054961.jpg,612,612,RGB,308,308,121,0.25327865350933404
natural_vqav2,train,natural/vqav2/images/COCO_train2014_000000013844.jpg,484,640,RGB,252,364,117,0.29612603305785123
natural_vqav2,train,natural/vqav2/images/COCO_train2014_000000135585.jpg,640,427,RGB,364,252,117,0.335655737704918
natural_vqav2,train,natural/vqav2/images/COCO_train2014_000000400094.jpg,640,480,RGB,364,252,117,0.29859375
natural_vqav2,train,natural/vqav2/images/COCO_train2014_000000376839.jpg,640,480,RGB,364,252,117,0.29859375
natural_vqav2,train,natural/vqav2/images/COCO_train2014_000000212382.jpg,500,428,RGB,336,280,120,0.43962616822429906
natural_vqav2,train,natural/vqav2/images/COCO_train2014_000000233672.jpg,640,428,RGB,364,252,117,0.3348714953271028
natural_vqav2,train,natural/vqav2/images/COCO_train2014_000000190938.jpg,500,375,RGB,364,252,117,0.489216
natural_vqav2,train,natural/vqav2/images/COCO_train2014_000000362498.jpg,640,398,RGB,392,224,112,0.34472361809045227
natural_vqav2,train,natural/vqav2/images/COCO_train2014_000000077693.jpg,640,480,RGB,364,252,117,0.29859375
natural_vqav2,train,natural/vqav2/images/COCO_train2014_000000173163.jpg,640,427,RGB,364,252,117,0.335655737704918
natural_vqav2,train,natural/vqav2/images/COCO_train2014_000000410687.jpg,427,640,RGB,252,364,117,0.335655737704918
natural_vqav2,train,natural/vqav2/images/COCO_train2014_000000225591.jpg,480,640,RGB,252,364,117,0.29859375
natural_vqav2,train,natural/vqav2/images/COCO_train2014_000000027710.jpg,640,428,RGB,364,252,117,0.3348714953271028
natural_vqav2,train,natural/vqav2/images/COCO_train2014_000000261118.jpg,458,640,RGB,252,364,117,0.3129366812227074
natural_vqav2,train,natural/vqav2/images/COCO_train2014_000000260360.jpg,640,426,RGB,364,252,117,0.336443661971831
natural_vqav2,test,natural/vqav2/images/COCO_val2014_000000388829.jpg,640,480,RGB,364,252,117,0.29859375
natural_vqav2,test,natural/vqav2/images/COCO_val2014_000000356949.jpg,640,427,RGB,364,252,117,0.335655737704918
natural_vqav2,test,natural/vqav2/images/COCO_val2014_000000539937.jpg,500,333,RGB,364,252,117,0.5509189189189189
natural_vqav2,test,natural/vqav2/images/COCO_val2014_000000182236.jpg,640,480,RGB,364,252,117,0.29859375
natural_vqav2,test,natural/vqav2/images/COCO_val2014_000000490702.jpg,640,428,RGB,364,252,117,0.3348714953271028
natural_vqav2,test,natural/vqav2/images/COCO_val2014_000000146042.jpg,640,360,RGB,420,224,120,0.4083333333333333
natural_vqav2,test,natural/vqav2/images/COCO_val2014_000000251785.jpg,640,480,RGB,364,252,117,0.29859375
natural_vqav2,test,natural/vqav2/images/COCO_val2014_000000089880.jpg,500,281,RGB,420,224,120,0.6696085409252669
natural_vqav2,test,natural/vqav2/images/COCO_val2014_000000123410.jpg,600,399,RGB,364,252,117,0.3831578947368421
natural_vqav2,test,natural/vqav2/images/COCO_val2014_000000125404.jpg,640,426,RGB,364,252,117,0.336443661971831
natural_vqav2,test,natural/vqav2/images/COCO_val2014_000000248400.jpg,640,427,RGB,364,252,117,0.335655737704918
natural_vqav2,test,natural/vqav2/images/COCO_val2014_000000563185.jpg,480,640,RGB,252,364,117,0.29859375
natural_vqav2,test,natural/vqav2/images/COCO_val2014_000000343606.jpg,640,480,RGB,364,252,117,0.29859375
natural_vqav2,test,natural/vqav2/images/COCO_val2014_000000070332.jpg,359,640,RGB,224,420,120,0.40947075208913647
natural_vqav2,test,natural/vqav2/images/COCO_val2014_000000352151.jpg,640,426,RGB,364,252,117,0.336443661971831
natural_vqav2,test,natural/vqav2/images/COCO_val2014_000000138124.jpg,427,640,RGB,252,364,117,0.335655737704918
natural_vqav2,test,natural/vqav2/images/COCO_val2014_000000272718.jpg,640,454,RGB,364,252,117,0.31569383259911893
natural_vqav2,test,natural/vqav2/images/COCO_val2014_000000228541.jpg,640,480,RGB,364,252,117,0.29859375
natural_vqav2,test,natural/vqav2/images/COCO_val2014_000000207059.jpg,640,480,RGB,364,252,117,0.29859375
natural_vqav2,test,natural/vqav2/images/COCO_val2014_000000001369.jpg,640,480,RGB,364,252,117,0.29859375
natural_vqav2,test,natural/vqav2/images/COCO_val2014_000000471641.jpg,480,640,RGB,252,364,117,0.29859375
natural_vqav2,test,natural/vqav2/images/COCO_val2014_000000550477.jpg,427,640,RGB,252,364,117,0.335655737704918
natural_vqav2,test,natural/vqav2/images/COCO_val2014_000000030012.jpg,480,640,RGB,252,364,117,0.29859375
natural_vqav2,test,natural/vqav2/images/COCO_val2014_000000227882.jpg,424,640,RGB,252,364,117,0.3380306603773585
natural_vqav2,test,natural/vqav2/images/COCO_val2014_000000191691.jpg,640,480,RGB,364,252,117,0.29859375
natural_vqav2,test,natural/vqav2/images/COCO_val2014_000000137658.jpg,366,640,RGB,224,392,112,0.37486338797814206
natural_vqav2,test,natural/vqav2/images/COCO_val2014_000000210144.jpg,640,480,RGB,364,252,117,0.29859375
natural_vqav2,test,natural/vqav2/images/COCO_val2014_000000081782.jpg,500,400,RGB,336,280,120,0.4704
natural_vqav2,test,natural/vqav2/images/COCO_val2014_000000362714.jpg,480,640,RGB,252,364,117,0.29859375
natural_vqav2,test,natural/vqav2/images/COCO_val2014_000000054355.jpg,640,480,RGB,364,252,117,0.29859375
natural_vqav2,test,natural/vqav2/images/COCO_val2014_000000357899.jpg,640,480,RGB,364,252,117,0.29859375
natural_vqav2,test,natural/vqav2/images/COCO_val2014_000000450217.jpg,640,298,RGB,448,196,112,0.4604026845637584
natural_vqav2,test,natural/vqav2/images/COCO_val2014_000000395182.jpg,640,478,RGB,364,252,117,0.2998430962343096
natural_vqav2,test,natural/vqav2/images/COCO_val2014_000000169436.jpg,427,640,RGB,252,364,117,0.335655737704918
natural_vqav2,test,natural/vqav2/images/COCO_val2014_000000291834.jpg,578,640,RGB,280,308,110,0.23313148788927335
natural_vqav2,test,natural/vqav2/images/COCO_val2014_000000145750.jpg,640,298,RGB,448,196,112,0.4604026845637584
natural_vqav2,test,natural/vqav2/images/COCO_val2014_000000438046.jpg,640,478,RGB,364,252,117,0.2998430962343096
natural_vqav2,test,natural/vqav2/images/COCO_val2014_000000357816.jpg,500,455,RGB,308,280,110,0.3790769230769231
natural_vqav2,test,natural/vqav2/images/COCO_val2014_000000366137.jpg,480,640,RGB,252,364,117,0.29859375
natural_vqav2,test,natural/vqav2/images/COCO_val2014_000000219075.jpg,640,480,RGB,364,252,117,0.29859375
natural_vqav2,test,natural/vqav2/images/COCO_val2014_000000258516.jpg,640,480,RGB,364,252,117,0.29859375
natural_vqav2,test,natural/vqav2/images/COCO_val2014_000000431256.jpg,640,425,RGB,364,252,117,0.3372352941176471
natural_vqav2,test,natural/vqav2/images/COCO_val2014_000000553847.jpg,375,500,RGB,252,364,117,0.489216
natural_vqav2,test,natural/vqav2/images/COCO_val2014_000000546642.jpg,500,333,RGB,364,252,117,0.5509189189189189
natural_vqav2,test,natural/vqav2/images/COCO_val2014_000000542962.jpg,500,331,RGB,364,252,117,0.5542477341389728
natural_vqav2,test,natural/vqav2/images/COCO_val2014_000000302893.jpg,375,500,RGB,252,364,117,0.489216
natural_vqav2,test,natural/vqav2/images/COCO_val2014_000000494179.jpg,640,457,RGB,364,252,117,0.31362144420131294
natural_vqav2,test,natural/vqav2/images/COCO_val2014_000000462953.jpg,640,480,RGB,364,252,117,0.29859375
natural_vqav2,test,natural/vqav2/images/COCO_val2014_000000235832.jpg,640,480,RGB,364,252,117,0.29859375
natural_vqav2,test,natural/vqav2/images/COCO_val2014_000000346641.jpg,640,428,RGB,364,252,117,0.3348714953271028
natural_vqav2,test,natural/vqav2/images/COCO_val2014_000000461993.jpg,640,426,RGB,364,252,117,0.336443661971831
natural_vqav2,test,natural/vqav2/images/COCO_val2014_000000017198.jpg,640,383,RGB,392,224,112,0.35822454308093993
natural_vqav2,test,natural/vqav2/images/COCO_val2014_000000179793.jpg,640,426,RGB,364,252,117,0.336443661971831
natural_vqav2,test,natural/vqav2/images/COCO_val2014_000000367128.jpg,478,640,RGB,252,364,117,0.2998430962343096
natural_vqav2,test,natural/vqav2/images/COCO_val2014_000000311902.jpg,427,640,RGB,252,364,117,0.335655737704918
natural_vqav2,test,natural/vqav2/images/COCO_val2014_000000488789.jpg,640,480,RGB,364,252,117,0.29859375
natural_vqav2,test,natural/vqav2/images/COCO_val2014_000000287506.jpg,640,480,RGB,364,252,117,0.29859375
natural_vqav2,test,natural/vqav2/images/COCO_val2014_000000021452.jpg,640,429,RGB,364,252,117,0.3340909090909091
natural_vqav2,test,natural/vqav2/images/COCO_val2014_000000264420.jpg,640,427,RGB,364,252,117,0.335655737704918
natural_vqav2,test,natural/vqav2/images/COCO_val2014_000000189365.jpg,424,640,RGB,252,364,117,0.3380306603773585
natural_vqav2,test,natural/vqav2/images/COCO_val2014_000000296797.jpg,640,425,RGB,364,252,117,0.3372352941176471
natural_vqav2,test,natural/vqav2/images/COCO_val2014_000000421401.jpg,334,500,RGB,252,364,117,0.5492694610778444
natural_vqav2,test,natural/vqav2/images/COCO_val2014_000000025508.jpg,428,640,RGB,252,364,117,0.3348714953271028
natural_vqav2,test,natural/vqav2/images/COCO_val2014_000000138653.jpg,640,399,RGB,392,224,112,0.34385964912280703
natural_vqav2,test,natural/vqav2/images/COCO_val2014_000000376209.jpg,640,401,RGB,392,224,112,0.34214463840399
natural_vqav2,test,natural/vqav2/images/COCO_val2014_000000208549.jpg,640,570,RGB,308,280,110,0.23640350877192984
natural_vqav2,test,natural/vqav2/images/COCO_val2014_000000178606.jpg,640,480,RGB,364,252,117,0.29859375
natural_vqav2,test,natural/vqav2/images/COCO_val2014_000000295756.jpg,640,427,RGB,364,252,117,0.335655737704918
natural_vqav2,test,natural/vqav2/images/COCO_val2014_000000541132.jpg,640,480,RGB,364,252,117,0.29859375
natural_vqav2,test,natural/vqav2/images/COCO_val2014_000000239808.jpg,500,500,RGB,308,308,121,0.379456
natural_vqav2,test,natural/vqav2/images/COCO_val2014_000000135846.jpg,640,348,RGB,420,224,120,0.4224137931034483
natural_vqav2,test,natural/vqav2/images/COCO_val2014_000000547858.jpg,480,640,RGB,252,364,117,0.29859375
natural_vqav2,test,natural/vqav2/images/COCO_val2014_000000391642.jpg,640,426,RGB,364,252,117,0.336443661971831
natural_vqav2,test,natural/vqav2/images/COCO_val2014_000000527163.jpg,640,640,RGB,308,308,121,0.2316015625
natural_vqav2,test,natural/vqav2/images/COCO_val2014_000000002685.jpg,640,555,RGB,336,280,120,0.2648648648648649
natural_vqav2,test,natural/vqav2/images/COCO_val2014_000000467973.jpg,375,500,RGB,252,364,117,0.489216
natural_vqav2,test,natural/vqav2/images/COCO_val2014_000000206922.jpg,640,480,RGB,364,252,117,0.29859375
natural_vqav2,test,natural/vqav2/images/COCO_val2014_000000232115.jpg,427,640,RGB,252,364,117,0.335655737704918
natural_vqav2,test,natural/vqav2/images/COCO_val2014_000000084163.jpg,640,424,RGB,364,252,117,0.3380306603773585
natural_vqav2,test,natural/vqav2/images/COCO_val2014_000000403907.jpg,640,425,RGB,364,252,117,0.3372352941176471
natural_vqav2,test,natural/vqav2/images/COCO_val2014_000000246809.jpg,500,333,RGB,364,252,117,0.5509189189189189
natural_vqav2,test,natural/vqav2/images/COCO_val2014_000000063958.jpg,640,508,RGB,336,280,120,0.28937007874015747
natural_vqav2,test,natural/vqav2/images/COCO_val2014_000000492057.jpg,480,640,RGB,252,364,117,0.29859375
natural_vqav2,test,natural/vqav2/images/COCO_val2014_000000342271.jpg,640,382,RGB,392,224,112,0.35916230366492147
natural_vqav2,test,natural/vqav2/images/COCO_val2014_000000546976.jpg,500,375,RGB,364,252,117,0.489216
natural_vqav2,test,natural/vqav2/images/COCO_val2014_000000477820.jpg,428,640,RGB,252,364,117,0.3348714953271028
natural_vqav2,test,natural/vqav2/images/COCO_val2014_000000400567.jpg,640,480,RGB,364,252,117,0.29859375
natural_vqav2,test,natural/vqav2/images/COCO_val2014_000000263351.jpg,640,480,RGB,364,252,117,0.29859375
natural_vqav2,test,natural/vqav2/images/COCO_val2014_000000419144.jpg,640,423,RGB,364,252,117,0.33882978723404256
natural_vqav2,test,natural/vqav2/images/COCO_val2014_000000537574.jpg,426,640,RGB,252,364,117,0.336443661971831
natural_vqav2,test,natural/vqav2/images/COCO_val2014_000000476491.jpg,336,500,RGB,252,364,117,0.546
natural_vqav2,test,natural/vqav2/images/COCO_val2014_000000378548.jpg,500,375,RGB,364,252,117,0.489216
natural_vqav2,test,natural/vqav2/images/COCO_val2014_000000115793.jpg,500,333,RGB,364,252,117,0.5509189189189189
natural_vqav2,test,natural/vqav2/images/COCO_val2014_000000560312.jpg,640,425,RGB,364,252,117,0.3372352941176471
natural_vqav2,test,natural/vqav2/images/COCO_val2014_000000205834.jpg,640,428,RGB,364,252,117,0.3348714953271028
natural_vqav2,test,natural/vqav2/images/COCO_val2014_000000521285.jpg,455,190,RGB,448,196,112,1.0157085020242915
natural_vqav2,test,natural/vqav2/images/COCO_val2014_000000345560.jpg,640,426,RGB,364,252,117,0.336443661971831
natural_vqav2,test,natural/vqav2/images/COCO_val2014_000000134328.jpg,640,372,RGB,392,224,112,0.3688172043010753
natural_vqav2,test,natural/vqav2/images/COCO_val2014_000000233140.jpg,640,480,RGB,364,252,117,0.29859375
natural_vqav2,test,natural/vqav2/images/COCO_val2014_000000400994.jpg,640,480,RGB,364,252,117,0.29859375
natural_vqav2,test,natural/vqav2/images/COCO_val2014_000000249785.jpg,500,334,RGB,364,252,117,0.5492694610778444
natural_vqav2,test,natural/vqav2/images/COCO_val2014_000000016733.jpg,640,375,RGB,392,224,112,0.3658666666666667
natural_vqav2,test,natural/vqav2/images/COCO_val2014_000000441468.jpg,426,640,RGB,252,364,117,0.336443661971831
natural_vqav2,test,natural/vqav2/images/COCO_val2014_000000475159.jpg,640,480,RGB,364,252,117,0.29859375
natural_vqav2,test,natural/vqav2/images/COCO_val2014_000000366295.jpg,640,397,RGB,392,224,112,0.3455919395465995
natural_vqav2,test,natural/vqav2/images/COCO_val2014_000000283380.jpg,500,333,RGB,364,252,117,0.5509189189189189
natural_vqav2,test,natural/vqav2/images/COCO_val2014_000000037367.jpg,640,480,RGB,364,252,117,0.29859375
natural_vqav2,test,natural/vqav2/images/COCO_val2014_000000506224.jpg,640,427,RGB,364,252,117,0.335655737704918
natural_vqav2,test,natural/vqav2/images/COCO_val2014_000000363830.jpg,480,640,RGB,252,364,117,0.29859375
natural_vqav2,test,natural/vqav2/images/COCO_val2014_000000023895.jpg,640,427,RGB,364,252,117,0.335655737704918
natural_vqav2,test,natural/vqav2/images/COCO_val2014_000000492420.jpg,425,640,RGB,252,364,117,0.3372352941176471
natural_vqav2,test,natural/vqav2/images/COCO_val2014_000000208050.jpg,640,512,RGB,336,280,120,0.287109375
natural_vqav2,test,natural/vqav2/images/COCO_val2014_000000510636.jpg,375,500,RGB,252,364,117,0.489216
natural_vqav2,test,natural/vqav2/images/COCO_val2014_000000102644.jpg,375,500,RGB,252,364,117,0.489216
natural_vqav2,test,natural/vqav2/images/COCO_val2014_000000331937.jpg,640,427,RGB,364,252,117,0.335655737704918
natural_vqav2,test,natural/vqav2/images/COCO_val2014_000000305873.jpg,480,640,RGB,252,364,117,0.29859375
natural_vqav2,test,natural/vqav2/images/COCO_val2014_000000555009.jpg,500,375,RGB,364,252,117,0.489216
natural_vqav2,test,natural/vqav2/images/COCO_val2014_000000553747.jpg,500,332,RGB,364,252,117,0.5525783132530121
natural_vqav2,test,natural/vqav2/images/COCO_val2014_000000390841.jpg,464,640,RGB,252,364,117,0.30889008620689656
natural_vqav2,test,natural/vqav2/images/COCO_val2014_000000282296.jpg,480,640,RGB,252,364,117,0.29859375
natural_vqav2,test,natural/vqav2/images/COCO_val2014_000000431746.jpg,640,480,RGB,364,252,117,0.29859375
natural_vqav2,test,natural/vqav2/images/COCO_val2014_000000071549.jpg,500,400,RGB,336,280,120,0.4704
natural_vqav2,test,natural/vqav2/images/COCO_val2014_000000542856.jpg,640,427,RGB,364,252,117,0.335655737704918
natural_vqav2,test,natural/vqav2/images/COCO_val2014_000000415714.jpg,428,640,RGB,252,364,117,0.3348714953271028
natural_vqav2,test,natural/vqav2/images/COCO_val2014_000000460837.jpg,480,640,RGB,252,364,117,0.29859375
natural_vqav2,test,natural/vqav2/images/COCO_val2014_000000213162.jpg,426,640,RGB,252,364,117,0.336443661971831
natural_vqav2,test,natural/vqav2/images/COCO_val2014_000000261779.jpg,427,640,RGB,252,364,117,0.335655737704918
natural_vqav2,test,natural/vqav2/images/COCO_val2014_000000505845.jpg,640,480,RGB,364,252,117,0.29859375
natural_vqav2,test,natural/vqav2/images/COCO_val2014_000000271143.jpg,633,640,RGB,308,308,121,0.23416271721958926
natural_vqav2,test,natural/vqav2/images/COCO_val2014_000000496379.jpg,640,480,RGB,364,252,117,0.29859375
natural_vqav2,test,natural/vqav2/images/COCO_val2014_000000222283.jpg,457,640,RGB,252,364,117,0.31362144420131294
natural_vqav2,test,natural/vqav2/images/COCO_val2014_000000415647.jpg,480,640,RGB,252,364,117,0.29859375
natural_vqav2,test,natural/vqav2/images/COCO_val2014_000000289640.jpg,640,480,RGB,364,252,117,0.29859375
natural_vqav2,test,natural/vqav2/images/COCO_val2014_000000391371.jpg,640,480,RGB,364,252,117,0.29859375
natural_vqav2,test,natural/vqav2/images/COCO_val2014_000000035807.jpg,640,415,RGB,392,252,126,0.3719277108433735
natural_vqav2,test,natural/vqav2/images/COCO_val2014_000000568611.jpg,640,480,RGB,364,252,117,0.29859375
natural_vqav2,test,natural/vqav2/images/COCO_val2014_000000090448.jpg,425,640,RGB,252,364,117,0.3372352941176471
natural_vqav2,test,natural/vqav2/images/COCO_val2014_000000128110.jpg,427,640,RGB,252,364,117,0.335655737704918
natural_vqav2,test,natural/vqav2/images/COCO_val2014_000000170041.jpg,500,333,RGB,364,252,117,0.5509189189189189
natural_vqav2,test,natural/vqav2/images/COCO_val2014_000000227884.jpg,444,640,RGB,252,364,117,0.32280405405405405
natural_vqav2,test,natural/vqav2/images/COCO_val2014_000000008589.jpg,640,428,RGB,364,252,117,0.3348714953271028
natural_vqav2,test,natural/vqav2/images/COCO_val2014_000000431897.jpg,640,480,RGB,364,252,117,0.29859375
natural_vqav2,test,natural/vqav2/images/COCO_val2014_000000360540.jpg,640,427,RGB,364,252,117,0.335655737704918
natural_vqav2,test,natural/vqav2/images/COCO_val2014_000000294487.jpg,480,640,RGB,252,364,117,0.29859375
natural_vqav2,test,natural/vqav2/images/COCO_val2014_000000068814.jpg,640,480,RGB,364,252,117,0.29859375
natural_vqav2,test,natural/vqav2/images/COCO_val2014_000000411241.jpg,640,480,RGB,364,252,117,0.29859375
natural_vqav2,test,natural/vqav2/images/COCO_val2014_000000476939.jpg,514,640,RGB,280,336,120,0.28599221789883267
natural_vqav2,test,natural/vqav2/images/COCO_val2014_000000454161.jpg,490,640,RGB,252,336,108,0.27
natural_vqav2,test,natural/vqav2/images/COCO_val2014_000000007253.jpg,640,480,RGB,364,252,117,0.29859375
natural_vqav2,test,natural/vqav2/images/COCO_val2014_000000132024.jpg,478,640,RGB,252,364,117,0.2998430962343096
natural_vqav2,test,natural/vqav2/images/COCO_val2014_000000308235.jpg,640,396,RGB,392,224,112,0.3464646464646465
natural_vqav2,test,natural/vqav2/images/COCO_val2014_000000013420.jpg,500,335,RGB,364,252,117,0.5476298507462687
natural_vqav2,test,natural/vqav2/images/COCO_val2014_000000328728.jpg,640,480,RGB,364,252,117,0.29859375
natural_vqav2,test,natural/vqav2/images/COCO_val2014_000000021971.jpg,640,480,RGB,364,252,117,0.29859375
natural_vqav2,test,natural/vqav2/images/COCO_val2014_000000432657.jpg,640,480,RGB,364,252,117,0.29859375
natural_vqav2,test,natural/vqav2/images/COCO_val2014_000000185432.jpg,401,500,RGB,280,336,120,0.46922693266832916
natural_vqav2,test,natural/vqav2/images/COCO_val2014_000000158279.jpg,640,640,RGB,308,308,121,0.2316015625
natural_vqav2,test,natural/vqav2/images/COCO_val2014_000000117374.jpg,640,428,RGB,364,252,117,0.3348714953271028
natural_vqav2,test,natural/vqav2/images/COCO_val2014_000000214349.jpg,640,480,RGB,364,252,117,0.29859375
natural_vqav2,test,natural/vqav2/images/COCO_val2014_000000365385.jpg,640,427,RGB,364,252,117,0.335655737704918
natural_vqav2,test,natural/vqav2/images/COCO_val2014_000000051500.jpg,640,480,RGB,364,252,117,0.29859375
natural_vqav2,test,natural/vqav2/images/COCO_val2014_000000111086.jpg,500,336,RGB,364,252,117,0.546
natural_vqav2,test,natural/vqav2/images/COCO_val2014_000000543719.jpg,612,612,RGB,308,308,121,0.25327865350933404
natural_vqav2,test,natural/vqav2/images/COCO_val2014_000000262987.jpg,375,500,RGB,252,364,117,0.489216
natural_vqav2,test,natural/vqav2/images/COCO_val2014_000000484938.jpg,480,640,RGB,252,364,117,0.29859375
natural_vqav2,test,natural/vqav2/images/COCO_val2014_000000027440.jpg,640,480,RGB,364,252,117,0.29859375
natural_vqav2,test,natural/vqav2/images/COCO_val2014_000000120285.jpg,640,425,RGB,364,252,117,0.3372352941176471
natural_vqav2,test,natural/vqav2/images/COCO_val2014_000000120388.jpg,640,480,RGB,364,252,117,0.29859375
natural_vqav2,test,natural/vqav2/images/COCO_val2014_000000522443.jpg,640,427,RGB,364,252,117,0.335655737704918
natural_vqav2,test,natural/vqav2/images/COCO_val2014_000000489248.jpg,640,426,RGB,364,252,117,0.336443661971831
natural_vqav2,test,natural/vqav2/images/COCO_val2014_000000354278.jpg,490,640,RGB,252,336,108,0.27
natural_vqav2,test,natural/vqav2/images/COCO_val2014_000000194411.jpg,640,424,RGB,364,252,117,0.3380306603773585
natural_vqav2,test,natural/vqav2/images/COCO_val2014_000000494855.jpg,640,378,RGB,392,224,112,0.362962962962963
natural_vqav2,test,natural/vqav2/images/COCO_val2014_000000563605.jpg,640,572,RGB,308,280,110,0.23557692307692307
natural_vqav2,test,natural/vqav2/images/COCO_val2014_000000574402.jpg,480,640,RGB,252,364,117,0.29859375
natural_vqav2,test,natural/vqav2/images/COCO_val2014_000000518249.jpg,640,360,RGB,420,224,120,0.4083333333333333
natural_vqav2,test,natural/vqav2/images/COCO_val2014_000000468121.jpg,640,480,RGB,364,252,117,0.29859375
natural_vqav2,test,natural/vqav2/images/COCO_val2014_000000194216.jpg,640,294,RGB,448,196,112,0.4666666666666667
natural_vqav2,test,natural/vqav2/images/COCO_val2014_000000337180.jpg,640,480,RGB,364,252,117,0.29859375
natural_vqav2,test,natural/vqav2/images/COCO_val2014_000000417410.jpg,426,640,RGB,252,364,117,0.336443661971831
natural_vqav2,test,natural/vqav2/images/COCO_val2014_000000418070.jpg,478,640,RGB,252,364,117,0.2998430962343096
natural_vqav2,test,natural/vqav2/images/COCO_val2014_000000402410.jpg,640,427,RGB,364,252,117,0.335655737704918
natural_vqav2,test,natural/vqav2/images/COCO_val2014_000000491947.jpg,481,640,RGB,252,364,117,0.297972972972973
natural_vqav2,test,natural/vqav2/images/COCO_val2014_000000430467.jpg,640,626,RGB,308,308,121,0.2367811501597444
natural_vqav2,test,natural/vqav2/images/COCO_val2014_000000160820.jpg,640,423,RGB,364,252,117,0.33882978723404256
natural_vqav2,test,natural/vqav2/images/COCO_val2014_000000268018.jpg,480,640,RGB,252,364,117,0.29859375
natural_vqav2,test,natural/vqav2/images/COCO_val2014_000000162685.jpg,640,640,RGB,308,308,121,0.2316015625
natural_vqav2,test,natural/vqav2/images/COCO_val2014_000000213453.jpg,640,480,RGB,364,252,117,0.29859375
natural_vqav2,test,natural/vqav2/images/COCO_val2014_000000134290.jpg,425,640,RGB,252,364,117,0.3372352941176471
natural_vqav2,test,natural/vqav2/images/COCO_val2014_000000118507.jpg,480,640,RGB,252,364,117,0.29859375
natural_vqav2,test,natural/vqav2/images/COCO_val2014_000000080974.jpg,350,500,RGB,252,364,117,0.52416
natural_vqav2,test,natural/vqav2/images/COCO_val2014_000000087419.jpg,640,425,RGB,364,252,117,0.3372352941176471
natural_vqav2,test,natural/vqav2/images/COCO_val2014_000000349616.jpg,640,427,RGB,364,252,117,0.335655737704918
natural_vqav2,test,natural/vqav2/images/COCO_val2014_000000253421.jpg,427,640,RGB,252,364,117,0.335655737704918
natural_vqav2,test,natural/vqav2/images/COCO_val2014_000000191687.jpg,640,404,RGB,392,224,112,0.33960396039603963
natural_vqav2,test,natural/vqav2/images/COCO_val2014_000000279176.jpg,640,480,RGB,364,252,117,0.29859375
natural_vqav2,test,natural/vqav2/images/COCO_val2014_000000505818.jpg,640,480,RGB,364,252,117,0.29859375
natural_vqav2,test,natural/vqav2/images/COCO_val2014_000000154057.jpg,640,480,RGB,364,252,117,0.29859375
natural_vqav2,test,natural/vqav2/images/COCO_val2014_000000324500.jpg,640,480,RGB,364,252,117,0.29859375
natural_vqav2,test,natural/vqav2/images/COCO_val2014_000000555942.jpg,640,480,RGB,364,252,117,0.29859375
medical_vqa_rad,train,medical/vqa_rad/images/synpic28602.jpg,1024,1307,RGB,280,336,120,0.07029456771231829
medical_vqa_rad,train,medical/vqa_rad/images/synpic39460.jpg,534,666,RGB,280,336,120,0.26453419711846676
medical_vqa_rad,train,medical/vqa_rad/images/synpic42202.jpg,1024,1291,RGB,280,336,120,0.07116576297443843
medical_vqa_rad,train,medical/vqa_rad/images/synpic21776.jpg,986,1200,RGB,280,336,120,0.0795131845841785
medical_vqa_rad,train,medical/vqa_rad/images/synpic26158.jpg,800,713,RGB,308,280,110,0.15119214586255258
medical_vqa_rad,train,medical/vqa_rad/images/synpic40272.jpg,1024,1286,RGB,280,336,120,0.07144245723172628
medical_vqa_rad,train,medical/vqa_rad/images/synpic19605.jpg,1024,585,RGB,392,224,112,0.1465811965811966
medical_vqa_rad,train,medical/vqa_rad/images/synpic55245.jpg,555,747,RGB,252,364,117,0.2212525778790839
medical_vqa_rad,train,medical/vqa_rad/images/synpic50962.jpg,556,635,RGB,280,336,120,0.26647028833626013
medical_vqa_rad,train,medical/vqa_rad/images/synpic22967.jpg,960,1200,RGB,280,336,120,0.08166666666666667
medical_vqa_rad,train,medical/vqa_rad/images/synpic34947.jpg,896,767,RGB,336,280,120,0.13689700130378096
medical_vqa_rad,train,medical/vqa_rad/images/synpic25534.jpg,1024,421,RGB,476,196,119,0.21641181710213778
medical_vqa_rad,train,medical/vqa_rad/images/synpic30324.jpg,512,512,RGB,308,308,121,0.36187744140625
medical_vqa_rad,train,medical/vqa_rad/images/synpic39088.jpg,1024,1105,RGB,280,308,110,0.0762160633484163
medical_vqa_rad,train,medical/vqa_rad/images/synpic42245.jpg,1024,1304,RGB,280,336,120,0.07045628834355828
medical_vqa_rad,train,medical/vqa_rad/images/synpic16174.jpg,1023,841,RGB,336,280,120,0.10935173529627137
medical_vqa_rad,train,medical/vqa_rad/images/synpic39757.jpg,337,451,RGB,252,364,117,0.6035253015060499
medical_vqa_rad,train,medical/vqa_rad/images/synpic52767.jpg,1024,840,RGB,336,280,120,0.109375
medical_vqa_rad,train,medical/vqa_rad/images/synpic22286.jpg,732,516,RGB,364,252,117,0.24285169653069005
medical_vqa_rad,train,medical/vqa_rad/images/synpic33422.jpg,1024,805,RGB,336,280,120,0.11413043478260869
medical_vqa_rad,train,medical/vqa_rad/images/synpic18319.jpg,1024,842,RGB,336,280,120,0.10911520190023753
medical_vqa_rad,train,medical/vqa_rad/images/synpic32933.jpg,1024,1090,RGB,280,308,110,0.07726490825688073
medical_vqa_rad,train,medical/vqa_rad/images/synpic31400.jpg,1024,1304,RGB,280,336,120,0.07045628834355828
medical_vqa_rad,train,medical/vqa_rad/images/synpic21734.jpg,1024,815,RGB,336,280,120,0.11273006134969325
medical_vqa_rad,train,medical/vqa_rad/images/synpic40464.jpg,1024,1310,RGB,280,336,120,0.07013358778625954
medical_vqa_rad,train,medical/vqa_rad/images/synpic20260.jpg,1023,1161,RGB,280,336,120,0.0792117221224498
medical_vqa_rad,train,medical/vqa_rad/images/synpic45162.jpg,512,512,RGB,308,308,121,0.36187744140625
medical_vqa_rad,train,medical/vqa_rad/images/synpic49914.jpg,1024,1295,RGB,280,336,120,0.07094594594594594
medical_vqa_rad,train,medical/vqa_rad/images/synpic56799.jpg,555,759,RGB,252,364,117,0.21775451340668733
medical_vqa_rad,train,medical/vqa_rad/images/synpic29219.jpg,512,512,RGB,308,308,121,0.36187744140625
medical_vqa_rad,train,medical/vqa_rad/images/synpic57368.jpg,555,692,RGB,280,336,120,0.24496172473051087
medical_vqa_rad,train,medical/vqa_rad/images/synpic55948.jpg,555,709,RGB,280,336,120,0.23908817138718408
medical_vqa_rad,train,medical/vqa_rad/images/synpic40314.jpg,512,385,RGB,364,252,117,0.4653409090909091
medical_vqa_rad,train,medical/vqa_rad/images/synpic23130.jpg,512,512,RGB,308,308,121,0.36187744140625
medical_vqa_rad,train,medical/vqa_rad/images/synpic51709.jpg,555,600,RGB,280,308,110,0.258978978978979
medical_vqa_rad,train,medical/vqa_rad/images/synpic59356.jpg,768,1020,RGB,252,364,117,0.11709558823529412
medical_vqa_rad,train,medical/vqa_rad/images/synpic45115.jpg,1024,642,RGB,392,224,112,0.13356697819314642
medical_vqa_rad,train,medical/vqa_rad/images/synpic27013.jpg,766,848,RGB,280,308,110,0.13276516084536183
medical_vqa_rad,train,medical/vqa_rad/images/synpic54823.jpg,513,513,RGB,308,308,121,0.3604679882508958
medical_vqa_rad,train,medical/vqa_rad/images/synpic47783.jpg,288,287,RGB,280,280,100,0.948509485094851
medical_vqa_rad,train,medical/vqa_rad/images/synpic45557.jpg,1024,1307,RGB,280,336,120,0.07029456771231829
medical_vqa_rad,train,medical/vqa_rad/images/synpic34449.jpg,1024,1309,RGB,280,336,120,0.07018716577540107
medical_vqa_rad,train,medical/vqa_rad/images/synpic31962.jpg,942,774,RGB,336,280,120,0.12903438173768494
medical_vqa_rad,train,medical/vqa_rad/images/synpic19477.jpg,1024,1089,RGB,280,308,110,0.07733585858585859
medical_vqa_rad,train,medical/vqa_rad/images/synpic41050.jpg,1024,654,RGB,392,252,126,0.14750573394495411
medical_vqa_rad,train,medical/vqa_rad/images/synpic27601.jpg,469,373,RGB,336,280,120,0.5377936056980513
medical_vqa_rad,train,medical/vqa_rad/images/synpic34836.jpg,960,720,RGB,364,252,117,0.13270833333333334
medical_vqa_rad,train,medical/vqa_rad/images/synpic21995.jpg,512,512,RGB,308,308,121,0.36187744140625
medical_vqa_rad,train,medical/vqa_rad/images/synpic19782.jpg,910,1138,RGB,280,336,120,0.0908476409355144
medical_vqa_rad,train,medical/vqa_rad/images/synpic23053.jpg,1024,842,RGB,336,280,120,0.10911520190023753
medical_vqa_rad,train,medical/vqa_rad/images/synpic13385.jpg,987,1200,RGB,280,336,120,0.07943262411347518
medical_vqa_rad,train,medical/vqa_rad/images/synpic49381.jpg,400,501,RGB,280,336,120,0.4694610778443114
medical_vqa_rad,train,medical/vqa_rad/images/synpic58261.jpg,512,512,RGB,308,308,121,0.36187744140625
medical_vqa_rad,train,medical/vqa_rad/images/synpic50949.jpg,1024,557,RGB,420,224,120,0.16494614003590663
medical_vqa_rad,train,medical/vqa_rad/images/synpic53978.jpg,444,566,RGB,280,336,120,0.37436730016235314
medical_vqa_rad,train,medical/vqa_rad/images/synpic31916.jpg,1024,1291,RGB,280,336,120,0.07116576297443843
medical_vqa_rad,train,medical/vqa_rad/images/synpic19118.jpg,960,1200,RGB,280,336,120,0.08166666666666667
medical_vqa_rad,train,medical/vqa_rad/images/synpic52951.jpg,1024,1030,RGB,308,308,121,0.08994235436893204
medical_vqa_rad,train,medical/vqa_rad/images/synpic42182.jpg,512,480,RGB,308,280,110,0.3509114583333333
medical_vqa_rad,train,medical/vqa_rad/images/synpic54795.jpg,360,437,RGB,280,336,120,0.5980167810831426
medical_vqa_rad,train,medical/vqa_rad/images/synpic47737.jpg,296,336,RGB,280,336,120,0.9459459459459459
medical_vqa_rad,train,medical/vqa_rad/images/synpic47356.jpg,318,391,RGB,280,336,120,0.7566472035902138
medical_vqa_rad,train,medical/vqa_rad/images/synpic41772.jpg,759,611,RGB,336,280,120,0.20286836198029537
medical_vqa_rad,train,medical/vqa_rad/images/synpic21410.jpg,512,512,RGB,308,308,121,0.36187744140625
medical_vqa_rad,train,medical/vqa_rad/images/synpic33226.jpg,1024,1310,RGB,280,336,120,0.07013358778625954
medical_vqa_rad,train,medical/vqa_rad/images/synpic44865.jpg,1024,1500,RGB,252,364,117,0.05971875
medical_vqa_rad,train,medical/vqa_rad/images/synpic40096.jpg,388,542,RGB,252,364,117,0.43618518659413397
medical_vqa_rad,train,medical/vqa_rad/images/synpic28378.jpg,1024,1156,RGB,280,336,120,0.07947664359861592
medical_vqa_rad,train,medical/vqa_rad/images/synpic25758.jpg,512,512,RGB,308,308,121,0.36187744140625
medical_vqa_rad,train,medical/vqa_rad/images/synpic30215.jpg,512,512,RGB,308,308,121,0.36187744140625
medical_vqa_rad,train,medical/vqa_rad/images/synpic57935.jpg,599,555,RGB,308,280,110,0.2594113311976417
medical_vqa_rad,train,medical/vqa_rad/images/synpic47196.jpg,1024,581,RGB,420,224,120,0.15813253012048192
medical_vqa_rad,train,medical/vqa_rad/images/synpic38630.jpg,1024,941,RGB,308,280,110,0.08949920297555791
medical_vqa_rad,train,medical/vqa_rad/images/synpic32136.jpg,1024,642,RGB,392,224,112,0.13356697819314642
medical_vqa_rad,train,medical/vqa_rad/images/synpic49027.jpg,400,453,RGB,280,336,120,0.519205298013245
medical_vqa_rad,train,medical/vqa_rad/images/synpic22037.jpg,1024,842,RGB,336,280,120,0.10911520190023753
medical_vqa_rad,train,medical/vqa_rad/images/synpic32962.jpg,1024,842,RGB,336,280,120,0.10911520190023753
medical_vqa_rad,train,medical/vqa_rad/images/synpic18651.jpg,1024,842,RGB,336,280,120,0.10911520190023753
medical_vqa_rad,train,medical/vqa_rad/images/synpic46976.jpg,925,1125,RGB,280,336,120,0.09040720720720721
medical_vqa_rad,train,medical/vqa_rad/images/synpic51926.jpg,960,720,RGB,364,252,117,0.13270833333333334
medical_vqa_rad,train,medical/vqa_rad/images/synpic51383.jpg,329,434,RGB,252,336,108,0.5929993136582018
medical_vqa_rad,train,medical/vqa_rad/images/synpic46539.jpg,1024,1159,RGB,280,336,120,0.0792709232096635
medical_vqa_rad,train,medical/vqa_rad/images/synpic39301.jpg,337,411,RGB,280,336,120,0.6792436483354631
medical_vqa_rad,train,medical/vqa_rad/images/synpic51872.jpg,1024,1248,RGB,280,336,120,0.07361778846153846
medical_vqa_rad,train,medical/vqa_rad/images/synpic43433.jpg,847,643,RGB,336,252,108,0.15546958343508605
medical_vqa_rad,train,medical/vqa_rad/images/synpic40596.jpg,512,512,RGB,308,308,121,0.36187744140625
medical_vqa_rad,train,medical/vqa_rad/images/synpic44995.jpg,512,510,RGB,308,308,121,0.36329656862745097
medical_vqa_rad,train,medical/vqa_rad/images/synpic31259.jpg,1024,1187,RGB,280,336,120,0.07740101095197978
medical_vqa_rad,train,medical/vqa_rad/images/synpic23989.jpg,1024,1118,RGB,280,308,110,0.07532983005366727
medical_vqa_rad,train,medical/vqa_rad/images/synpic56388.jpg,555,691,RGB,280,336,120,0.24531622795009192
medical_vqa_rad,train,medical/vqa_rad/images/synpic27597.jpg,1024,1310,RGB,280,336,120,0.07013358778625954
medical_vqa_rad,train,medical/vqa_rad/images/synpic55464.jpg,630,768,RGB,280,336,120,0.19444444444444445
medical_vqa_rad,train,medical/vqa_rad/images/synpic21700.jpg,766,766,RGB,308,308,121,0.1616753812487644
medical_vqa_rad,train,medical/vqa_rad/images/synpic32108.jpg,1024,765,RGB,364,252,117,0.11709558823529412
medical_vqa_rad,train,medical/vqa_rad/images/synpic21028.jpg,512,512,RGB,308,308,121,0.36187744140625
medical_vqa_rad,train,medical/vqa_rad/images/synpic27047.jpg,1024,1280,RGB,280,336,120,0.07177734375
medical_vqa_rad,train,medical/vqa_rad/images/synpic38858.jpg,766,857,RGB,280,308,110,0.13137089427872445
medical_vqa_rad,train,medical/vqa_rad/images/synpic20208.jpg,512,512,RGB,308,308,121,0.36187744140625
medical_vqa_rad,train,medical/vqa_rad/images/synpic31467.jpg,947,723,RGB,336,252,108,0.12366634973075052
medical_vqa_rad,train,medical/vqa_rad/images/synpic33378.jpg,470,383,RGB,336,280,120,0.5226376312427088
medical_vqa_rad,train,medical/vqa_rad/images/synpic55317.jpg,555,639,RGB,280,336,120,0.26527936387091317
medical_vqa_rad,train,medical/vqa_rad/images/synpic35155.jpg,1024,1304,RGB,280,336,120,0.07045628834355828
medical_vqa_rad,train,medical/vqa_rad/images/synpic53635.jpg,512,512,RGB,308,308,121,0.36187744140625
medical_vqa_rad,train,medical/vqa_rad/images/synpic16520.jpg,320,353,RGB,280,308,110,0.7634560906515581
medical_vqa_rad,train,medical/vqa_rad/images/synpic55286.jpg,634,867,RGB,252,364,117,0.16687588006069007
medical_vqa_rad,train,medical/vqa_rad/images/synpic28355.jpg,1024,1310,RGB,280,336,120,0.07013358778625954
medical_vqa_rad,train,medical/vqa_rad/images/synpic21037.jpg,1024,910,RGB,336,280,120,0.10096153846153846
medical_vqa_rad,train,medical/vqa_rad/images/synpic45914.jpg,423,465,RGB,280,308,110,0.43844530872670884
medical_vqa_rad,train,medical/vqa_rad/images/synpic19853.jpg,512,512,RGB,308,308,121,0.36187744140625
medical_vqa_rad,train,medical/vqa_rad/images/synpic54004.jpg,350,367,RGB,308,308,121,0.7385286103542235
medical_vqa_rad,train,medical/vqa_rad/images/synpic28180.jpg,1024,758,RGB,364,252,117,0.11817694591029024
medical_vqa_rad,train,medical/vqa_rad/images/synpic22156.jpg,988,728,RGB,364,252,117,0.12753036437246965
medical_vqa_rad,train,medical/vqa_rad/images/synpic54802.jpg,444,532,RGB,280,336,120,0.39829302987197723
medical_vqa_rad,train,medical/vqa_rad/images/synpic35191.jpg,960,720,RGB,364,252,117,0.13270833333333334
medical_vqa_rad,train,medical/vqa_rad/images/synpic45634.jpg,366,433,RGB,280,336,120,0.5936470677317988
medical_vqa_rad,train,medical/vqa_rad/images/synpic49862.jpg,444,469,RGB,308,308,121,0.4555600376495899
medical_vqa_rad,train,medical/vqa_rad/images/synpic40520.jpg,996,1128,RGB,280,336,120,0.08373921216782022
medical_vqa_rad,train,medical/vqa_rad/images/synpic57813.jpg,555,642,RGB,280,336,120,0.2640397406752547
medical_vqa_rad,train,medical/vqa_rad/images/synpic52732.jpg,386,386,RGB,308,308,121,0.6366882332411609
medical_vqa_rad,train,medical/vqa_rad/images/synpic18896.jpg,987,1200,RGB,280,336,120,0.07943262411347518
medical_vqa_rad,train,medical/vqa_rad/images/synpic60254.jpg,555,640,RGB,280,336,120,0.2648648648648649
medical_vqa_rad,train,medical/vqa_rad/images/synpic37605.jpg,316,418,RGB,252,364,117,0.6944461268245412
medical_vqa_rad,train,medical/vqa_rad/images/synpic52828.jpg,512,512,RGB,308,308,121,0.36187744140625
medical_vqa_rad,train,medical/vqa_rad/images/synpic32970.jpg,1024,1245,RGB,280,336,120,0.07379518072289157
medical_vqa_rad,train,medical/vqa_rad/images/synpic27277.jpg,1024,1310,RGB,280,336,120,0.07013358778625954
medical_vqa_rad,train,medical/vqa_rad/images/synpic42805.jpg,1024,1286,RGB,280,336,120,0.07144245723172628
medical_vqa_rad,train,medical/vqa_rad/images/synpic31256.jpg,1024,846,RGB,336,280,120,0.10859929078014184
medical_vqa_rad,train,medical/vqa_rad/images/synpic57317.jpg,960,720,RGB,364,252,117,0.13270833333333334
medical_vqa_rad,train,medical/vqa_rad/images/synpic51426.jpg,256,256,RGB,252,252,81,0.968994140625
medical_vqa_rad,train,medical/vqa_rad/images/synpic27576.jpg,689,688,RGB,308,308,121,0.20012151078408208
medical_vqa_rad,train,medical/vqa_rad/images/synpic53287.jpg,555,619,RGB,280,308,110,0.2510297049877018
medical_vqa_rad,train,medical/vqa_rad/images/synpic56422.jpg,555,576,RGB,308,308,121,0.2967467467467467
medical_vqa_rad,train,medical/vqa_rad/images/synpic33481.jpg,540,500,RGB,308,280,110,0.3194074074074074
medical_vqa_rad,train,medical/vqa_rad/images/synpic29771.jpg,512,512,RGB,308,308,121,0.36187744140625
medical_vqa_rad,train,medical/vqa_rad/images/synpic20626.jpg,910,1138,RGB,280,336,120,0.0908476409355144
medical_vqa_rad,train,medical/vqa_rad/images/synpic46764.jpg,389,461,RGB,280,336,120,0.5246223421755545
medical_vqa_rad,train,medical/vqa_rad/images/synpic22791.jpg,512,512,RGB,308,308,121,0.36187744140625
medical_vqa_rad,train,medical/vqa_rad/images/synpic47974.jpg,1024,715,RGB,364,252,117,0.1252840909090909
medical_vqa_rad,train,medical/vqa_rad/images/synpic38069.jpg,378,378,RGB,308,308,121,0.663923182441701
medical_vqa_rad,train,medical/vqa_rad/images/synpic37275.jpg,1024,642,RGB,392,224,112,0.13356697819314642
medical_vqa_rad,train,medical/vqa_rad/images/synpic33331.jpg,899,925,RGB,308,308,121,0.11407750353245348
medical_vqa_rad,train,medical/vqa_rad/images/synpic33429.jpg,1024,870,RGB,336,280,120,0.10560344827586207
medical_vqa_rad,train,medical/vqa_rad/images/synpic17675.jpg,643,768,RGB,280,336,120,0.1905132192846034
medical_vqa_rad,train,medical/vqa_rad/images/synpic33302.jpg,1024,1245,RGB,280,336,120,0.07379518072289157
medical_vqa_rad,train,medical/vqa_rad/images/synpic29795.jpg,502,333,RGB,364,252,117,0.5487240228276085
medical_vqa_rad,train,medical/vqa_rad/images/synpic24350.jpg,1011,1200,RGB,280,336,120,0.07754698318496538
medical_vqa_rad,train,medical/vqa_rad/images/synpic45610.jpg,739,942,RGB,280,336,120,0.13514561767925326
medical_vqa_rad,train,medical/vqa_rad/images/synpic50958.jpg,1024,557,RGB,420,224,120,0.16494614003590663
medical_vqa_rad,train,medical/vqa_rad/images/synpic28277.jpg,1024,759,RGB,364,252,117,0.11802124505928854
medical_vqa_rad,train,medical/vqa_rad/images/synpic20375.jpg,910,1138,RGB,280,336,120,0.0908476409355144
medical_vqa_rad,train,medical/vqa_rad/images/synpic59935.jpg,768,908,RGB,280,336,120,0.13491189427312775
medical_vqa_rad,train,medical/vqa_rad/images/synpic34922.jpg,1024,753,RGB,364,252,117,0.11896165338645419
medical_vqa_rad,train,medical/vqa_rad/images/synpic28569.jpg,512,512,RGB,308,308,121,0.36187744140625
medical_vqa_rad,train,medical/vqa_rad/images/synpic45544.jpg,350,407,RGB,280,336,120,0.6604422604422604
medical_vqa_rad,train,medical/vqa_rad/images/synpic56116.jpg,666,737,RGB,280,308,110,0.17569808614584734
medical_vqa_rad,train,medical/vqa_rad/images/synpic57237.jpg,670,804,RGB,280,336,120,0.1746491423479617
medical_vqa_rad,train,medical/vqa_rad/images/synpic26413.jpg,1001,1280,RGB,280,336,120,0.07342657342657342
medical_vqa_rad,train,medical/vqa_rad/images/synpic40426.jpg,1024,1310,RGB,280,336,120,0.07013358778625954
medical_vqa_rad,train,medical/vqa_rad/images/synpic27646.jpg,1024,1245,RGB,280,336,120,0.07379518072289157
medical_vqa_rad,train,medical/vqa_rad/images/synpic53207.jpg,555,608,RGB,280,308,110,0.2555713608345187
medical_vqa_rad,train,medical/vqa_rad/images/synpic55583.jpg,532,768,RGB,252,364,117,0.22450657894736842
medical_vqa_rad,train,medical/vqa_rad/images/synpic31217.jpg,465,540,RGB,280,336,120,0.3746714456391876
medical_vqa_rad,train,medical/vqa_rad/images/synpic19232.jpg,1024,1080,RGB,308,308,121,0.08577835648148148
medical_vqa_rad,train,medical/vqa_rad/images/synpic45364.jpg,1024,964,RGB,308,280,110,0.08736384854771784
medical_vqa_rad,train,medical/vqa_rad/images/synpic51212.jpg,555,693,RGB,280,336,120,0.2446082446082446
medical_vqa_rad,train,medical/vqa_rad/images/synpic32081.jpg,976,903,RGB,308,280,110,0.09785233193544288
medical_vqa_rad,train,medical/vqa_rad/images/synpic24878.jpg,516,730,RGB,252,364,117,0.24351704364447277
medical_vqa_rad,train,medical/vqa_rad/images/synpic47020.jpg,356,471,RGB,252,364,117,0.5470550347097974
medical_vqa_rad,train,medical/vqa_rad/images/synpic18250.jpg,1024,842,RGB,336,280,120,0.10911520190023753
medical_vqa_rad,train,medical/vqa_rad/images/synpic29263.jpg,590,480,RGB,336,280,120,0.33220338983050846
medical_vqa_rad,train,medical/vqa_rad/images/synpic25105.jpg,512,512,RGB,308,308,121,0.36187744140625
medical_vqa_rad,train,medical/vqa_rad/images/synpic42210.jpg,1024,1151,RGB,280,308,110,0.07317006950477846
medical_vqa_rad,train,medical/vqa_rad/images/synpic54391.jpg,512,512,RGB,308,308,121,0.36187744140625
medical_vqa_rad,train,medical/vqa_rad/images/synpic28210.jpg,1024,1307,RGB,280,336,120,0.07029456771231829
medical_vqa_rad,train,medical/vqa_rad/images/synpic100176.jpg,1024,1024,RGB,308,308,121,0.0904693603515625
medical_vqa_rad,train,medical/vqa_rad/images/synpic56344.jpg,555,753,RGB,252,364,117,0.2194896091310434
medical_vqa_rad,train,medical/vqa_rad/images/synpic52988.jpg,1024,840,RGB,336,280,120,0.109375
medical_vqa_rad,train,medical/vqa_rad/images/synpic53867.jpg,720,540,RGB,364,252,117,0.23592592592592593
medical_vqa_rad,train,medical/vqa_rad/images/synpic24967.jpg,1024,645,RGB,392,224,112,0.13294573643410854
medical_vqa_rad,train,medical/vqa_rad/images/synpic33892.jpg,1024,566,RGB,420,224,120,0.1623233215547703
medical_vqa_rad,train,medical/vqa_rad/images/synpic23008.jpg,1009,1200,RGB,280,336,120,0.07770069375619425
medical_vqa_rad,train,medical/vqa_rad/images/synpic32981.jpg,512,512,RGB,308,308,121,0.36187744140625
medical_vqa_rad,train,medical/vqa_rad/images/synpic12210.jpg,800,877,RGB,280,308,110,0.12291904218928164
medical_vqa_rad,train,medical/vqa_rad/images/synpic28718.jpg,1024,1286,RGB,280,336,120,0.07144245723172628
medical_vqa_rad,train,medical/vqa_rad/images/synpic52248.jpg,555,675,RGB,280,336,120,0.2511311311311311
medical_vqa_rad,train,medical/vqa_rad/images/synpic56061.jpg,555,718,RGB,252,336,108,0.21248212000301137
medical_vqa_rad,test,medical/vqa_rad/images/synpic29265.jpg,480,503,RGB,308,308,121,0.392909211398277
medical_vqa_rad,test,medical/vqa_rad/images/synpic25821.jpg,1024,1024,RGB,308,308,121,0.0904693603515625
medical_vqa_rad,test,medical/vqa_rad/images/synpic34515.jpg,1024,1311,RGB,252,336,108,0.0630720823798627
medical_vqa_rad,test,medical/vqa_rad/images/synpic34713.jpg,766,980,RGB,280,336,120,0.12532637075718014
medical_vqa_rad,test,medical/vqa_rad/images/synpic39086.jpg,1024,1105,RGB,280,308,110,0.0762160633484163
medical_vqa_rad,test,medical/vqa_rad/images/synpic26925.jpg,766,978,RGB,280,336,120,0.12558266190392287
medical_vqa_rad,test,medical/vqa_rad/images/synpic46720.jpg,263,324,RGB,252,336,108,0.9936628643852978
medical_vqa_rad,test,medical/vqa_rad/images/synpic24390.jpg,419,512,RGB,280,336,120,0.43854415274463004
medical_vqa_rad,test,medical/vqa_rad/images/synpic23803.jpg,420,512,RGB,280,336,120,0.4375
medical_vqa_rad,test,medical/vqa_rad/images/synpic39532.jpg,1024,1056,RGB,308,308,121,0.08772786458333333
medical_vqa_rad,test,medical/vqa_rad/images/synpic17664.jpg,673,827,RGB,280,336,120,0.16903503775798595
medical_vqa_rad,test,medical/vqa_rad/images/synpic31955.jpg,867,979,RGB,280,336,120,0.11083974537961552
medical_vqa_rad,test,medical/vqa_rad/images/synpic27985.jpg,512,512,RGB,308,308,121,0.36187744140625
medical_vqa_rad,test,medical/vqa_rad/images/synpic35914.jpg,708,514,RGB,364,252,117,0.2520609378091407
medical_vqa_rad,test,medical/vqa_rad/images/synpic33689.jpg,980,892,RGB,308,280,110,0.09865470852017937
medical_vqa_rad,test,medical/vqa_rad/images/synpic33844.jpg,1024,1286,RGB,280,336,120,0.07144245723172628
medical_vqa_rad,test,medical/vqa_rad/images/synpic21902.jpg,512,512,RGB,308,308,121,0.36187744140625
medical_vqa_rad,test,medical/vqa_rad/images/synpic24319.jpg,766,910,RGB,280,336,120,0.13496686081542478
medical_vqa_rad,test,medical/vqa_rad/images/synpic60096.jpg,843,768,RGB,308,280,110,0.13320482404112297
medical_vqa_rad,test,medical/vqa_rad/images/synpic24538.jpg,762,630,RGB,336,280,120,0.19597550306211722
medical_vqa_rad,test,medical/vqa_rad/images/synpic34017.jpg,370,495,RGB,252,364,117,0.5008353808353808
medical_vqa_rad,test,medical/vqa_rad/images/synpic41788.jpg,305,427,RGB,252,364,117,0.7043267938726149
medical_vqa_rad,test,medical/vqa_rad/images/synpic42307.jpg,341,428,RGB,280,336,120,0.6446131498890015
medical_vqa_rad,test,medical/vqa_rad/images/synpic16810.jpg,1024,1023,RGB,308,308,121,0.09055779569892473
medical_vqa_rad,test,medical/vqa_rad/images/synpic60423.jpg,781,703,RGB,308,280,110,0.15707330755514595
medical_vqa_rad,test,medical/vqa_rad/images/synpic46943.jpg,1024,572,RGB,420,224,120,0.16062062937062938
medical_vqa_rad,test,medical/vqa_rad/images/synpic31248.jpg,1024,850,RGB,336,280,120,0.10808823529411765
medical_vqa_rad,test,medical/vqa_rad/images/synpic24424.jpg,512,512,RGB,308,308,121,0.36187744140625
medical_vqa_rad,test,medical/vqa_rad/images/synpic48122.jpg,1024,1151,RGB,280,308,110,0.07317006950477846
medical_vqa_rad,test,medical/vqa_rad/images/synpic16170.jpg,1023,841,RGB,336,280,120,0.10935173529627137
medical_vqa_rad,test,medical/vqa_rad/images/synpic100132.jpg,2321,1384,RGB,392,224,112,0.027335237701508967
medical_vqa_rad,test,medical/vqa_rad/images/synpic22982.jpg,512,512,RGB,308,308,121,0.36187744140625
medical_vqa_rad,test,medical/vqa_rad/images/synpic51282.jpg,555,675,RGB,280,336,120,0.2511311311311311
medical_vqa_rad,test,medical/vqa_rad/images/synpic26248.jpg,1019,1280,RGB,280,336,120,0.07212953876349362
medical_vqa_rad,test,medical/vqa_rad/images/synpic17848.jpg,1024,1022,RGB,308,308,121,0.09064640410958905
medical_vqa_rad,test,medical/vqa_rad/images/synpic16407.jpg,1024,842,RGB,336,280,120,0.10911520190023753
medical_vqa_rad,test,medical/vqa_rad/images/synpic53033.jpg,415,495,RGB,280,336,120,0.4579773640014604
medical_vqa_rad,test,medical/vqa_rad/images/synpic22097.jpg,905,1022,RGB,280,336,120,0.1017180049950806
medical_vqa_rad,test,medical/vqa_rad/images/synpic53097.jpg,555,695,RGB,280,336,120,0.24390433599066694
medical_vqa_rad,test,medical/vqa_rad/images/synpic17693.jpg,1024,1012,RGB,308,308,121,0.09154211956521739
