method,task,instance_id,before_EM_correct,learned_EM_correct,final_EM_correct,newly_correct,newly_wrong,newly_correct_retained
seq_lora,task1290_xsum_summarization,task1290-fdb2129f72f349019654d8b07a72c90b,False,False,False,False,False,False
seq_lora,task1290_xsum_summarization,task1290-ebf1832abdd1479b8ee9fcf3a9ddad84,False,False,False,False,False,False
seq_lora,task1290_xsum_summarization,task1290-908f5b6e8f714a9e8cf226c9303ae074,False,False,False,False,False,False
seq_lora,task1290_xsum_summarization,task1290-8fcb0d0f42ce491c8c26baa4090b5d00,False,False,False,False,False,False
seq_lora,task1290_xsum_summarization,task1290-264c5d1f35d546a0abffd668684c3eb6,False,False,False,False,False,False
seq_lora,task1290_xsum_summarization,task1290-acf53ae7c73d48ccb46c264f070308fb,False,False,False,False,False,False
seq_lora,task1290_xsum_summarization,task1290-38e22ce36ed04b9c95ad45c91495d57b,False,False,False,False,False,False
seq_lora,task1290_xsum_summarization,task1290-91063a310a5242aba64c62adc6514565,False,False,False,False,False,False
seq_lora,task1290_xsum_summarization,task1290-8fbd6aa0bb204c58aef029d14b54bb60,False,False,False,False,False,False
seq_lora,task1290_xsum_summarization,task1290-4f9dd4339fd648518c6dbdfbf8826c3e,False,False,False,False,False,False
seq_lora,task1290_xsum_summarization,task1290-dea89c3b49224003a3056f18aef02d08,False,False,False,False,False,False
seq_lora,task1290_xsum_summarization,task1290-7c6c19d9966e4dd482653550bc03b5eb,False,False,False,False,False,False
seq_lora,task1290_xsum_summarization,task1290-804adda5203a46c0ae1f65da8d5f98dc,False,False,False,False,False,False
seq_lora,task1290_xsum_summarization,task1290-aec925c965a349f29656d100705dc4f7,False,False,False,False,False,False
seq_lora,task1290_xsum_summarization,task1290-f588ad4056724f37a381fdd408381ed1,False,False,False,False,False,False
seq_lora,task1290_xsum_summarization,task1290-3b8564da3b5e4c969c4fa09eacf82526,False,False,False,False,False,False
seq_lora,task1290_xsum_summarization,task1290-51e5abd9933b43e2a1a8c9d7938cb80c,False,False,False,False,False,False
seq_lora,task1290_xsum_summarization,task1290-6c2ce0e3760d4bdcac8da4bd11cd04f8,False,False,False,False,False,False
seq_lora,task1290_xsum_summarization,task1290-c1352fd3f1704fe0b6b3e5ac74755271,False,False,False,False,False,False
seq_lora,task1290_xsum_summarization,task1290-d4ab34985ec348608da84111dc98a1e0,False,False,False,False,False,False
seq_lora,task1290_xsum_summarization,task1290-b27482aeffed40e8baa7205400cf0902,False,False,False,False,False,False
seq_lora,task1290_xsum_summarization,task1290-8e16e18e7c2c4a2abf589a30a58ce44f,False,False,False,False,False,False
seq_lora,task1290_xsum_summarization,task1290-43b57c60a32e4e96a3c5c382bf4c3fdf,False,False,False,False,False,False
seq_lora,task1290_xsum_summarization,task1290-e28e3d5c2f7640ec868dd5acc78c6f1c,False,False,False,False,False,False
seq_lora,task1290_xsum_summarization,task1290-377a8646f1aa458f940328882e6b1d4c,False,False,False,False,False,False
seq_lora,task1290_xsum_summarization,task1290-ddf3c4bf88f54a1ba5f73679ec1fad3b,False,False,False,False,False,False
seq_lora,task1290_xsum_summarization,task1290-9f9ad67693404af68897617d2cf85188,False,False,False,False,False,False
seq_lora,task1290_xsum_summarization,task1290-d2605bed7cbd454f8b3033bc1d9ccc42,False,False,False,False,False,False
seq_lora,task1290_xsum_summarization,task1290-6c26509571564062b346e51b5c49fd55,False,False,False,False,False,False
seq_lora,task1290_xsum_summarization,task1290-f901e31b75894a728f6255ec66869e12,False,False,False,False,False,False
seq_lora,task1290_xsum_summarization,task1290-4af2e0015a5444c2bf03582429dba136,False,False,False,False,False,False
seq_lora,task1290_xsum_summarization,task1290-b588390b353b407cb67fa70d180946d1,False,False,False,False,False,False
seq_lora,task1290_xsum_summarization,task1290-cefe78e33f6249e6be3c2a667aae2414,False,False,False,False,False,False
seq_lora,task1290_xsum_summarization,task1290-0ac5d47a1c86431daa02ea07cb01e9f3,False,False,False,False,False,False
seq_lora,task1290_xsum_summarization,task1290-cdc5e91285e84821853520a4cebbf7c2,False,False,False,False,False,False
seq_lora,task1290_xsum_summarization,task1290-81d498b1319348ddb344450afbbc04d0,False,False,False,False,False,False
seq_lora,task1290_xsum_summarization,task1290-d757a42880014632ac8ea83041c8c6e2,False,False,False,False,False,False
seq_lora,task1290_xsum_summarization,task1290-16420efa9a924dafb709ec52b5b28e4e,False,False,False,False,False,False
seq_lora,task1290_xsum_summarization,task1290-8f058b22b08345019d3ef7d589776526,False,False,False,False,False,False
seq_lora,task1290_xsum_summarization,task1290-e2462ac8e12942ce97e8ab632df1f0f5,False,False,False,False,False,False
seq_lora,task1290_xsum_summarization,task1290-fd12777d58c44247ad48596830de976a,False,False,False,False,False,False
seq_lora,task1290_xsum_summarization,task1290-e12c0dd28f6e4b9eacb3ca8016514049,False,False,False,False,False,False
seq_lora,task1290_xsum_summarization,task1290-16cefb6f74884722a80a71e93ed6b46c,False,False,False,False,False,False
seq_lora,task1290_xsum_summarization,task1290-d00a8f3ab7dd40f0adbb9999939a2f30,False,False,False,False,False,False
seq_lora,task1290_xsum_summarization,task1290-7cd12bceda2b46b2bdd507d09295b99a,False,False,False,False,False,False
seq_lora,task1290_xsum_summarization,task1290-02937978ec544c8d9c396b5e36b2d51e,False,False,False,False,False,False
seq_lora,task1290_xsum_summarization,task1290-7b91ae37843b48c396c31dfb13bdf2c2,False,False,False,False,False,False
seq_lora,task1290_xsum_summarization,task1290-3c395192b2b44322888947aabcf4c800,False,False,False,False,False,False
seq_lora,task1290_xsum_summarization,task1290-d8363d05f99941fba72091ba7f0c2141,False,False,False,False,False,False
seq_lora,task1290_xsum_summarization,task1290-7bff74964f564bf7bc4fe515552323f1,False,False,False,False,False,False
seq_lora,task1290_xsum_summarization,task1290-bd7ca55c95924ac3adda5bc242771e18,False,False,False,False,False,False
seq_lora,task1290_xsum_summarization,task1290-ed2df910f427439996ad3ab77ab418a3,False,False,False,False,False,False
seq_lora,task1290_xsum_summarization,task1290-ac0d5d2d55794e8a89ab4ee3fd5f7311,False,False,False,False,False,False
seq_lora,task1290_xsum_summarization,task1290-b50d32311d354d15bf52b908af2ae201,False,False,False,False,False,False
seq_lora,task1290_xsum_summarization,task1290-1dcd699df8c84df187ce253e7be2d7b9,False,False,False,False,False,False
seq_lora,task1290_xsum_summarization,task1290-0fe86bbf9f8e4cd7964ddc119cd2f4a6,False,False,False,False,False,False
seq_lora,task1290_xsum_summarization,task1290-a3e7a1dd58d24bc2b539b006e8564958,False,False,False,False,False,False
seq_lora,task1290_xsum_summarization,task1290-197db0fa09d54d6883421c51aceded28,False,False,False,False,False,False
seq_lora,task1290_xsum_summarization,task1290-9fe97bfb40e946c89c10b8fb54c3083e,False,False,False,False,False,False
seq_lora,task1290_xsum_summarization,task1290-e29d7e12209a40e8b50a6a042ddbab48,False,False,False,False,False,False
seq_lora,task1290_xsum_summarization,task1290-14240392805848619848e878968229ad,False,False,False,False,False,False
seq_lora,task1290_xsum_summarization,task1290-c3f597541c804066ba54ef34050deaf1,False,False,False,False,False,False
seq_lora,task1290_xsum_summarization,task1290-829a68d344334b85be2b4c57cb575fec,False,False,False,False,False,False
seq_lora,task1290_xsum_summarization,task1290-75b9abb2eeb74e7fba55365968f51a88,False,False,False,False,False,False
seq_lora,task1290_xsum_summarization,task1290-ec87879c3c7c4c7789c710801ed95ff4,False,False,False,False,False,False
seq_lora,task1290_xsum_summarization,task1290-c636fecf2ce04e1fba553a8e0d66dd19,False,False,False,False,False,False
seq_lora,task1290_xsum_summarization,task1290-3c04936501ea47edbec7559b02434d65,False,False,False,False,False,False
seq_lora,task1290_xsum_summarization,task1290-eae4271d99f04459ab84d2c12c280c17,False,False,False,False,False,False
seq_lora,task1290_xsum_summarization,task1290-a2e3572db7e640fea8b74561e9baacec,False,False,False,False,False,False
seq_lora,task1290_xsum_summarization,task1290-526acbb967724cfbbc2803c32479e488,False,False,False,False,False,False
seq_lora,task1290_xsum_summarization,task1290-58162c2430944e4d8b646eb47978eb9d,False,False,False,False,False,False
seq_lora,task1290_xsum_summarization,task1290-13937d0f164749ea80908aa9f622bd2d,False,False,False,False,False,False
seq_lora,task1290_xsum_summarization,task1290-890ad531ac27472e9bf7b5db4cc84399,False,False,False,False,False,False
seq_lora,task1290_xsum_summarization,task1290-37fee3aebad74b5a94e48278ad738d39,False,False,False,False,False,False
seq_lora,task1290_xsum_summarization,task1290-25581e7c99144a2f89f0097e983bf2c0,False,False,False,False,False,False
seq_lora,task1290_xsum_summarization,task1290-75a9003cbca64c35a99db5a1d3e4389a,False,False,False,False,False,False
seq_lora,task1290_xsum_summarization,task1290-b45ad745b83b4f76b63297da162434af,False,False,False,False,False,False
seq_lora,task1290_xsum_summarization,task1290-9bedfbddee464744863386b71a834b9a,False,False,False,False,False,False
seq_lora,task1290_xsum_summarization,task1290-6bd28d25d8c94322836b3706f9844882,False,False,False,False,False,False
seq_lora,task1290_xsum_summarization,task1290-22ffdf5b3fc0437b9fb8f4b4958d8802,False,False,False,False,False,False
seq_lora,task1290_xsum_summarization,task1290-040a6e80186040f6936f2226a5c120df,False,False,False,False,False,False
seq_lora,task1290_xsum_summarization,task1290-21f54e39e2af401ca41bd50435140056,False,False,False,False,False,False
seq_lora,task1290_xsum_summarization,task1290-04955c67fb3c49bca6f9352619f5e329,False,False,False,False,False,False
seq_lora,task1290_xsum_summarization,task1290-36d899284b614d7bb22d817d4caba19f,False,False,False,False,False,False
seq_lora,task1290_xsum_summarization,task1290-d5d552ae1dd944c2b84fc5f6dbbb3b82,False,False,False,False,False,False
seq_lora,task1290_xsum_summarization,task1290-e9dd35e45c144049853388aef77439cf,False,False,False,False,False,False
seq_lora,task1290_xsum_summarization,task1290-65dc84e019554f9fa158caf2ec680efc,False,False,False,False,False,False
seq_lora,task1290_xsum_summarization,task1290-44ca4eb326264a80aaef7f57f1587250,False,False,False,False,False,False
seq_lora,task1290_xsum_summarization,task1290-ee3ae31ce3b5488789fa904fd8bb1c4c,False,False,False,False,False,False
seq_lora,task1290_xsum_summarization,task1290-7859fbc7c3b14ab5804fd3e7383b1432,False,False,False,False,False,False
seq_lora,task1290_xsum_summarization,task1290-f0b270e61157448b954148f19bc34c8a,False,False,False,False,False,False
seq_lora,task1290_xsum_summarization,task1290-694975a3433c4fd2b4e69074df04600b,False,False,False,False,False,False
seq_lora,task1290_xsum_summarization,task1290-a28263a584b54dc990fe5f4dd7c7db38,False,False,False,False,False,False
seq_lora,task1290_xsum_summarization,task1290-af24d4d3b51d4c6890052002d5aa4d1d,False,False,False,False,False,False
seq_lora,task1290_xsum_summarization,task1290-877d67b64d7441b899d4b4854e44511b,False,False,False,False,False,False
seq_lora,task1290_xsum_summarization,task1290-c47e509ec8454f88800b95a923e65b0a,False,False,False,False,False,False
seq_lora,task1290_xsum_summarization,task1290-67dfb83529404bd9bf9d0dc79e0d0692,False,False,False,False,False,False
seq_lora,task1290_xsum_summarization,task1290-59052c1538344a77bb8f3d208de05bbf,False,False,False,False,False,False
seq_lora,task1290_xsum_summarization,task1290-c12318eea230433aa07f65d9eed719f8,False,False,False,False,False,False
seq_lora,task1290_xsum_summarization,task1290-100b56d691c64e958a3f8d608456b9cd,False,False,False,False,False,False
seq_lora,task1290_xsum_summarization,task1290-c1dfbc6d44a74903a2a9a0997f833eec,False,False,False,False,False,False
seq_lora,task1290_xsum_summarization,task1290-bedbf90552384503841e74b9be6d4333,False,False,False,False,False,False
seq_lora,task1290_xsum_summarization,task1290-52cf6bf2f2d34ec8b4f82a59ea9ea357,False,False,False,False,False,False
seq_lora,task1290_xsum_summarization,task1290-ac2eb0dd930047d49c93a658476e8036,False,False,False,False,False,False
seq_lora,task1290_xsum_summarization,task1290-aae409daed594d75b523ff4d56e11b8c,False,False,False,False,False,False
seq_lora,task1290_xsum_summarization,task1290-b270a403a30e4250b39135fbabf55929,False,False,False,False,False,False
seq_lora,task1290_xsum_summarization,task1290-4ab16092f5a544e9bb60374180be93d5,False,False,False,False,False,False
seq_lora,task1290_xsum_summarization,task1290-a21529c77f7247ea90baec3f17847d3f,False,False,False,False,False,False
seq_lora,task1290_xsum_summarization,task1290-97256b4efed34b899549c0ad09c526fd,False,False,False,False,False,False
seq_lora,task1290_xsum_summarization,task1290-30ba6122b5a443849f1fdf4526faba2a,False,False,False,False,False,False
seq_lora,task1290_xsum_summarization,task1290-e071e85a39ad4e55978655948c4b37d1,False,False,False,False,False,False
seq_lora,task1290_xsum_summarization,task1290-42481a6ac9ff456393e28392f2456f79,False,False,False,False,False,False
seq_lora,task1290_xsum_summarization,task1290-4cb32077efb2446bbd0b524d30c78f6a,False,False,False,False,False,False
seq_lora,task1290_xsum_summarization,task1290-76e58b4d4d964b80ab22b3df48230b77,False,False,False,False,False,False
seq_lora,task1290_xsum_summarization,task1290-c5c1e995c08b4207849ba190adece8bf,False,False,False,False,False,False
seq_lora,task1290_xsum_summarization,task1290-6195c762ef494028b59db6dbaef13db7,False,False,False,False,False,False
seq_lora,task1290_xsum_summarization,task1290-dd3dcea5ebbf4819967cf5ccf3577cc7,False,False,False,False,False,False
seq_lora,task1290_xsum_summarization,task1290-bf5c8713eaf84404873581e3b45a232d,False,False,False,False,False,False
seq_lora,task1290_xsum_summarization,task1290-8dc390967a60464ab0d49b33b2c3e783,False,False,False,False,False,False
seq_lora,task1290_xsum_summarization,task1290-9e5b3c1154a54717b66ef028a9985ab7,False,False,False,False,False,False
seq_lora,task1290_xsum_summarization,task1290-6e91abb4ea3c4154af2a16168d16fc1c,False,False,False,False,False,False
seq_lora,task1290_xsum_summarization,task1290-81e1873b6e1844c98f465161f3c95ac7,False,False,False,False,False,False
seq_lora,task1290_xsum_summarization,task1290-26df0fb266d1425bb34d26b71f2ca439,False,False,False,False,False,False
seq_lora,task1290_xsum_summarization,task1290-9f00586963a3412eb98d0d0a120f3e2c,False,False,False,False,False,False
seq_lora,task1290_xsum_summarization,task1290-bb2da0b66db1492c8ac43e4b5adca9f5,False,False,False,False,False,False
seq_lora,task1290_xsum_summarization,task1290-3c6aade09f604e54bae17facbb540a51,False,False,False,False,False,False
seq_lora,task1290_xsum_summarization,task1290-9d1c440b88b340c2944aecbc2b49946b,False,False,False,False,False,False
seq_lora,task1290_xsum_summarization,task1290-0306aca0172d452ca05fd70be1bbcc37,False,False,False,False,False,False
seq_lora,task1290_xsum_summarization,task1290-b8e42481886c4b5b9a55775b38bfd9a2,False,False,False,False,False,False
seq_lora,task1290_xsum_summarization,task1290-a25cbf099c194d0cb3554fbef02cc316,False,False,False,False,False,False
seq_lora,task1290_xsum_summarization,task1290-9dc50651e9144243b1994fc356683d86,False,False,False,False,False,False
seq_lora,task1290_xsum_summarization,task1290-d07bc313b2a947188164f5c620d66e65,False,False,False,False,False,False
seq_lora,task1290_xsum_summarization,task1290-3e1606f53365434f90bb9bee11feb631,False,False,False,False,False,False
seq_lora,task1290_xsum_summarization,task1290-a6d4f2f5fd25420786a807d992dbc841,False,False,False,False,False,False
seq_lora,task1290_xsum_summarization,task1290-243170f64ffd4282a5340447f2e41328,False,False,False,False,False,False
seq_lora,task1290_xsum_summarization,task1290-a4e0f7bfeb52441ab49f860f976ed9c3,False,False,False,False,False,False
seq_lora,task1290_xsum_summarization,task1290-e97dde4bfb1f40059b026e6cd65ee667,False,False,False,False,False,False
seq_lora,task1290_xsum_summarization,task1290-100f838e8bd44ccb8de9d9672a828c00,False,False,False,False,False,False
seq_lora,task1290_xsum_summarization,task1290-de021285938d4a07a5dcd926a36ce44b,False,False,False,False,False,False
seq_lora,task1290_xsum_summarization,task1290-5c6b602d1dd14df8b722d3784d619025,False,False,False,False,False,False
seq_lora,task1290_xsum_summarization,task1290-379908aba50943669c384b2b795543e2,False,False,False,False,False,False
seq_lora,task1290_xsum_summarization,task1290-31542fa1f37e40f5ae98ac497c501023,False,False,False,False,False,False
seq_lora,task1290_xsum_summarization,task1290-831f93abc9f94cfeb9faa4d9afcc1e2f,False,False,False,False,False,False
seq_lora,task1290_xsum_summarization,task1290-c5497ed11d33497eba14262cb4edd574,False,False,False,False,False,False
seq_lora,task1290_xsum_summarization,task1290-87d35265478e4587b4b945725a8cada6,False,False,False,False,False,False
seq_lora,task1290_xsum_summarization,task1290-c352c1dd10e044bbaa10cebf77b3d106,False,False,False,False,False,False
seq_lora,task1290_xsum_summarization,task1290-3ca980f15d524af9910f293e86b6b794,False,False,False,False,False,False
seq_lora,task1290_xsum_summarization,task1290-00615fc331d646fdac0e9098c8794ecf,False,False,False,False,False,False
seq_lora,task1290_xsum_summarization,task1290-da93d27d0b204022a6acc3e0ab109a39,False,False,False,False,False,False
seq_lora,task1290_xsum_summarization,task1290-79ad47f7eddd4938a03d8d24e6741182,False,False,False,False,False,False
seq_lora,task1290_xsum_summarization,task1290-65059816726b43fe8f943b5ce09d8e94,False,False,False,False,False,False
seq_lora,task1290_xsum_summarization,task1290-1e601041d32248e8b9a3ded893965fc8,False,False,False,False,False,False
seq_lora,task1290_xsum_summarization,task1290-c696aa993b1d454ab0f49678833e197e,False,False,False,False,False,False
seq_lora,task1290_xsum_summarization,task1290-47baed5be0534571b9e15c65dbb6309b,False,False,False,False,False,False
seq_lora,task1290_xsum_summarization,task1290-83188a962763411aa5a3619f3b9bca4e,False,False,False,False,False,False
seq_lora,task1290_xsum_summarization,task1290-9ad9adc4876f4f23bca12faef4f91430,False,False,False,False,False,False
seq_lora,task1290_xsum_summarization,task1290-8483c373dce34c80acad3833e9674520,False,False,False,False,False,False
seq_lora,task1290_xsum_summarization,task1290-82a1a936d386483fa6cee30e06fc55a9,False,False,False,False,False,False
seq_lora,task1290_xsum_summarization,task1290-d46f622c3a4d4a0bad12a3422f2c2153,False,False,False,False,False,False
seq_lora,task1290_xsum_summarization,task1290-e5d95821fd564bb79a370583f1ab1441,False,False,False,False,False,False
seq_lora,task1290_xsum_summarization,task1290-2645486a6a634995bae64883920d4d26,False,False,False,False,False,False
seq_lora,task1290_xsum_summarization,task1290-99026cc1c7a64bbe9c6106dbbac623be,False,False,False,False,False,False
seq_lora,task1290_xsum_summarization,task1290-4922ab09c3124be3bb87c7beb0bca7cd,False,False,False,False,False,False
seq_lora,task1290_xsum_summarization,task1290-9ccb317222fb472cb0012297d844b3af,False,False,False,False,False,False
seq_lora,task1290_xsum_summarization,task1290-cc9b8f6a2f5a49258567d1a5284ff436,False,False,False,False,False,False
seq_lora,task1290_xsum_summarization,task1290-c50bcfdbecb4468a935ed6942c5a65f1,False,False,False,False,False,False
seq_lora,task1290_xsum_summarization,task1290-55829ec8f11845fcaf1a549ae9814d3e,False,False,False,False,False,False
seq_lora,task1290_xsum_summarization,task1290-6244b037eb654fe4bbbdfe8cfab3ee8e,False,False,False,False,False,False
seq_lora,task1290_xsum_summarization,task1290-3af60269e5a1435089d0e746961deb32,False,False,False,False,False,False
seq_lora,task1290_xsum_summarization,task1290-be1878a9479f45ada29c719a879f7eab,False,False,False,False,False,False
seq_lora,task1290_xsum_summarization,task1290-64dee6fc6b4845f7a24230e264b34371,False,False,False,False,False,False
seq_lora,task1290_xsum_summarization,task1290-630170bee4bd4e2eba5c5996e5912a5c,False,False,False,False,False,False
seq_lora,task1290_xsum_summarization,task1290-51889de49e2546c084cf86eaf4fce1e9,False,False,False,False,False,False
seq_lora,task1290_xsum_summarization,task1290-d256c8cab15542308b230bc059d7c071,False,False,False,False,False,False
seq_lora,task1290_xsum_summarization,task1290-1cc85a97d2d0466b9048aa4086101caa,False,False,False,False,False,False
seq_lora,task1290_xsum_summarization,task1290-09e89f744f7a4e218b9e0359e357da23,False,False,False,False,False,False
seq_lora,task1290_xsum_summarization,task1290-a94cc8e5732a40f09f6f6579f8a60e76,False,False,False,False,False,False
seq_lora,task1290_xsum_summarization,task1290-1eeaf26d41d04cc8baeb76e27ce0d869,False,False,False,False,False,False
seq_lora,task1290_xsum_summarization,task1290-92ffebd1396b469c869b5f7c88846a7a,False,False,False,False,False,False
seq_lora,task1290_xsum_summarization,task1290-153b8cfb8f0c471e9fc91e3b580ed994,False,False,False,False,False,False
seq_lora,task1290_xsum_summarization,task1290-9e13b8f8bb914af5bd71d25fd982e71d,False,False,False,False,False,False
seq_lora,task1290_xsum_summarization,task1290-6246b2ed18314cf49fef605c8bf1f6f1,False,False,False,False,False,False
seq_lora,task1290_xsum_summarization,task1290-a86cc10451df425c80c12f22c446d737,False,False,False,False,False,False
seq_lora,task1290_xsum_summarization,task1290-9110c08624624535ab95fed9a39afb47,False,False,False,False,False,False
seq_lora,task1290_xsum_summarization,task1290-7450266b2fea48ddbefc9a0036dfb6e4,False,False,False,False,False,False
seq_lora,task1290_xsum_summarization,task1290-ab061ea6a2aa4465864a48432bcf77b6,False,False,False,False,False,False
seq_lora,task1290_xsum_summarization,task1290-e580574107c245919ab976871c05542e,False,False,False,False,False,False
seq_lora,task1290_xsum_summarization,task1290-3dce860be4df456a8338c5306c61f383,False,False,False,False,False,False
seq_lora,task1290_xsum_summarization,task1290-efedc233848a4690b80b7be15bf032dd,False,False,False,False,False,False
seq_lora,task1290_xsum_summarization,task1290-b5fd854381e34cd3bd0a0e46e511890b,False,False,False,False,False,False
seq_lora,task1290_xsum_summarization,task1290-57f60452bed443e2adeb4bb7eb878710,False,False,False,False,False,False
seq_lora,task1290_xsum_summarization,task1290-8ca8acebffd54e93bff9645241b1f89e,False,False,False,False,False,False
seq_lora,task1290_xsum_summarization,task1290-990d34f780064336b056c46b81999378,False,False,False,False,False,False
seq_lora,task1290_xsum_summarization,task1290-aa5e00c750fb40c8a263935303595f87,False,False,False,False,False,False
seq_lora,task1290_xsum_summarization,task1290-5a4fadf655524c4ab8b26385a9d957e3,False,False,False,False,False,False
seq_lora,task1290_xsum_summarization,task1290-a2e5bcc499c247aba3cddd68eaaf5a22,False,False,False,False,False,False
seq_lora,task1290_xsum_summarization,task1290-2b4d2a367da946cca85a81f517bb4724,False,False,False,False,False,False
seq_lora,task1290_xsum_summarization,task1290-604e93ae4cd44358b449ad94b5eb9842,False,False,False,False,False,False
seq_lora,task1290_xsum_summarization,task1290-244e667305314749bfafb7c6cd3a44d2,False,False,False,False,False,False
seq_lora,task1290_xsum_summarization,task1290-fe292d0eb4f54d71b9a6ea8c8d938636,False,False,False,False,False,False
seq_lora,task002_quoref_answer_generation,task002-0c57e29b81724af1acd6f4265c9b2bcd,False,True,False,True,False,False
seq_lora,task002_quoref_answer_generation,task002-d477756d7e754de299c21d4afad8ebc7,True,True,True,False,False,False
seq_lora,task002_quoref_answer_generation,task002-a525a6838e754c22995085e767bf2ef5,False,False,False,False,False,False
seq_lora,task002_quoref_answer_generation,task002-83fd991001cd401095a50090f2ed063b,False,False,False,False,False,False
seq_lora,task002_quoref_answer_generation,task002-c3fa09185db34e07b43797f3a6e53a58,False,False,False,False,False,False
seq_lora,task002_quoref_answer_generation,task002-8bcdb04ba07b466a87229e2459e38c60,True,True,True,False,False,False
seq_lora,task002_quoref_answer_generation,task002-b19677a2783f41098df137e35d6f2ef1,False,False,False,False,False,False
seq_lora,task002_quoref_answer_generation,task002-726a34fc0ef343f89949d3c4472c558d,False,False,True,False,False,False
seq_lora,task002_quoref_answer_generation,task002-8dd4d88c5e4a4e04965c892aeb03a1fa,True,True,False,False,False,False
seq_lora,task002_quoref_answer_generation,task002-f0eba447fdda49568183fd30413bb344,False,False,False,False,False,False
seq_lora,task002_quoref_answer_generation,task002-1d0183054b744703a49ba36dff9ca885,False,False,False,False,False,False
seq_lora,task002_quoref_answer_generation,task002-c01987a5e5ea4e3491b81f689cddeaa1,False,False,True,False,False,False
seq_lora,task002_quoref_answer_generation,task002-151a09e26fb244a7a518fba4865d39b7,True,True,True,False,False,False
seq_lora,task002_quoref_answer_generation,task002-47c3ddb2a6214b8e995cf5006df97979,True,True,False,False,False,False
seq_lora,task002_quoref_answer_generation,task002-ef2f0c0a9824431892e7f2b61b070a02,True,True,True,False,False,False
seq_lora,task002_quoref_answer_generation,task002-885c95a9bf7b44fb990d658aa8060ab9,False,False,False,False,False,False
seq_lora,task002_quoref_answer_generation,task002-b9deb37d36b04fe9a46bba373fcd1ef7,False,False,True,False,False,False
seq_lora,task002_quoref_answer_generation,task002-8165c3f02ba14eee98df73942ed8e436,False,False,False,False,False,False
seq_lora,task002_quoref_answer_generation,task002-da4f3cc161e14969863c407c66d92ece,False,True,True,True,False,True
seq_lora,task002_quoref_answer_generation,task002-6195f1b84adf477098ac756353f64935,False,False,False,False,False,False
seq_lora,task002_quoref_answer_generation,task002-5b5f12de3c92481a842aee7d5d565c86,False,False,False,False,False,False
seq_lora,task002_quoref_answer_generation,task002-a856e78c3b7643689790024ce76ed205,False,False,False,False,False,False
seq_lora,task002_quoref_answer_generation,task002-723cc8b2e5b2496ca272925b9b1289f2,False,True,False,True,False,False
seq_lora,task002_quoref_answer_generation,task002-31a3d8f55d6b4b74b1d1313977986721,True,True,True,False,False,False
seq_lora,task002_quoref_answer_generation,task002-34fdbf4f0f87435eaf952d7f736fd92d,False,False,False,False,False,False
seq_lora,task002_quoref_answer_generation,task002-2651b7dab0e74ea99e6b9e68a461f17a,False,False,True,False,False,False
seq_lora,task002_quoref_answer_generation,task002-a7afddecd2424839904c583e43ee8239,True,True,True,False,False,False
seq_lora,task002_quoref_answer_generation,task002-85ac2cb0438b4ed7b6f7246ade2142de,True,True,True,False,False,False
seq_lora,task002_quoref_answer_generation,task002-d28ffd5035e84b53a0eec5d177b8f163,False,False,False,False,False,False
seq_lora,task002_quoref_answer_generation,task002-e74a67b0e4244801a368045e51a62ee6,False,False,False,False,False,False
seq_lora,task002_quoref_answer_generation,task002-caeae3baca514b778b39253ea6c4d374,False,False,False,False,False,False
seq_lora,task002_quoref_answer_generation,task002-cabd9557d0734b22b22de0b12bc3adbf,True,True,True,False,False,False
seq_lora,task002_quoref_answer_generation,task002-be352ae8c832406384b76724c591b84d,True,True,True,False,False,False
seq_lora,task002_quoref_answer_generation,task002-15e3f6133cbe4107a95b5eac72306f36,False,True,False,True,False,False
seq_lora,task002_quoref_answer_generation,task002-9c7af4fbd92141519ac521227a146659,False,False,False,False,False,False
seq_lora,task002_quoref_answer_generation,task002-5e2ee5ea53da45adb3b8cee9f59e925d,True,True,True,False,False,False
seq_lora,task002_quoref_answer_generation,task002-a3d58ba80f9a40188483af7a524fc8f6,False,True,False,True,False,False
seq_lora,task002_quoref_answer_generation,task002-efda56ebb6964e5e9e25f179b9fd552b,True,True,True,False,False,False
seq_lora,task002_quoref_answer_generation,task002-65e0509aa04444ff8f59ebf250bc0abb,False,True,True,True,False,True
seq_lora,task002_quoref_answer_generation,task002-0078aa492dcf453084ac5379786963b8,True,True,True,False,False,False
seq_lora,task002_quoref_answer_generation,task002-7b7e6a427f8f44249011574227b95382,False,True,True,True,False,True
seq_lora,task002_quoref_answer_generation,task002-6a6212c4b7f144619fee1d6e172676a3,True,True,True,False,False,False
seq_lora,task002_quoref_answer_generation,task002-bf993a04d25f44038d34fe959969b604,False,False,False,False,False,False
seq_lora,task002_quoref_answer_generation,task002-76c2acc203454c7880b0fcfa01f94134,True,True,False,False,False,False
seq_lora,task002_quoref_answer_generation,task002-1dbcf0a74a5f46cc99be9ae5e8c145ce,True,True,True,False,False,False
seq_lora,task002_quoref_answer_generation,task002-9343055394e94a51b6592f50720bbdc6,False,False,False,False,False,False
seq_lora,task002_quoref_answer_generation,task002-d032708ce147462795dd080117c4062f,False,False,False,False,False,False
seq_lora,task002_quoref_answer_generation,task002-079ef18a476c4b61a8f2717061e6e2cd,True,True,True,False,False,False
seq_lora,task002_quoref_answer_generation,task002-4715b05732f34a078a2d8e324c090dbb,False,False,False,False,False,False
seq_lora,task002_quoref_answer_generation,task002-4ba5373cda1145d2b0fe17bb0f60fa05,True,True,True,False,False,False
seq_lora,task002_quoref_answer_generation,task002-cc72ef7db5844bb5b05b9376ec4724ee,True,True,True,False,False,False
seq_lora,task002_quoref_answer_generation,task002-f44faacdeee44c148ace71a7ef050e37,False,False,False,False,False,False
seq_lora,task002_quoref_answer_generation,task002-d18a5941f4ce48eabb6e4d8f2826501f,False,False,False,False,False,False
seq_lora,task002_quoref_answer_generation,task002-2355bb54ad1541898a7a4883d6eb7798,True,True,True,False,False,False
seq_lora,task002_quoref_answer_generation,task002-a8ce340528074a9e8cb4a6f3f3cb455e,True,True,True,False,False,False
seq_lora,task002_quoref_answer_generation,task002-288a24e371e04fc9a5eac5718c21e60c,True,True,True,False,False,False
seq_lora,task002_quoref_answer_generation,task002-2829730a44e24e498cb94ff56c96dd45,True,True,True,False,False,False
seq_lora,task002_quoref_answer_generation,task002-b49db8ba266d4fcd9bc2ebb886954110,False,False,False,False,False,False
seq_lora,task002_quoref_answer_generation,task002-fe10d7c697704d2486699f529ec6ed3a,True,True,True,False,False,False
seq_lora,task002_quoref_answer_generation,task002-ebe2c83cbb20468c88fefddf466ef956,False,False,False,False,False,False
seq_lora,task002_quoref_answer_generation,task002-b70c290f38584c3f882788c29cb31f32,False,False,False,False,False,False
seq_lora,task002_quoref_answer_generation,task002-c608bace092e4a12b36878d6174d72b7,True,True,False,False,False,False
seq_lora,task002_quoref_answer_generation,task002-90eeef020d3247739869eb4cb7625019,False,False,False,False,False,False
seq_lora,task002_quoref_answer_generation,task002-a8a83158daf94957b828ec4220e7ba0d,True,True,True,False,False,False
seq_lora,task002_quoref_answer_generation,task002-8784a4a02ceb49e7ab2eee3f9041d646,True,True,False,False,False,False
seq_lora,task002_quoref_answer_generation,task002-567adbbd358f4490b98b2f73787cc10f,False,False,False,False,False,False
seq_lora,task002_quoref_answer_generation,task002-551e35fb4137431a9a8181aefde07b06,False,False,False,False,False,False
seq_lora,task002_quoref_answer_generation,task002-bc0c1ff777c949d6bc8673c4e817dfe2,False,False,False,False,False,False
seq_lora,task002_quoref_answer_generation,task002-bb332e062e2a485198a6c50616a0e82a,True,True,True,False,False,False
seq_lora,task002_quoref_answer_generation,task002-2b67444f08ac4d3bbc5ee97e773cd45a,False,False,True,False,False,False
seq_lora,task002_quoref_answer_generation,task002-c5d2a01862824b32ab4164204ec67feb,False,False,False,False,False,False
seq_lora,task002_quoref_answer_generation,task002-7d5e10220a0e43dd8f9096c6b251fc2d,False,False,False,False,False,False
seq_lora,task002_quoref_answer_generation,task002-82fd9f2a27a24e9588aff9d9e5ca41d8,True,True,True,False,False,False
seq_lora,task002_quoref_answer_generation,task002-9f411240c7ac40cc8c20dea48bb10c53,True,True,True,False,False,False
seq_lora,task002_quoref_answer_generation,task002-f788bf1c08c64e0cb0b5d2ae2cb71f52,True,True,True,False,False,False
seq_lora,task002_quoref_answer_generation,task002-d128ffc1d731433387ea5b0d3889a299,True,True,True,False,False,False
seq_lora,task002_quoref_answer_generation,task002-d33b284c95e242ccb04e1b963889bc25,False,True,False,True,False,False
seq_lora,task002_quoref_answer_generation,task002-a498f0b69774424c9214c73a2e82bb09,True,True,True,False,False,False
seq_lora,task002_quoref_answer_generation,task002-f0fe95ad786742098468608c7e6002b5,False,True,True,True,False,True
seq_lora,task002_quoref_answer_generation,task002-e5d1e19fbdae45af88063518568957b8,False,False,False,False,False,False
seq_lora,task002_quoref_answer_generation,task002-c9a383e3ad7d4bdbaa794ff53b1e6f7a,False,False,False,False,False,False
seq_lora,task002_quoref_answer_generation,task002-d81acf607c1049e0b3f4fc3222b746c5,False,False,False,False,False,False
seq_lora,task002_quoref_answer_generation,task002-5dde0d172f7242fb9dafec3b480d6d09,True,True,True,False,False,False
seq_lora,task002_quoref_answer_generation,task002-10307b6924a441acaa9adfaa7d98c98b,True,True,True,False,False,False
seq_lora,task002_quoref_answer_generation,task002-700167e5d55941d3bfd31820ba8fdbce,True,True,True,False,False,False
seq_lora,task002_quoref_answer_generation,task002-2d78d28870b3423b81bac84f28246716,False,True,True,True,False,True
seq_lora,task002_quoref_answer_generation,task002-b63cf05362b248a28c040e1639fc6433,False,False,False,False,False,False
seq_lora,task002_quoref_answer_generation,task002-9269f591bdc24c13b8cf990316cde161,True,True,True,False,False,False
seq_lora,task002_quoref_answer_generation,task002-e6b0c7a664ed44d48e45b29843f69a76,True,True,True,False,False,False
seq_lora,task002_quoref_answer_generation,task002-416ec4182bb04527aeede2812bd71359,True,True,True,False,False,False
seq_lora,task002_quoref_answer_generation,task002-1fc6f565f7cf40cc956d547151a67dd2,False,False,False,False,False,False
seq_lora,task002_quoref_answer_generation,task002-dc5faf09b3d94e0db92551a34dc0810f,False,False,False,False,False,False
seq_lora,task002_quoref_answer_generation,task002-e8cc45888af74e49817c400956c20d07,True,True,False,False,False,False
seq_lora,task002_quoref_answer_generation,task002-aea5007e859646c5b48f37d8e8e38e0c,False,True,True,True,False,True
seq_lora,task002_quoref_answer_generation,task002-41e7565dd4ef49949f29818ba8ac6131,True,True,True,False,False,False
seq_lora,task002_quoref_answer_generation,task002-32672b87c6cd4241bcf96ff019b34f6d,False,True,True,True,False,True
seq_lora,task002_quoref_answer_generation,task002-d3a2e9d499e84488855a082619108b9a,False,True,True,True,False,True
seq_lora,task002_quoref_answer_generation,task002-1faeed6e99704f648f76fd53230264e0,False,False,False,False,False,False
seq_lora,task002_quoref_answer_generation,task002-16dd8a873cb145f6a2ad1c1a6167edf1,True,False,True,False,True,False
seq_lora,task002_quoref_answer_generation,task002-5984b5dd4132461da14cc7aa2ea91c2a,True,True,True,False,False,False
seq_lora,task002_quoref_answer_generation,task002-3a54e965edff4833ad4ef833c4fa5729,False,False,False,False,False,False
seq_lora,task002_quoref_answer_generation,task002-a2ebacc82e5d4392aba66f7976d7a752,False,True,True,True,False,True
seq_lora,task002_quoref_answer_generation,task002-b1020ca05e1249709b87cf6fa672dd44,False,False,False,False,False,False
seq_lora,task002_quoref_answer_generation,task002-d275544174294f9ab2338bfa99fecd6d,False,False,False,False,False,False
seq_lora,task002_quoref_answer_generation,task002-7a25dbffb59c4c999578736dd38aa76b,True,True,True,False,False,False
seq_lora,task002_quoref_answer_generation,task002-5caea659520c4e6e9aa540e9780974ee,False,False,False,False,False,False
seq_lora,task002_quoref_answer_generation,task002-4fe61a938cb94213822057d258574cc4,False,False,False,False,False,False
seq_lora,task002_quoref_answer_generation,task002-33bbec2cadc4486ea3c3eaf91ab71277,False,False,False,False,False,False
seq_lora,task002_quoref_answer_generation,task002-820191405dba4177a050d672452b8d76,True,True,True,False,False,False
seq_lora,task002_quoref_answer_generation,task002-f4b03a78c32f4dd2a8955f02f1372525,False,False,False,False,False,False
seq_lora,task002_quoref_answer_generation,task002-0a23de577c1941ea832bf0d68bd5f236,False,True,False,True,False,False
seq_lora,task002_quoref_answer_generation,task002-a15bd7a51a5b472e847a1b6561ca7912,False,False,False,False,False,False
seq_lora,task002_quoref_answer_generation,task002-cd35c9802e4e44c6a8fd6288edcc9f5f,False,True,True,True,False,True
seq_lora,task002_quoref_answer_generation,task002-0b66bc55e8674df09e32abd97f46ab02,False,False,False,False,False,False
seq_lora,task002_quoref_answer_generation,task002-c8c5e2bb7fc74d99b65c65320d4ffc16,False,True,True,True,False,True
seq_lora,task002_quoref_answer_generation,task002-741cade39f7e4ecba44af9337b3f52a5,True,True,True,False,False,False
seq_lora,task002_quoref_answer_generation,task002-dc45be19527348a4a71b44f4cf143677,True,True,True,False,False,False
seq_lora,task002_quoref_answer_generation,task002-938e695bdbdd456c8599da29dd5587a8,False,False,False,False,False,False
seq_lora,task002_quoref_answer_generation,task002-15b69306072c41758f129446b25bbf81,False,False,False,False,False,False
seq_lora,task002_quoref_answer_generation,task002-4f1f52011e0e43e19f90ba697dd1eef1,True,True,True,False,False,False
seq_lora,task002_quoref_answer_generation,task002-74767ff7725f4b3db92590fcab3a19b1,True,True,True,False,False,False
seq_lora,task002_quoref_answer_generation,task002-153dd4a7879f4285bbc4a52d1c39af73,True,True,True,False,False,False
seq_lora,task002_quoref_answer_generation,task002-99aeaf2bd43146268c27b3a7ad4320ba,False,False,False,False,False,False
seq_lora,task002_quoref_answer_generation,task002-27d6dfad30064564b48cd55780d44968,False,False,False,False,False,False
seq_lora,task002_quoref_answer_generation,task002-12c2f8c354ec4a068ffc17e616baded3,True,True,True,False,False,False
seq_lora,task002_quoref_answer_generation,task002-65ca41618d8b44d393ba9390d1ebbb6c,False,True,False,True,False,False
seq_lora,task002_quoref_answer_generation,task002-f32c59d0972a4fe6b5207ec9fbb030f7,False,True,False,True,False,False
seq_lora,task002_quoref_answer_generation,task002-383f47706220441f931388fbc687b8dd,True,True,True,False,False,False
seq_lora,task002_quoref_answer_generation,task002-2fd884a221ff45938ae50d54191694cc,True,True,True,False,False,False
seq_lora,task002_quoref_answer_generation,task002-29bc73d2585349128c24b8045b179c7f,True,True,True,False,False,False
seq_lora,task002_quoref_answer_generation,task002-2469879c9b604b5e970796f2a87b6e8e,True,True,True,False,False,False
seq_lora,task002_quoref_answer_generation,task002-cea6b3a5659e47fb98e3e7ac2348894a,False,False,False,False,False,False
seq_lora,task002_quoref_answer_generation,task002-ddb0c5b98dfb4898b417d98892c5b2c3,False,False,False,False,False,False
seq_lora,task002_quoref_answer_generation,task002-fe6910e7aca444aab5b499d5a8e313bf,True,True,True,False,False,False
seq_lora,task002_quoref_answer_generation,task002-149fe374004b43f88a2209ae9330b19b,False,False,False,False,False,False
seq_lora,task002_quoref_answer_generation,task002-86f11db02a614a3e92f3d46f1b2c19aa,False,False,False,False,False,False
seq_lora,task002_quoref_answer_generation,task002-3ffd6271441147bb9f78545fb9b8f37b,True,True,True,False,False,False
seq_lora,task002_quoref_answer_generation,task002-4f1dd27c09994c6fa52c2973a4329e24,False,False,False,False,False,False
seq_lora,task002_quoref_answer_generation,task002-d914a61ac3d243519cec8cb266735c2a,False,True,False,True,False,False
seq_lora,task002_quoref_answer_generation,task002-1796bbf7e30d4cdd83026f50b55d06a2,True,True,True,False,False,False
seq_lora,task002_quoref_answer_generation,task002-a60ea6f89f4e4c7f9822734966efdb34,False,False,False,False,False,False
seq_lora,task002_quoref_answer_generation,task002-21206b8f28234f029338d39d464fa648,True,True,True,False,False,False
seq_lora,task002_quoref_answer_generation,task002-3f65f47b298649099b5da5b7c25239f2,True,True,True,False,False,False
seq_lora,task002_quoref_answer_generation,task002-42459eaecfd54af0a7a4c7446a675f08,False,True,True,True,False,True
seq_lora,task002_quoref_answer_generation,task002-3e43641fe67a4e6f8fd2b54da688bfd2,False,False,False,False,False,False
seq_lora,task002_quoref_answer_generation,task002-52913ab3868a4a26810c9efdd86ae591,True,True,True,False,False,False
seq_lora,task002_quoref_answer_generation,task002-be6efcc46741494eb8212d55e739b31b,True,True,True,False,False,False
seq_lora,task002_quoref_answer_generation,task002-93dc91150bcc45e7adc7559ae9817f75,False,True,False,True,False,False
seq_lora,task002_quoref_answer_generation,task002-1f1215163a5d4aec996cd0b1f8e01271,False,False,False,False,False,False
seq_lora,task002_quoref_answer_generation,task002-3ed726bd008b4f9aabf383c311d34c21,True,True,True,False,False,False
seq_lora,task002_quoref_answer_generation,task002-265e7b1f2bc84d1a96881cd7c05cf6ec,False,False,False,False,False,False
seq_lora,task002_quoref_answer_generation,task002-45c9ea9ffdd64a6f8009c3e3c970730a,False,False,False,False,False,False
seq_lora,task002_quoref_answer_generation,task002-f9a9088c87c34aeb8bad24a49138b602,True,True,True,False,False,False
seq_lora,task002_quoref_answer_generation,task002-6ae412b9e8d44a9bb9ab9b2e204c22a0,True,True,True,False,False,False
seq_lora,task002_quoref_answer_generation,task002-8283e7c623ee410f819898ed5c34cd3f,False,False,False,False,False,False
seq_lora,task002_quoref_answer_generation,task002-493413880e90448a815504c25cf47f50,True,True,True,False,False,False
seq_lora,task002_quoref_answer_generation,task002-325a7ad6f34d4e5f80cf0f6fceb83f7d,True,False,True,False,True,False
seq_lora,task002_quoref_answer_generation,task002-3e34148a24884574a7c665b00e10a1c8,False,False,True,False,False,False
seq_lora,task002_quoref_answer_generation,task002-bfe11cd423444ff9b8758cb2cb0b998a,True,True,True,False,False,False
seq_lora,task002_quoref_answer_generation,task002-0f066377624648f89da4130fe743e6a6,True,True,True,False,False,False
seq_lora,task002_quoref_answer_generation,task002-befaad7678524b21af9ec9f7ae4771f2,False,False,False,False,False,False
seq_lora,task002_quoref_answer_generation,task002-733ec58a32264304891eb36e3738d155,True,True,False,False,False,False
seq_lora,task002_quoref_answer_generation,task002-19c30e26be1e429fac3c617f95fd8274,True,True,True,False,False,False
seq_lora,task002_quoref_answer_generation,task002-ade87163cf704679afcb023782becb44,True,True,True,False,False,False
seq_lora,task002_quoref_answer_generation,task002-fa390d458bcc4f208e97f64d098920be,False,False,False,False,False,False
seq_lora,task002_quoref_answer_generation,task002-a2da82c723a7470d80f847831770865b,True,False,False,False,True,False
seq_lora,task002_quoref_answer_generation,task002-6ab6e07453cd458d8980231bc219e8ac,True,True,True,False,False,False
seq_lora,task002_quoref_answer_generation,task002-15ea04bb35704e9bb75a682625d04f9f,False,False,False,False,False,False
seq_lora,task002_quoref_answer_generation,task002-f4fcb4a113a94845b0b48819348701e1,True,True,True,False,False,False
seq_lora,task002_quoref_answer_generation,task002-de5941de9f924a2d8392b00507198d0e,False,False,False,False,False,False
seq_lora,task002_quoref_answer_generation,task002-f064447c1aeb4510a952a432140013ce,False,True,True,True,False,True
seq_lora,task002_quoref_answer_generation,task002-229c32bac4a64206876aba35efce7235,True,True,True,False,False,False
seq_lora,task002_quoref_answer_generation,task002-f51a06be885f4e4ebb306b309f60f3cb,False,False,False,False,False,False
seq_lora,task002_quoref_answer_generation,task002-d9022a28551e45df9fcdd829e1b9fdfd,False,False,False,False,False,False
seq_lora,task002_quoref_answer_generation,task002-4445cbd436a24abd9a52786341e916b1,True,True,True,False,False,False
seq_lora,task002_quoref_answer_generation,task002-4ea925139b6742ceb4ed044518fb870d,True,True,True,False,False,False
seq_lora,task002_quoref_answer_generation,task002-15795e28fc7e4956ba16bdecdd9ea2bd,True,True,True,False,False,False
seq_lora,task002_quoref_answer_generation,task002-21535759cfcd4a5d8aa201de5b03b542,False,False,False,False,False,False
seq_lora,task002_quoref_answer_generation,task002-fb616ee9cd244876b18657b71c702d6c,False,True,False,True,False,False
seq_lora,task002_quoref_answer_generation,task002-9f6333b6493843a7878671ee5c897c84,True,False,False,False,True,False
seq_lora,task002_quoref_answer_generation,task002-b93e7bd5b7d84f9c82b2e84345783322,False,True,False,True,False,False
seq_lora,task002_quoref_answer_generation,task002-5dc26a5c72084e2f99aa711c604d3671,False,False,False,False,False,False
seq_lora,task002_quoref_answer_generation,task002-188a47d5fab74f2e847bdee8d03c764e,False,True,True,True,False,True
seq_lora,task002_quoref_answer_generation,task002-fa6831e8e04e44f2ae2ca2b4606de8ef,False,False,False,False,False,False
seq_lora,task002_quoref_answer_generation,task002-a7ff3bd963524aa08f252432b0f6d729,False,True,False,True,False,False
seq_lora,task002_quoref_answer_generation,task002-54fd4f1381c349a2aaa60a6d6630c6c4,True,True,True,False,False,False
seq_lora,task002_quoref_answer_generation,task002-f3c53e3932344d339556463a765099af,True,True,True,False,False,False
seq_lora,task002_quoref_answer_generation,task002-7e421e3419664a5881486c79308c9789,True,True,True,False,False,False
seq_lora,task002_quoref_answer_generation,task002-c2b0a27c916d4dcfb65e89cbff6848f5,True,True,True,False,False,False
seq_lora,task002_quoref_answer_generation,task002-7966bfdd1d0742f981ccd27d47969ff0,False,True,True,True,False,True
seq_lora,task002_quoref_answer_generation,task002-6840ea0d19204118a40296cf6d25f27a,True,True,True,False,False,False
seq_lora,task002_quoref_answer_generation,task002-459bb4d9d9f84eb4925e83a785376d79,False,False,False,False,False,False
seq_lora,task002_quoref_answer_generation,task002-c1869d681c72406595c56e6b3725e980,True,True,True,False,False,False
seq_lora,task002_quoref_answer_generation,task002-3e27aa4f9d7142089e6e449337cfeb9d,False,False,False,False,False,False
seq_lora,task002_quoref_answer_generation,task002-a701ab93da054ff5a40f6ba5e0f6fbda,True,True,True,False,False,False
seq_lora,task002_quoref_answer_generation,task002-efd638d05d0b43fd972cbfa8bed7c1c2,False,False,False,False,False,False
seq_lora,task002_quoref_answer_generation,task002-a316229414944a579b78f35a79415c84,False,True,False,True,False,False
seq_lora,task002_quoref_answer_generation,task002-c78a230a37694621a1eb665d6b7be4ce,True,True,True,False,False,False
seq_lora,task002_quoref_answer_generation,task002-7956f19e4ade47fbbea2a2db8bd9d572,False,False,False,False,False,False
seq_lora,task002_quoref_answer_generation,task002-63aa0e8f98174885b4962969d3f26b96,False,False,False,False,False,False
seq_lora,task1510_evalution_relation_extraction,task1510-5f9d683cda37406b8581222d07f79df2,False,True,True,True,False,True
seq_lora,task1510_evalution_relation_extraction,task1510-e24fdd1db8b5448ea9962c82e7908345,False,True,True,True,False,True
seq_lora,task1510_evalution_relation_extraction,task1510-08e0112eb6b14048aa4997404d79cbfb,False,True,False,True,False,False
seq_lora,task1510_evalution_relation_extraction,task1510-67a8aa1643c5426d85e0717abf916431,False,True,True,True,False,True
seq_lora,task1510_evalution_relation_extraction,task1510-f75b297eead74db39127c02363f15d85,False,True,True,True,False,True
seq_lora,task1510_evalution_relation_extraction,task1510-69979a226f274e269c68ebf75d5a0573,False,True,False,True,False,False
seq_lora,task1510_evalution_relation_extraction,task1510-ea44d9db56554b78adac63a23fceb28b,False,True,True,True,False,True
seq_lora,task1510_evalution_relation_extraction,task1510-3103efec4a0d4e6d946885b4301e4c34,False,True,False,True,False,False
seq_lora,task1510_evalution_relation_extraction,task1510-238169216fb54f5b86e5ee32e1333e13,False,True,False,True,False,False
seq_lora,task1510_evalution_relation_extraction,task1510-77a4edc93ebd4e6e8f8ab79c80cf8832,False,True,False,True,False,False
seq_lora,task1510_evalution_relation_extraction,task1510-e91d61476d0a4a949f63469d5b37bc96,False,True,True,True,False,True
seq_lora,task1510_evalution_relation_extraction,task1510-405428d6d7a44c9b87a6365c8c93925a,False,True,True,True,False,True
seq_lora,task1510_evalution_relation_extraction,task1510-4a5ee9102d3c41328934710e7f4d06c4,False,True,True,True,False,True
seq_lora,task1510_evalution_relation_extraction,task1510-2a4c8f03e22b49378a9f35f286ef04e6,False,True,True,True,False,True
seq_lora,task1510_evalution_relation_extraction,task1510-41f83bd9eecd488587a4fa205b616228,False,True,True,True,False,True
seq_lora,task1510_evalution_relation_extraction,task1510-fedbe60d60864005aec981573f9bada7,False,True,True,True,False,True
seq_lora,task1510_evalution_relation_extraction,task1510-2782cb1fadc64bca82e848fb052072de,False,True,True,True,False,True
seq_lora,task1510_evalution_relation_extraction,task1510-3e990519e8a44bab952b6a7668c6b796,False,True,False,True,False,False
seq_lora,task1510_evalution_relation_extraction,task1510-528fac3e01ac40b1b77adfba29f2af65,False,True,False,True,False,False
seq_lora,task1510_evalution_relation_extraction,task1510-7bd6c4d5b7d24d7091af3841418afcea,False,True,True,True,False,True
seq_lora,task1510_evalution_relation_extraction,task1510-1f7478fd3f4b41d8aa842e567967a1d4,False,True,True,True,False,True
seq_lora,task1510_evalution_relation_extraction,task1510-b8a9a7e7b9f04b269c2f9579bd12f3f6,False,True,True,True,False,True
seq_lora,task1510_evalution_relation_extraction,task1510-444772a8bae54b9f8cb121da360e1a9b,False,True,True,True,False,True
seq_lora,task1510_evalution_relation_extraction,task1510-b69b805cd11e41659219cce633ec259b,False,True,False,True,False,False
seq_lora,task1510_evalution_relation_extraction,task1510-355b2b1747554de3b54362e64db787c1,False,True,True,True,False,True
seq_lora,task1510_evalution_relation_extraction,task1510-3f242e64501d4004b9cc37e50e0a20af,False,True,False,True,False,False
seq_lora,task1510_evalution_relation_extraction,task1510-a41897eb29e24833a6f0d620c252df50,False,False,False,False,False,False
seq_lora,task1510_evalution_relation_extraction,task1510-431e839707a34d41ae630023903814a0,False,True,False,True,False,False
seq_lora,task1510_evalution_relation_extraction,task1510-c1fe7731ae5e45a3804393779d54fde3,False,True,False,True,False,False
seq_lora,task1510_evalution_relation_extraction,task1510-9351c7654895444d8aa2c3873b2d4914,False,True,False,True,False,False
seq_lora,task1510_evalution_relation_extraction,task1510-c83faa0eefa84afe85144a02915ba191,False,True,True,True,False,True
seq_lora,task1510_evalution_relation_extraction,task1510-cdf410ad513d4ff78d0317e87a3e92b0,False,True,True,True,False,True
seq_lora,task1510_evalution_relation_extraction,task1510-376551cf14184b859cdc4f77d27c9f9a,False,True,True,True,False,True
seq_lora,task1510_evalution_relation_extraction,task1510-cdc1e2b31da1491eaf5d229261455591,False,True,False,True,False,False
seq_lora,task1510_evalution_relation_extraction,task1510-96c167f164dd47f6b87ab542b4eccb6a,False,True,False,True,False,False
seq_lora,task1510_evalution_relation_extraction,task1510-808cd7e7e6c6460ebdd664596870f241,False,True,False,True,False,False
seq_lora,task1510_evalution_relation_extraction,task1510-3c51637443964cbc89d487623af88e05,False,True,True,True,False,True
seq_lora,task1510_evalution_relation_extraction,task1510-d6c1e96aefc842338bda44c74d8fb2fd,False,True,True,True,False,True
seq_lora,task1510_evalution_relation_extraction,task1510-6c944f8636b144a0aff37e7a8a09caa7,False,True,True,True,False,True
seq_lora,task1510_evalution_relation_extraction,task1510-813606934fb04fa7a9e9beafe088b2cf,False,True,True,True,False,True
seq_lora,task1510_evalution_relation_extraction,task1510-82c4c41ec4124c7ba7d824caa8ea675b,False,True,True,True,False,True
seq_lora,task1510_evalution_relation_extraction,task1510-9d151afb01cc4cc1bb8014d759424c01,False,True,False,True,False,False
seq_lora,task1510_evalution_relation_extraction,task1510-feebe86397094cf995e27de5a38c6a1d,False,True,False,True,False,False
seq_lora,task1510_evalution_relation_extraction,task1510-582b5b1ba44f4ceba23d6575087baaab,False,True,False,True,False,False
seq_lora,task1510_evalution_relation_extraction,task1510-2de39884ffbf4cba86af228d596c74d2,False,True,True,True,False,True
seq_lora,task1510_evalution_relation_extraction,task1510-7a55f21c64454addbf032d3e356150da,False,True,True,True,False,True
seq_lora,task1510_evalution_relation_extraction,task1510-cddc87e5e5c54ec2b8fdcbc776ce0e2f,False,True,True,True,False,True
seq_lora,task1510_evalution_relation_extraction,task1510-696be0b2f3c148c79d15bb10a73fe5bb,False,True,False,True,False,False
seq_lora,task1510_evalution_relation_extraction,task1510-533d0103a7f347bebe02381d2b3bd2d6,False,False,False,False,False,False
seq_lora,task1510_evalution_relation_extraction,task1510-05258ae65b1d408f8480f9ababdb85c4,False,True,True,True,False,True
seq_lora,task1510_evalution_relation_extraction,task1510-9ad5ce101ebb47cda04c0899e7ec5d9e,False,True,False,True,False,False
seq_lora,task1510_evalution_relation_extraction,task1510-00ef1f3c43bb43fa9d7a365994f94346,False,True,False,True,False,False
seq_lora,task1510_evalution_relation_extraction,task1510-c01962437317405ebd2605c4ce0c26b2,False,True,True,True,False,True
seq_lora,task1510_evalution_relation_extraction,task1510-c49b32ffb9634b4abf68f3f3602b319f,False,True,True,True,False,True
seq_lora,task1510_evalution_relation_extraction,task1510-5d5f2a1285794e3fb2edd3f8e7b1d818,False,True,True,True,False,True
seq_lora,task1510_evalution_relation_extraction,task1510-4589a128b5f14c47bd791c77dda7118a,False,True,True,True,False,True
seq_lora,task1510_evalution_relation_extraction,task1510-48f2e39434ed4fc2bbc499c4da48668d,False,True,True,True,False,True
seq_lora,task1510_evalution_relation_extraction,task1510-79284933c96b4adc87fd180bb945f0e4,False,True,True,True,False,True
seq_lora,task1510_evalution_relation_extraction,task1510-9c1c58a762bb4ab49e93cdf0ff4846a8,False,True,True,True,False,True
seq_lora,task1510_evalution_relation_extraction,task1510-fc903c0fe24b4a50b50aaa8dd9a3d110,False,True,True,True,False,True
seq_lora,task1510_evalution_relation_extraction,task1510-cc34977689a04c89befbcbe74387550e,False,True,False,True,False,False
seq_lora,task1510_evalution_relation_extraction,task1510-fa3acf895c024f38982f40f192d6044d,False,True,True,True,False,True
seq_lora,task1510_evalution_relation_extraction,task1510-e08b42c924f34154aeb7fcf82156681c,False,True,True,True,False,True
seq_lora,task1510_evalution_relation_extraction,task1510-0929b7f6eaae49c2a39d903d95d354e4,False,True,False,True,False,False
seq_lora,task1510_evalution_relation_extraction,task1510-9e6d282099b64162a5b3e264f2702922,False,False,False,False,False,False
seq_lora,task1510_evalution_relation_extraction,task1510-f7cd61257de049328383f68f7b9fdaee,False,True,True,True,False,True
seq_lora,task1510_evalution_relation_extraction,task1510-45ea6e9241ce405688920e75189c7c52,False,True,True,True,False,True
seq_lora,task1510_evalution_relation_extraction,task1510-29253ee30948406e81f01c2c2148cfb0,False,True,False,True,False,False
seq_lora,task1510_evalution_relation_extraction,task1510-bf2cf9b53e6c4a39a5606a803eef6a1a,False,True,True,True,False,True
seq_lora,task1510_evalution_relation_extraction,task1510-d888fcd286604cb289168e97e4ff0e66,False,False,False,False,False,False
seq_lora,task1510_evalution_relation_extraction,task1510-384999054b484b29a0f426b51e7f636c,False,True,True,True,False,True
seq_lora,task1510_evalution_relation_extraction,task1510-288e0c8e41144c78865e59b57e9684a0,False,True,False,True,False,False
seq_lora,task1510_evalution_relation_extraction,task1510-0e3d3aac93e64a2eb08d19f84486fcce,False,True,True,True,False,True
seq_lora,task1510_evalution_relation_extraction,task1510-d026cd6e9b2c4506b373045bd8636f18,False,True,True,True,False,True
seq_lora,task1510_evalution_relation_extraction,task1510-c30e0edcd19a484bb63aac172e20f112,False,True,True,True,False,True
seq_lora,task1510_evalution_relation_extraction,task1510-8c2356685c8c413f8818238c924ab620,False,True,False,True,False,False
seq_lora,task1510_evalution_relation_extraction,task1510-9403afb3411841a38ca5f2d622613432,False,True,False,True,False,False
seq_lora,task1510_evalution_relation_extraction,task1510-3a9e90ed9f594415b0dfd9f5dfaec6d0,False,True,True,True,False,True
seq_lora,task1510_evalution_relation_extraction,task1510-9cb14ea0a9b94b6eb1307d8947e9ab36,False,True,True,True,False,True
seq_lora,task1510_evalution_relation_extraction,task1510-959031d13cb24589bca6d414bf9c8579,False,True,True,True,False,True
seq_lora,task1510_evalution_relation_extraction,task1510-01e7c347c64542f7a105c8a12cd8cf46,False,True,True,True,False,True
seq_lora,task1510_evalution_relation_extraction,task1510-f8c608797a7c45bb8b6c1b4bb3f854ff,False,True,False,True,False,False
seq_lora,task1510_evalution_relation_extraction,task1510-d71a6ae2290f4a74a18079df0a3fae97,False,True,False,True,False,False
seq_lora,task1510_evalution_relation_extraction,task1510-a10c561f997946718ba13aa0e80ee67a,False,True,True,True,False,True
seq_lora,task1510_evalution_relation_extraction,task1510-5ab4ef8dcce64e878bed18645ca20182,False,True,True,True,False,True
seq_lora,task1510_evalution_relation_extraction,task1510-66a6e9370f02495c93f2b48e9cadf58f,False,True,True,True,False,True
seq_lora,task1510_evalution_relation_extraction,task1510-54d7476281d54ec892e26dff1df2a163,False,True,True,True,False,True
seq_lora,task1510_evalution_relation_extraction,task1510-cf326ac56eee4c3a8625adf3b260dea6,False,True,True,True,False,True
seq_lora,task1510_evalution_relation_extraction,task1510-fa03bbdd54f145e38df533aa648c117d,False,True,True,True,False,True
seq_lora,task1510_evalution_relation_extraction,task1510-de27e7a0cd714f50b268b58321253eb3,False,True,True,True,False,True
seq_lora,task1510_evalution_relation_extraction,task1510-b9fc46625f73415ba992ccb8820a2fa4,False,True,True,True,False,True
seq_lora,task1510_evalution_relation_extraction,task1510-40941d15f2e84bd399b897cba8a8eb31,False,True,False,True,False,False
seq_lora,task1510_evalution_relation_extraction,task1510-7ddc368c36a94eb79a8d935184d4ed22,False,True,True,True,False,True
seq_lora,task1510_evalution_relation_extraction,task1510-95444f0ae12440abadb53db3b5cf2e05,False,True,True,True,False,True
seq_lora,task1510_evalution_relation_extraction,task1510-03e0254c6c3147a39077b00e0f449a9e,False,True,True,True,False,True
seq_lora,task1510_evalution_relation_extraction,task1510-9a0b75e34b0748dda5f4e5c8839d2665,False,True,True,True,False,True
seq_lora,task1510_evalution_relation_extraction,task1510-256a35492e7a4b7c8a536ca6f5e04902,False,True,False,True,False,False
seq_lora,task1510_evalution_relation_extraction,task1510-1577726f4ab1423c9e5749bd0cef2523,False,True,True,True,False,True
seq_lora,task1510_evalution_relation_extraction,task1510-a2fe74b3138f47f0ac335fd4628b5efc,False,True,True,True,False,True
seq_lora,task1510_evalution_relation_extraction,task1510-fef539fb0b694ec5be678c370093c588,False,True,True,True,False,True
seq_lora,task1510_evalution_relation_extraction,task1510-ec6764ab40d24ca69c21d836064c6481,False,True,True,True,False,True
seq_lora,task1510_evalution_relation_extraction,task1510-aedb785fbceb4cf9bd22b31d44dc566d,False,True,True,True,False,True
seq_lora,task1510_evalution_relation_extraction,task1510-06428f58cf1d4d489e8b4e3720c72f8d,False,True,True,True,False,True
seq_lora,task1510_evalution_relation_extraction,task1510-0cc5e12cff4f47bd9449b5946386bcc9,False,True,True,True,False,True
seq_lora,task1510_evalution_relation_extraction,task1510-1f9a3dee69b642498acae58fa7680fe9,False,True,True,True,False,True
seq_lora,task1510_evalution_relation_extraction,task1510-5299e1c9d3554fcba3e41fad480f63d4,False,True,False,True,False,False
seq_lora,task1510_evalution_relation_extraction,task1510-c2160d23a9474ce1b0b0ca147d976f5c,False,True,True,True,False,True
seq_lora,task1510_evalution_relation_extraction,task1510-81876f5626f543eca8731b6fad216c9d,False,True,True,True,False,True
seq_lora,task1510_evalution_relation_extraction,task1510-db6f28808fd84118a0525ebc9f39a964,False,True,False,True,False,False
seq_lora,task1510_evalution_relation_extraction,task1510-13199755437a4c0b984a780eca92604f,False,True,True,True,False,True
seq_lora,task1510_evalution_relation_extraction,task1510-75f367c3695a4457bb063afa8eee2ee2,False,True,True,True,False,True
seq_lora,task1510_evalution_relation_extraction,task1510-415a4f87c08b444d91d99649dc13c750,False,True,True,True,False,True
seq_lora,task1510_evalution_relation_extraction,task1510-484bbc48df2748f0abae62e1a063a1c6,False,True,True,True,False,True
seq_lora,task1510_evalution_relation_extraction,task1510-24c4c5f5117d49dda65fbc918552c1b4,False,True,True,True,False,True
seq_lora,task1510_evalution_relation_extraction,task1510-911907ef26334fc98debc1d776d2d930,False,True,True,True,False,True
seq_lora,task1510_evalution_relation_extraction,task1510-508f595dbd234e7bba1c1f8d5de13229,False,True,False,True,False,False
seq_lora,task1510_evalution_relation_extraction,task1510-638a8be4e3c147e18f55d006c9ed1f1a,False,False,False,False,False,False
seq_lora,task1510_evalution_relation_extraction,task1510-6284b3c49b8b465abef4a8da7563f33a,False,True,True,True,False,True
seq_lora,task1510_evalution_relation_extraction,task1510-d1189a1bc07548309f3a7978cac838fe,False,True,True,True,False,True
seq_lora,task1510_evalution_relation_extraction,task1510-165a62f508ab446099393eeebe363b78,False,True,True,True,False,True
seq_lora,task1510_evalution_relation_extraction,task1510-3713683c9ff54c659514f92760ffd4d2,False,True,False,True,False,False
seq_lora,task1510_evalution_relation_extraction,task1510-670ec7a1afca40cd842ccf4e2aca7eba,False,True,True,True,False,True
seq_lora,task1510_evalution_relation_extraction,task1510-418404171b674485be9a0162763714be,False,True,True,True,False,True
seq_lora,task1510_evalution_relation_extraction,task1510-c94b3a34b0214cafa03a2513bf0024c1,False,True,False,True,False,False
seq_lora,task1510_evalution_relation_extraction,task1510-610d31ce677f447294f2088e2a7d510f,False,True,False,True,False,False
seq_lora,task1510_evalution_relation_extraction,task1510-83874ac86f9d4a789aa1b419f279c6cc,False,True,False,True,False,False
seq_lora,task1510_evalution_relation_extraction,task1510-92f5a64e221a46d6b02bdb9a6c0204a1,False,True,False,True,False,False
seq_lora,task1510_evalution_relation_extraction,task1510-fbe6f17db0cb410fa884213a9b74f9ed,False,True,False,True,False,False
seq_lora,task1510_evalution_relation_extraction,task1510-b1b8876193f441c8beaddd0e82a22fe9,False,True,True,True,False,True
seq_lora,task1510_evalution_relation_extraction,task1510-4c09f978bc254570a84d762c40eb05f6,False,True,True,True,False,True
seq_lora,task1510_evalution_relation_extraction,task1510-1613ff1cef6c4e8a883a76dcf965a65f,False,True,False,True,False,False
seq_lora,task1510_evalution_relation_extraction,task1510-38a6f8cf4a1849e58d69e14bf927a71a,False,True,True,True,False,True
seq_lora,task1510_evalution_relation_extraction,task1510-ed083d08daad4b9fbdb5bb30cfadfe6d,False,True,True,True,False,True
seq_lora,task1510_evalution_relation_extraction,task1510-4d5ceb230f264cd292b980d284d10259,False,True,True,True,False,True
seq_lora,task1510_evalution_relation_extraction,task1510-16ad5db5f1dc48288a1f8394dd3b3b6d,False,True,False,True,False,False
seq_lora,task1510_evalution_relation_extraction,task1510-72cac91a716c44d0b0adbf3f746fd258,False,True,True,True,False,True
seq_lora,task1510_evalution_relation_extraction,task1510-8a956a4d4aa44e11942eab2da2b6eef4,False,True,True,True,False,True
seq_lora,task1510_evalution_relation_extraction,task1510-70f2f0903f6b46f08988aae324a0aff3,False,True,True,True,False,True
seq_lora,task1510_evalution_relation_extraction,task1510-7cc9c7a39a5d4f5f9f2a904613d53435,False,True,False,True,False,False
seq_lora,task1510_evalution_relation_extraction,task1510-6978afe2554b47e9bf951a06760252f4,False,True,True,True,False,True
seq_lora,task1510_evalution_relation_extraction,task1510-425be1c4a9534bec892c6e4aaa8f040f,False,False,False,False,False,False
seq_lora,task1510_evalution_relation_extraction,task1510-18c0a917619344f9a2333af81185b78b,False,True,True,True,False,True
seq_lora,task1510_evalution_relation_extraction,task1510-c7081bd236144b50b0d677aea3a50bfc,False,True,True,True,False,True
seq_lora,task1510_evalution_relation_extraction,task1510-229c7bc0ea274a10abfb8c00dac5b9a1,False,False,False,False,False,False
seq_lora,task1510_evalution_relation_extraction,task1510-2e32509272254e32bc138e7f0aef2ed5,False,True,True,True,False,True
seq_lora,task1510_evalution_relation_extraction,task1510-cf3a9e19f1e94284bb247451e05a8cb7,False,True,True,True,False,True
seq_lora,task1510_evalution_relation_extraction,task1510-276f830a86a54c3bba39f2bd60738d18,False,True,True,True,False,True
seq_lora,task1510_evalution_relation_extraction,task1510-81b9e419f3e64ec7adb951ea763d0023,False,True,True,True,False,True
seq_lora,task1510_evalution_relation_extraction,task1510-c9ad952529ca469883249a23ec34ff8e,False,True,False,True,False,False
seq_lora,task1510_evalution_relation_extraction,task1510-defff1ccb3cf45fd90e66101ff4d51e5,False,True,True,True,False,True
seq_lora,task1510_evalution_relation_extraction,task1510-661a72c20f0746cf87db68dc0476d6fe,False,True,False,True,False,False
seq_lora,task1510_evalution_relation_extraction,task1510-95ef307dbea44c4b9c06513718451da1,False,True,False,True,False,False
seq_lora,task1510_evalution_relation_extraction,task1510-f4590413bd904feaa0f78aef8b66ff69,False,True,False,True,False,False
seq_lora,task1510_evalution_relation_extraction,task1510-67a29b12d48640879ef91b8e64ac6119,False,True,True,True,False,True
seq_lora,task1510_evalution_relation_extraction,task1510-c834792c3fed49e398d4c5ee09be9341,False,True,True,True,False,True
seq_lora,task1510_evalution_relation_extraction,task1510-bdcb1247de5f429fb5c4aed7c8041329,False,True,True,True,False,True
seq_lora,task1510_evalution_relation_extraction,task1510-d0b9528786734a1680a3d17717b4ebba,False,True,False,True,False,False
seq_lora,task1510_evalution_relation_extraction,task1510-ce488508600e465798f71cb7e410ad3d,False,True,False,True,False,False
seq_lora,task1510_evalution_relation_extraction,task1510-b87ecc6c572448ceaae2cc7a7e636da8,False,True,True,True,False,True
seq_lora,task1510_evalution_relation_extraction,task1510-2f4d2e2d2b404e3ba5e18340d0bcf6df,False,True,True,True,False,True
seq_lora,task1510_evalution_relation_extraction,task1510-bd005623a8624df1b526ce589a7679e4,False,True,False,True,False,False
seq_lora,task1510_evalution_relation_extraction,task1510-be67400f435348c180a85cd5ba4f784a,False,False,False,False,False,False
seq_lora,task1510_evalution_relation_extraction,task1510-27600c83ec7348a6a76af5a6fb3aa98b,False,True,False,True,False,False
seq_lora,task1510_evalution_relation_extraction,task1510-3df16076220a4378876e8a7a38832940,False,True,True,True,False,True
seq_lora,task1510_evalution_relation_extraction,task1510-40d91b3461214ac6afce872cb9eb29b9,False,True,True,True,False,True
seq_lora,task1510_evalution_relation_extraction,task1510-fbf1666b203b4db2aa9177bb99b67fdd,False,True,False,True,False,False
seq_lora,task1510_evalution_relation_extraction,task1510-cea0890ebbcf47adb321e8d9225285fc,False,True,False,True,False,False
seq_lora,task1510_evalution_relation_extraction,task1510-0abb5bf7d39e485489db0f2f1754bbde,False,True,True,True,False,True
seq_lora,task1510_evalution_relation_extraction,task1510-87192720b9954755a64460737be8dd32,False,True,True,True,False,True
seq_lora,task1510_evalution_relation_extraction,task1510-af53d45cff5c42d6a42afd6c79ce4f69,False,True,True,True,False,True
seq_lora,task1510_evalution_relation_extraction,task1510-7f45545a6ad14089980fa9d324e24797,False,False,False,False,False,False
seq_lora,task1510_evalution_relation_extraction,task1510-0672eb8ad77d4eaf8af700713c897ef7,False,True,True,True,False,True
seq_lora,task1510_evalution_relation_extraction,task1510-f5dbb9d178504122902231666402a50c,False,True,False,True,False,False
seq_lora,task1510_evalution_relation_extraction,task1510-9f077744d031442aa808bdde53cf3919,False,True,True,True,False,True
seq_lora,task1510_evalution_relation_extraction,task1510-bf05c53eff414855b3a27a529c9996d7,False,True,False,True,False,False
seq_lora,task1510_evalution_relation_extraction,task1510-c3c92d41208e4e61a2517ca9d5ecf897,False,True,True,True,False,True
seq_lora,task1510_evalution_relation_extraction,task1510-8df7d1c25a8445bda5e52f952bb938ac,False,True,False,True,False,False
seq_lora,task1510_evalution_relation_extraction,task1510-8eb8e7a0148d4b259c9b8521246b4880,False,True,True,True,False,True
seq_lora,task1510_evalution_relation_extraction,task1510-a93ab5eeaff3439e981b6b274e826a8b,False,True,True,True,False,True
seq_lora,task1510_evalution_relation_extraction,task1510-0fd4384098d542629980e13c0a218f71,False,True,True,True,False,True
seq_lora,task1510_evalution_relation_extraction,task1510-573b3a5802b74e7fbbf244e655fbac82,False,True,True,True,False,True
seq_lora,task1510_evalution_relation_extraction,task1510-a1c907e195024fab8dbfa37c336c389e,False,True,True,True,False,True
seq_lora,task1510_evalution_relation_extraction,task1510-aca8b494a47b4961b1c9075fd0a7b597,False,True,True,True,False,True
seq_lora,task1510_evalution_relation_extraction,task1510-0beff684f39043c48db03f014d74acdf,False,True,False,True,False,False
seq_lora,task1510_evalution_relation_extraction,task1510-8612ab775b4a432f9305daae02f1ad7a,False,True,True,True,False,True
seq_lora,task1510_evalution_relation_extraction,task1510-2319805135a549ee81c7ab490b5be51e,False,True,True,True,False,True
seq_lora,task1510_evalution_relation_extraction,task1510-cdc7a811bab040a09feac04cc824d488,False,True,False,True,False,False
seq_lora,task1510_evalution_relation_extraction,task1510-dbdbfc56a9eb41539d33cfb85beb778f,False,True,True,True,False,True
seq_lora,task1510_evalution_relation_extraction,task1510-740b65a8b6d34fb598d6bbb413ebd003,False,True,True,True,False,True
seq_lora,task1510_evalution_relation_extraction,task1510-fdb20d5203f74f7ab2dc226572ff7fcb,False,True,False,True,False,False
seq_lora,task1510_evalution_relation_extraction,task1510-5f6f81a16f9a40c1b6ad74a090ca492e,False,True,False,True,False,False
seq_lora,task1510_evalution_relation_extraction,task1510-8bb78af005104d36b940d4de0cad6a69,False,True,False,True,False,False
seq_lora,task1510_evalution_relation_extraction,task1510-303f5ca2b5324df4867b97414c7ae5de,False,True,True,True,False,True
seq_lora,task1510_evalution_relation_extraction,task1510-397433c42dbd4b98ae06eac33cd79f13,False,True,False,True,False,False
seq_lora,task1510_evalution_relation_extraction,task1510-457212e230274e7b865a1edae85db447,False,True,False,True,False,False
seq_lora,task1510_evalution_relation_extraction,task1510-413f46b93c3c4f838694114bc4644958,False,True,False,True,False,False
seq_lora,task1510_evalution_relation_extraction,task1510-585037eba7404031940fd12b3da5de87,False,True,True,True,False,True
seq_lora,task1510_evalution_relation_extraction,task1510-3cc9a628d9364aabbd250ff7e2330ccb,False,True,False,True,False,False
seq_lora,task1510_evalution_relation_extraction,task1510-b13454e1442c4a8ebddfeba7d575f774,False,True,False,True,False,False
seq_lora,task1510_evalution_relation_extraction,task1510-3ea1236f8c6f41d68945d31be33146a1,False,True,True,True,False,True
seq_lora,task1729_personachat_generate_next,task1729-53143860f49c4b868f90de7fd8baa281,False,False,False,False,False,False
seq_lora,task1729_personachat_generate_next,task1729-59fa5715242c408cbebedb578607b39c,False,False,False,False,False,False
seq_lora,task1729_personachat_generate_next,task1729-390f9c64b0f04a0b901ecaaa9f8c9b88,False,False,False,False,False,False
seq_lora,task1729_personachat_generate_next,task1729-071307562328427bb92525937c9ddca1,False,False,False,False,False,False
seq_lora,task1729_personachat_generate_next,task1729-aa0add0999164cb0a74c9af24a20f2e5,False,False,False,False,False,False
seq_lora,task1729_personachat_generate_next,task1729-642113519e9f401ab31ba65bf592e473,False,False,False,False,False,False
seq_lora,task1729_personachat_generate_next,task1729-187565cc03e74345b55be4899107b8e9,False,False,False,False,False,False
seq_lora,task1729_personachat_generate_next,task1729-75df725797594083b3811b339c00b8cf,False,False,False,False,False,False
seq_lora,task1729_personachat_generate_next,task1729-3a9d9d83df7b41b9abb9c86dfb4251eb,False,False,False,False,False,False
seq_lora,task1729_personachat_generate_next,task1729-37f17dac68dd4e8089bf1f7baba855e4,False,False,False,False,False,False
seq_lora,task1729_personachat_generate_next,task1729-57caf467a48f42688745d4a58e1f36f6,False,False,False,False,False,False
seq_lora,task1729_personachat_generate_next,task1729-2e1352f2bb1e4621a27e6b4b78bc93c7,False,False,False,False,False,False
seq_lora,task1729_personachat_generate_next,task1729-50ea4a7033134547817a2916f55bd0e5,False,False,False,False,False,False
seq_lora,task1729_personachat_generate_next,task1729-56fd4c9de4504f6286488570d49a4df4,False,False,False,False,False,False
seq_lora,task1729_personachat_generate_next,task1729-535b2eb645534d7bb9b318f8610debea,False,False,False,False,False,False
seq_lora,task1729_personachat_generate_next,task1729-8951d15b1c4f459e9e1f44becc199a47,False,False,False,False,False,False
seq_lora,task1729_personachat_generate_next,task1729-07f0e3d19a1d4f53980f97c6ecae60a4,False,False,False,False,False,False
seq_lora,task1729_personachat_generate_next,task1729-050bcb16594744b5b076c202cc529119,False,False,False,False,False,False
seq_lora,task1729_personachat_generate_next,task1729-28d1254e80044675bc3f7da1905e6fa9,False,False,False,False,False,False
seq_lora,task1729_personachat_generate_next,task1729-b2fbbdc8766e4f959563b19f18761d06,False,False,False,False,False,False
seq_lora,task1729_personachat_generate_next,task1729-8b5c6cb366794bfd946c75ce22b46884,False,False,False,False,False,False
seq_lora,task1729_personachat_generate_next,task1729-d21a61144acf493b92a73bc6d78c5a05,False,False,False,False,False,False
seq_lora,task1729_personachat_generate_next,task1729-641badee601146a6b025ee0287d182aa,False,False,False,False,False,False
seq_lora,task1729_personachat_generate_next,task1729-0dd40ba8ea26424783181316f2cc1b44,False,False,False,False,False,False
seq_lora,task1729_personachat_generate_next,task1729-8fffccffa086447db9806890bcd7830b,False,False,False,False,False,False
seq_lora,task1729_personachat_generate_next,task1729-5405683f697c48e1ba7ed4984bab838f,False,False,False,False,False,False
seq_lora,task1729_personachat_generate_next,task1729-0169ed04e5a34b37a66f8a75689dd6fb,False,False,False,False,False,False
seq_lora,task1729_personachat_generate_next,task1729-23a658ff6e254ebb95f32d2fb1780ad7,False,False,False,False,False,False
seq_lora,task1729_personachat_generate_next,task1729-02de596466234e8687e85ddd04c94a9e,False,False,False,False,False,False
seq_lora,task1729_personachat_generate_next,task1729-e533e1e8cf30401d842e9f2677995200,False,False,False,False,False,False
seq_lora,task1729_personachat_generate_next,task1729-a775c653c9164486b76b6a97c116bd3d,False,False,False,False,False,False
seq_lora,task1729_personachat_generate_next,task1729-ba18d71799764969be4eabaa3d2e7a38,False,False,False,False,False,False
seq_lora,task1729_personachat_generate_next,task1729-84b90afb06584a188718ede73640154d,False,False,False,False,False,False
seq_lora,task1729_personachat_generate_next,task1729-a963677a2d484463af29d0c37cc22063,False,False,False,False,False,False
seq_lora,task1729_personachat_generate_next,task1729-d49daadceef74057ad5a18ce366c09ad,False,False,False,False,False,False
seq_lora,task1729_personachat_generate_next,task1729-06f0dc885fc240ce9925b9d6cfb83b41,False,False,False,False,False,False
seq_lora,task1729_personachat_generate_next,task1729-2cfb4406b60348629bc64e8377932c27,False,False,False,False,False,False
seq_lora,task1729_personachat_generate_next,task1729-170782a03ecc48bfb6d28049be6bfeb7,False,False,False,False,False,False
seq_lora,task1729_personachat_generate_next,task1729-d6b9476ec821447fa76ac8015111752a,False,False,False,False,False,False
seq_lora,task1729_personachat_generate_next,task1729-31986394ada548c2b8e84389d3cabc01,False,False,False,False,False,False
seq_lora,task1729_personachat_generate_next,task1729-c7538847c42e49f6b5faa5c84c263fb8,False,False,False,False,False,False
seq_lora,task1729_personachat_generate_next,task1729-8569d99102a74900baa79e0960467dca,False,False,False,False,False,False
seq_lora,task1729_personachat_generate_next,task1729-e6594f899d6b4c31b47d46c29c7efdd6,False,False,False,False,False,False
seq_lora,task1729_personachat_generate_next,task1729-366df6aa0a17498da246f16d0df177f0,False,False,False,False,False,False
seq_lora,task1729_personachat_generate_next,task1729-7e9beede95db49748577cea1071f02d7,False,False,False,False,False,False
seq_lora,task1729_personachat_generate_next,task1729-4c2bad170594486aa0b4e4e809fad7da,False,False,False,False,False,False
seq_lora,task1729_personachat_generate_next,task1729-e2036fcf00784542a435a2cc8ba9f940,False,False,False,False,False,False
seq_lora,task1729_personachat_generate_next,task1729-6fce449fc2f945db941f161a54fd92bc,False,False,False,False,False,False
seq_lora,task1729_personachat_generate_next,task1729-9db0f4565257444bb4b7915a7ceb76e3,False,False,False,False,False,False
seq_lora,task1729_personachat_generate_next,task1729-b49fd1e855004bc3a611bfdcf0fc2927,False,False,False,False,False,False
seq_lora,task1729_personachat_generate_next,task1729-39a6fbbed66e433ab5ce537586a3b79a,False,False,False,False,False,False
seq_lora,task1729_personachat_generate_next,task1729-19db73113f17463792346a72f67d6896,False,False,False,False,False,False
seq_lora,task1729_personachat_generate_next,task1729-1711b11256334da893722821c0360339,False,False,False,False,False,False
seq_lora,task1729_personachat_generate_next,task1729-d82f0c1b18d44516a8165c9f2de2467c,False,False,False,False,False,False
seq_lora,task1729_personachat_generate_next,task1729-2a096f91819743e3b6b4a871e845e83e,False,False,False,False,False,False
seq_lora,task1729_personachat_generate_next,task1729-8d7bbf8d4bf24788a70f50716ae161d2,False,False,False,False,False,False
seq_lora,task1729_personachat_generate_next,task1729-006fc4059a3d403ab1c2d16dc2947352,False,False,False,False,False,False
seq_lora,task1729_personachat_generate_next,task1729-e6889e9eeb0f4305b88cec1c535e1896,False,False,False,False,False,False
seq_lora,task1729_personachat_generate_next,task1729-05b10bbedd4c40efbd79d822f1ac0aaa,False,False,False,False,False,False
seq_lora,task1729_personachat_generate_next,task1729-9ec28416c31e49128a1a97b8c4453742,False,False,False,False,False,False
seq_lora,task1729_personachat_generate_next,task1729-1937f2067fb049f5ad69b759c6bd145a,False,False,False,False,False,False
seq_lora,task1729_personachat_generate_next,task1729-291f0bcb6ccc41d285de7cc3832eb8c6,False,False,False,False,False,False
seq_lora,task1729_personachat_generate_next,task1729-da65e60eb5b746d7ae52db2de736ee1a,False,False,False,False,False,False
seq_lora,task1729_personachat_generate_next,task1729-26ca31f9d1bc4336b22490492efb5ff2,False,False,False,False,False,False
seq_lora,task1729_personachat_generate_next,task1729-966878547a954a3d82027e167aa94210,False,False,False,False,False,False
seq_lora,task1729_personachat_generate_next,task1729-ba6ecb3d09fb48d19796d50030368979,False,False,False,False,False,False
seq_lora,task1729_personachat_generate_next,task1729-31774fed071a491cb225ca012a761fbb,False,False,False,False,False,False
seq_lora,task1729_personachat_generate_next,task1729-313260348317472da337f1a36b54306c,False,False,False,False,False,False
seq_lora,task1729_personachat_generate_next,task1729-e398af2655f04badbc31b2997d8b64b5,False,False,False,False,False,False
seq_lora,task1729_personachat_generate_next,task1729-129d4ae913bb40f383e3820bf8c687fa,False,False,False,False,False,False
seq_lora,task1729_personachat_generate_next,task1729-7bdce87b6ded481caa9c598bfe68fb8a,False,False,False,False,False,False
seq_lora,task1729_personachat_generate_next,task1729-9e5ab5a66c4f4fcea72e4fa61523d3e2,False,False,False,False,False,False
seq_lora,task1729_personachat_generate_next,task1729-2dc490764fe04932a714b2c2d9e8018f,False,False,False,False,False,False
seq_lora,task1729_personachat_generate_next,task1729-d411dca74ba1490c80f1f965a5acb7ee,False,False,False,False,False,False
seq_lora,task1729_personachat_generate_next,task1729-8895b0c512984f83b2325908dde30ca4,False,False,False,False,False,False
seq_lora,task1729_personachat_generate_next,task1729-04e30fc9226241898a4261d4961d61eb,False,False,False,False,False,False
seq_lora,task1729_personachat_generate_next,task1729-5bb3f4df55d84865bdbc7c9e4cf90c58,False,False,False,False,False,False
seq_lora,task1729_personachat_generate_next,task1729-34de5d0ca08c46fd9ea9a7811545ff7e,False,False,False,False,False,False
seq_lora,task1729_personachat_generate_next,task1729-f53f6a91362842d38f5af842efc34e26,False,False,False,False,False,False
seq_lora,task1729_personachat_generate_next,task1729-fd2dd388fb6d4e1a91e85034e717601d,False,False,False,False,False,False
seq_lora,task1729_personachat_generate_next,task1729-10b87993d50e49ffb4a921527d585873,False,False,False,False,False,False
seq_lora,task1729_personachat_generate_next,task1729-433302ef49864976a781cadb3e051928,False,False,False,False,False,False
seq_lora,task1729_personachat_generate_next,task1729-358929faef464722abd23ce5d9cc8a9e,False,False,False,False,False,False
seq_lora,task1729_personachat_generate_next,task1729-ca9f9f5018e944388bb404311e1cfdcb,False,False,False,False,False,False
seq_lora,task1729_personachat_generate_next,task1729-70f4008428b242ceab76573b5ebba2cd,False,False,False,False,False,False
seq_lora,task1729_personachat_generate_next,task1729-b84ddf54d68e4074a703edc277a1991a,False,False,False,False,False,False
seq_lora,task1729_personachat_generate_next,task1729-42aff878c1204569affd5ab167b1c39f,False,False,False,False,False,False
seq_lora,task1729_personachat_generate_next,task1729-cf500d5efac94604aae0f0b788b7db7f,False,False,False,False,False,False
seq_lora,task1729_personachat_generate_next,task1729-5321ee68cef7416dbe9731c7e845bd29,False,False,False,False,False,False
seq_lora,task1729_personachat_generate_next,task1729-07ee7c7b5f6e425bbd080f8fd4b1a825,False,False,False,False,False,False
seq_lora,task1729_personachat_generate_next,task1729-54674a67c7b946f8b49136d7986db04a,False,False,False,False,False,False
seq_lora,task1729_personachat_generate_next,task1729-0263974bbfdb47fa95d67b51df2565b0,False,False,False,False,False,False
seq_lora,task1729_personachat_generate_next,task1729-87d818925d2b4997b5167b84b49ebe98,False,False,False,False,False,False
seq_lora,task1729_personachat_generate_next,task1729-001ec7857510435984fb55bcc34a3833,False,False,False,False,False,False
seq_lora,task1729_personachat_generate_next,task1729-7a1db2475a0f4d5186aba6b4fcc836bb,False,False,False,False,False,False
seq_lora,task1729_personachat_generate_next,task1729-dcba8addb15d4f6a80525c41e878c58c,False,False,False,False,False,False
seq_lora,task1729_personachat_generate_next,task1729-0c28929e937f49f3a54e366c0106345b,False,False,False,False,False,False
seq_lora,task1729_personachat_generate_next,task1729-e5b77bb4a03d41ae956039aca46f6832,False,False,False,False,False,False
seq_lora,task1729_personachat_generate_next,task1729-e0a35d3d24084b9cadb3cfd3a074905b,False,False,False,False,False,False
seq_lora,task1729_personachat_generate_next,task1729-5582a36a75284eb7853c565b3ae270d1,False,False,False,False,False,False
seq_lora,task1729_personachat_generate_next,task1729-f58d487f6b854440ac7b6722518c7e2b,False,False,False,False,False,False
seq_lora,task1729_personachat_generate_next,task1729-623255f6882c47e0b26b6bc3a73a4493,False,False,False,False,False,False
seq_lora,task1729_personachat_generate_next,task1729-41a7d44a89284e7ca6b4bcca4ebed908,False,False,False,False,False,False
seq_lora,task1729_personachat_generate_next,task1729-e67d1dcc91e0494c8fb652cad2b67f43,False,False,False,False,False,False
seq_lora,task1729_personachat_generate_next,task1729-02d9f3c9c9eb4d81b28d3decba7ac15b,False,False,False,False,False,False
seq_lora,task1729_personachat_generate_next,task1729-08c5ad3a6e6745d789e42126eb7533f3,False,False,False,False,False,False
seq_lora,task1729_personachat_generate_next,task1729-df1187fc9f7f4f79b6397c1fb0ae8303,False,False,False,False,False,False
seq_lora,task1729_personachat_generate_next,task1729-1f3943e60f8e47b2b5cb51aeca90fe26,False,False,False,False,False,False
seq_lora,task1729_personachat_generate_next,task1729-a7b4cc4efcb54646ac64c1808b107264,False,False,False,False,False,False
seq_lora,task1729_personachat_generate_next,task1729-a5536f6798ad47b387df80c0fb8e65f1,False,False,False,False,False,False
seq_lora,task1729_personachat_generate_next,task1729-01b6b7b0c5454a3c8dbbf66a9c7e9c2c,False,False,False,False,False,False
seq_lora,task1729_personachat_generate_next,task1729-80dc2a9a010c442bb9114c04cba70ece,False,False,False,False,False,False
seq_lora,task1729_personachat_generate_next,task1729-beba0dd4e4f84bc98cf20c9fd86060b4,False,False,False,False,False,False
seq_lora,task1729_personachat_generate_next,task1729-c8139a8e12314b76b2321c3308a39707,False,False,False,False,False,False
seq_lora,task1729_personachat_generate_next,task1729-3bc7a6710f574f35bfe2b9eaf00e6a2b,False,False,False,False,False,False
seq_lora,task1729_personachat_generate_next,task1729-2a905d2cd9ff471597ee37a8e82e29ad,False,False,False,False,False,False
seq_lora,task1729_personachat_generate_next,task1729-b63370130c1048b28f8ddd6eb202d26a,False,False,False,False,False,False
seq_lora,task1729_personachat_generate_next,task1729-916aa97726844e0eb47ce6387d47ec77,False,False,False,False,False,False
seq_lora,task1729_personachat_generate_next,task1729-8f67ee063964460d97e8dfd08b5702df,False,False,False,False,False,False
seq_lora,task1729_personachat_generate_next,task1729-171f8f2a4403489fb359bf1d8f88499a,False,False,False,False,False,False
seq_lora,task1729_personachat_generate_next,task1729-76bf9a217bba4a5d9e7dd3b8e21a57d9,False,False,False,False,False,False
seq_lora,task1729_personachat_generate_next,task1729-c6c2a16f00c142a284175afcf797a775,False,False,False,False,False,False
seq_lora,task1729_personachat_generate_next,task1729-b1934b9d7b174c8da868ec51a30c82c2,False,False,False,False,False,False
seq_lora,task1729_personachat_generate_next,task1729-d4cbed52d0874a89a1cac95d0401ff7c,False,False,False,False,False,False
seq_lora,task1729_personachat_generate_next,task1729-15c51e0d16b14c338cac0ec9a0ad3d3c,False,False,False,False,False,False
seq_lora,task1729_personachat_generate_next,task1729-df1b6e3d1f2b488bb930a8d33a51cb83,False,False,False,False,False,False
seq_lora,task1729_personachat_generate_next,task1729-9f03cb9ef42a43baa78e9a79089a07b8,False,False,False,False,False,False
seq_lora,task1729_personachat_generate_next,task1729-ca1ff54203bb4d1baa32149a571a93f8,False,False,False,False,False,False
seq_lora,task1729_personachat_generate_next,task1729-a317ee577f2546d2b3d861ebee2db593,False,False,False,False,False,False
seq_lora,task1729_personachat_generate_next,task1729-ebff6c03e47d480c9b9e41a70792197a,False,False,False,False,False,False
seq_lora,task1729_personachat_generate_next,task1729-4b1984aa461a4539a4b4097f06310bbd,False,False,False,False,False,False
seq_lora,task1729_personachat_generate_next,task1729-121c460f880d475db561e50212fd1847,False,False,False,False,False,False
seq_lora,task1729_personachat_generate_next,task1729-6714cd75082f423da33e32d4590bccf7,False,False,False,False,False,False
seq_lora,task1729_personachat_generate_next,task1729-d56e745df9424a4287af87ff651be9b4,False,False,False,False,False,False
seq_lora,task1729_personachat_generate_next,task1729-c0dcc53050764c6db6968cc9d0266033,False,False,False,False,False,False
seq_lora,task1729_personachat_generate_next,task1729-bbe6f70d9bb643748613418ba08842d3,False,False,False,False,False,False
seq_lora,task1729_personachat_generate_next,task1729-945e8c4b16ca4d0488de4704e1c87a8d,False,False,False,False,False,False
seq_lora,task1729_personachat_generate_next,task1729-7a7e2460672a4f809355d205d36e2a9a,False,False,False,False,False,False
seq_lora,task1729_personachat_generate_next,task1729-e3c660e16ed4403ca8df09a795ab8a97,False,False,False,False,False,False
seq_lora,task1729_personachat_generate_next,task1729-74893bcc66ba49da84fa1c290689d386,False,False,False,False,False,False
seq_lora,task1729_personachat_generate_next,task1729-cca9ffd8a3da426ea68e52da203fc549,False,False,False,False,False,False
seq_lora,task1729_personachat_generate_next,task1729-ff41968abdf7478fbe7c09f7e8b4f252,False,False,False,False,False,False
seq_lora,task1729_personachat_generate_next,task1729-29779555bc864c30bb9e6bdc8147c25e,False,False,False,False,False,False
seq_lora,task1729_personachat_generate_next,task1729-c4c9ec115ba74d0f85e773fc0cce3c9a,False,False,False,False,False,False
seq_lora,task1729_personachat_generate_next,task1729-ebcd417cde8b4255b511dde45de5b547,False,False,False,False,False,False
seq_lora,task1729_personachat_generate_next,task1729-5e5d3cce08654dad8cda3f2c72f21ca2,False,False,False,False,False,False
seq_lora,task1729_personachat_generate_next,task1729-33aefa8ef55d4622883d7f80a6124d64,False,False,False,False,False,False
seq_lora,task1729_personachat_generate_next,task1729-eaec1985b0684bafaac163fc117e2a3f,False,False,False,False,False,False
seq_lora,task1729_personachat_generate_next,task1729-c7532578fecd49448598b89e171fce7b,False,False,False,False,False,False
seq_lora,task1729_personachat_generate_next,task1729-f108b756dfe04fba8aa57e7c27c7556c,False,False,False,False,False,False
seq_lora,task1729_personachat_generate_next,task1729-65c1919779494cf6805331c0af71f9d5,False,False,False,False,False,False
seq_lora,task1729_personachat_generate_next,task1729-0b44f557f50e493db875c58493b23fac,False,False,False,False,False,False
seq_lora,task1729_personachat_generate_next,task1729-4bc70f098f5540629666b321277faa7e,False,False,False,False,False,False
seq_lora,task1729_personachat_generate_next,task1729-e484af45da234002bf1326bd78a60c5d,False,False,False,False,False,False
seq_lora,task1729_personachat_generate_next,task1729-ccb290a148d248a9a3b79467eb4f5bca,False,False,False,False,False,False
seq_lora,task1729_personachat_generate_next,task1729-5544da88f4454656959441c0197488bd,False,False,False,False,False,False
seq_lora,task1729_personachat_generate_next,task1729-2c21ac58e10240d6b92a79b8a9aa1796,False,False,False,False,False,False
seq_lora,task1729_personachat_generate_next,task1729-f9bc025fcb774d45923d90407653db11,False,False,False,False,False,False
seq_lora,task1729_personachat_generate_next,task1729-b56bc6698fe540318da5752330441191,False,False,False,False,False,False
seq_lora,task1729_personachat_generate_next,task1729-aa0f9a2de9a34271bc1a3e72496509a2,False,False,False,False,False,False
seq_lora,task1729_personachat_generate_next,task1729-8f26242e7a0e409ea6429726874b448c,False,False,False,False,False,False
seq_lora,task1729_personachat_generate_next,task1729-08abfec52d72484db65cc6192cb797bc,False,False,False,False,False,False
seq_lora,task1729_personachat_generate_next,task1729-50d1f4e0dbc940c1b8714c6056f17741,False,False,False,False,False,False
seq_lora,task1729_personachat_generate_next,task1729-a2c25ae71717481da365570d31928dbc,False,False,False,False,False,False
seq_lora,task1729_personachat_generate_next,task1729-500928b0b3774231a851e5ed3943af35,False,False,False,False,False,False
seq_lora,task1729_personachat_generate_next,task1729-64a3046f1cd24821a5fbfdf2ae149e2f,False,False,False,False,False,False
seq_lora,task1729_personachat_generate_next,task1729-13e37c5ad2144c09bfe422802fa18811,False,False,False,False,False,False
seq_lora,task1729_personachat_generate_next,task1729-3c8172ba235749b88311b284dcf4cbd4,False,False,False,False,False,False
seq_lora,task1729_personachat_generate_next,task1729-1b0a3b48554140ac9112de1db8e5e843,False,False,False,False,False,False
seq_lora,task1729_personachat_generate_next,task1729-22de11d552b147f888fa30b26514eddc,False,False,False,False,False,False
seq_lora,task1729_personachat_generate_next,task1729-33aad77bf2f04fe68665c5d53d49fa90,False,False,False,False,False,False
seq_lora,task1729_personachat_generate_next,task1729-292b74cfe2244e39951e9364889a6a4a,False,False,False,False,False,False
seq_lora,task1729_personachat_generate_next,task1729-d7a21108aef243eaa4617c4c1da20906,False,False,False,False,False,False
seq_lora,task1729_personachat_generate_next,task1729-9ab73fa1c6d0485b947488524644c42c,False,False,False,False,False,False
seq_lora,task1729_personachat_generate_next,task1729-fb52e3b6c2e14b91af9fc64403fe618a,False,False,False,False,False,False
seq_lora,task1729_personachat_generate_next,task1729-34492fd9ce6b4347a646943217d97f28,False,False,False,False,False,False
seq_lora,task1729_personachat_generate_next,task1729-c797f9adb9b24e16a34778e49b09d4b3,False,False,False,False,False,False
seq_lora,task1729_personachat_generate_next,task1729-199c28440b28472a94308ce9178eab59,False,False,False,False,False,False
seq_lora,task1729_personachat_generate_next,task1729-700b28402ea448e0ace915381673890e,False,False,False,False,False,False
seq_lora,task1729_personachat_generate_next,task1729-a4cf656be56d41ee8e1269ac526e1c87,False,False,False,False,False,False
seq_lora,task1729_personachat_generate_next,task1729-1f3e4e9f5fb34359bfd7ac5cebbdcc94,False,False,False,False,False,False
seq_lora,task1729_personachat_generate_next,task1729-7449349a22fb421d8f899bb9943fce9f,False,False,False,False,False,False
seq_lora,task1729_personachat_generate_next,task1729-9e4696f9cfb4426c8cfdd670c1855ea3,False,False,False,False,False,False
seq_lora,task1729_personachat_generate_next,task1729-095f2096efa24cffa6c15ef08d25a2a2,False,False,False,False,False,False
seq_lora,task1729_personachat_generate_next,task1729-9be1819695674ec1be9897915ef39de5,False,False,False,False,False,False
seq_lora,task1729_personachat_generate_next,task1729-453251e011884716bbb9b2e0d963d91b,False,False,False,False,False,False
seq_lora,task1729_personachat_generate_next,task1729-19c2b9f44d0c4de89c4601844cfc06f4,False,False,False,False,False,False
seq_lora,task1729_personachat_generate_next,task1729-8c4ae0f696a74d1fb628071be3351618,False,False,False,False,False,False
seq_lora,task1729_personachat_generate_next,task1729-fb98403f153c486aaa933894842026d5,False,False,False,False,False,False
seq_lora,task1729_personachat_generate_next,task1729-078929d6184d48fbb394a03d80e31b8e,False,False,False,False,False,False
seq_lora,task1729_personachat_generate_next,task1729-b615de203c6f45a08fdf034ae0f9a1b1,False,False,False,False,False,False
seq_lora,task1729_personachat_generate_next,task1729-1a46957662af4916b66ce52308744ecf,False,False,False,False,False,False
seq_lora,task1729_personachat_generate_next,task1729-d1322900bf4e49f39d19ef21f7611867,False,False,False,False,False,False
seq_lora,task1729_personachat_generate_next,task1729-0587480608fc4dac96293572e4e5c3bb,False,False,False,False,False,False
seq_lora,task1729_personachat_generate_next,task1729-82758acff6ea4d8ba26f55fcf5549bf6,False,False,False,False,False,False
seq_lora,task1729_personachat_generate_next,task1729-2b04b3b13d884bafa3c7f768e10bfbc2,False,False,False,False,False,False
seq_lora,task1729_personachat_generate_next,task1729-165e240b46b8476bb965232309fe464c,False,False,False,False,False,False
seq_lora,task1729_personachat_generate_next,task1729-0c6dfc6723ed4491a7cbf657d1473713,False,False,False,False,False,False
seq_lora,task1729_personachat_generate_next,task1729-4a2344cae0de4a558fafa30668869128,False,False,False,False,False,False
seq_lora,task1729_personachat_generate_next,task1729-07691102a3454acdbc723be005572349,False,False,False,False,False,False
seq_lora,task748_glucose_reverse_cause_event_detection,task748-2f188cfafd6043ad86d7806cba4a41da,False,False,False,False,False,False
seq_lora,task748_glucose_reverse_cause_event_detection,task748-ea08ef7008cf4bdc91f6ea900f7ce070,False,False,False,False,False,False
seq_lora,task748_glucose_reverse_cause_event_detection,task748-bda06ebdabb74456b082202098633178,False,False,False,False,False,False
seq_lora,task748_glucose_reverse_cause_event_detection,task748-8129cc5c6393413d99c837270132f11d,False,False,False,False,False,False
seq_lora,task748_glucose_reverse_cause_event_detection,task748-556f9f1b23ff47c3912681c43ed8e7db,False,False,False,False,False,False
seq_lora,task748_glucose_reverse_cause_event_detection,task748-3930b704471a4f48a42456713d905187,False,False,False,False,False,False
seq_lora,task748_glucose_reverse_cause_event_detection,task748-6fe5fc2865ab44eb8634bd98b36e1264,False,False,False,False,False,False
seq_lora,task748_glucose_reverse_cause_event_detection,task748-aff4fdc25b0640b7b50e905751d620c4,False,False,True,False,False,False
seq_lora,task748_glucose_reverse_cause_event_detection,task748-02b90dcbe91549be8b79f04578ec2d09,False,False,False,False,False,False
seq_lora,task748_glucose_reverse_cause_event_detection,task748-4171f5066bd4420ebdabdc5a96a0ab03,False,True,False,True,False,False
seq_lora,task748_glucose_reverse_cause_event_detection,task748-17f933f4187b44c79c39feabefaa0dc5,False,False,False,False,False,False
seq_lora,task748_glucose_reverse_cause_event_detection,task748-3487d1879f584902b70364261f88f00d,False,True,False,True,False,False
seq_lora,task748_glucose_reverse_cause_event_detection,task748-91131b6b1ad14404b969477a44ae3837,False,False,False,False,False,False
seq_lora,task748_glucose_reverse_cause_event_detection,task748-e05b3255999a443bb990dd8b93bab919,False,False,False,False,False,False
seq_lora,task748_glucose_reverse_cause_event_detection,task748-60e58717b30e40af96d91469c402897d,False,False,False,False,False,False
seq_lora,task748_glucose_reverse_cause_event_detection,task748-48e79f6b165d475f92afeb916759bab9,False,False,False,False,False,False
seq_lora,task748_glucose_reverse_cause_event_detection,task748-3db61f9dc97e434ba1b83109cd46f34d,False,False,False,False,False,False
seq_lora,task748_glucose_reverse_cause_event_detection,task748-4ed2fda98027456698d21890d58370ff,False,False,False,False,False,False
seq_lora,task748_glucose_reverse_cause_event_detection,task748-2c114491ad5e4fc08fa27b26d3d32a16,False,False,False,False,False,False
seq_lora,task748_glucose_reverse_cause_event_detection,task748-ac968cd951904608b57577f1655296aa,False,False,False,False,False,False
seq_lora,task748_glucose_reverse_cause_event_detection,task748-7e311345214c45ffbcec9e974cc4b63c,False,False,False,False,False,False
seq_lora,task748_glucose_reverse_cause_event_detection,task748-5593528f9bf446a5b4a8ba30c83787ea,False,False,False,False,False,False
seq_lora,task748_glucose_reverse_cause_event_detection,task748-21a67d605dcf4020a9b7b41fe6cb4685,False,False,False,False,False,False
seq_lora,task748_glucose_reverse_cause_event_detection,task748-fe95f87f959a4511857f90211d629e25,False,False,False,False,False,False
seq_lora,task748_glucose_reverse_cause_event_detection,task748-9e9042bad2e847c49aafbe0d69d7ad5d,False,False,False,False,False,False
seq_lora,task748_glucose_reverse_cause_event_detection,task748-5630376a64fd4502910d2badc874d095,False,False,False,False,False,False
seq_lora,task748_glucose_reverse_cause_event_detection,task748-564be43d09cf4bcda09c90e8d4729f50,False,False,False,False,False,False
seq_lora,task748_glucose_reverse_cause_event_detection,task748-099b98d74b9b4201bc09782464b8fe75,False,False,False,False,False,False
seq_lora,task748_glucose_reverse_cause_event_detection,task748-415a12c2dce34b33924a6a26ead9c0cb,False,False,False,False,False,False
seq_lora,task748_glucose_reverse_cause_event_detection,task748-24514ce1d6214886b9cc01b131e810b9,False,False,False,False,False,False
seq_lora,task748_glucose_reverse_cause_event_detection,task748-46ccb91f00874b01ae23b2c386633840,False,False,False,False,False,False
seq_lora,task748_glucose_reverse_cause_event_detection,task748-fc55ad9c2f13416a818403a3df233c1b,False,False,False,False,False,False
seq_lora,task748_glucose_reverse_cause_event_detection,task748-2a3b9768a99740cba3693b8ca12e9180,False,False,False,False,False,False
seq_lora,task748_glucose_reverse_cause_event_detection,task748-764a1ea0003445049f169246521b261a,False,False,False,False,False,False
seq_lora,task748_glucose_reverse_cause_event_detection,task748-c738367e4908465f8d9e36a6650a6de4,False,False,False,False,False,False
seq_lora,task748_glucose_reverse_cause_event_detection,task748-eda83b20404e4c92bdfefe3ef597ea56,False,False,False,False,False,False
seq_lora,task748_glucose_reverse_cause_event_detection,task748-b3492cf67dc8463d925743f946aa9d39,False,False,False,False,False,False
seq_lora,task748_glucose_reverse_cause_event_detection,task748-f189a7fd41fc473b9b819b83d094a9d5,False,False,False,False,False,False
seq_lora,task748_glucose_reverse_cause_event_detection,task748-42de4fa830bc4328b77a944dd59bb7d6,False,False,False,False,False,False
seq_lora,task748_glucose_reverse_cause_event_detection,task748-80fe28ba576d4c4b8d33c2868f7e7c9d,False,False,False,False,False,False
seq_lora,task748_glucose_reverse_cause_event_detection,task748-3e4349f1238344b88c7576ddb083cc9c,False,False,False,False,False,False
seq_lora,task748_glucose_reverse_cause_event_detection,task748-17ccd76dd4e44c69adc767cda6dea9f7,False,False,False,False,False,False
seq_lora,task748_glucose_reverse_cause_event_detection,task748-2730a7d5f5994a7ab93c3d0e1bb81fa6,False,False,False,False,False,False
seq_lora,task748_glucose_reverse_cause_event_detection,task748-0eaa61227f0a4222ba7639d8057f0042,False,False,False,False,False,False
seq_lora,task748_glucose_reverse_cause_event_detection,task748-e03af2c413bb4d0bbe34064a4a32e5bf,False,False,False,False,False,False
seq_lora,task748_glucose_reverse_cause_event_detection,task748-b8472ee96afb4aaa8213a448d06e13ca,False,False,False,False,False,False
seq_lora,task748_glucose_reverse_cause_event_detection,task748-bef89369826b4806aa9c2e7c6a195222,False,False,False,False,False,False
seq_lora,task748_glucose_reverse_cause_event_detection,task748-9faea50fdd6d43f8b14653978ff7cd9c,False,False,False,False,False,False
seq_lora,task748_glucose_reverse_cause_event_detection,task748-2413fbcb9fee4d99a8f1cf97c052cacd,False,False,False,False,False,False
seq_lora,task748_glucose_reverse_cause_event_detection,task748-b76429d915a74543983ab3ae312613cd,False,False,False,False,False,False
seq_lora,task748_glucose_reverse_cause_event_detection,task748-64d2d143e3944b9680c53ef4351dafd9,False,False,False,False,False,False
seq_lora,task748_glucose_reverse_cause_event_detection,task748-c04ac919863e46bc8afeeb1fc333040a,False,False,False,False,False,False
seq_lora,task748_glucose_reverse_cause_event_detection,task748-8d529d9923a24fd89b8d137123d30127,False,False,False,False,False,False
seq_lora,task748_glucose_reverse_cause_event_detection,task748-f6a63344330a4d66af76e348925221c5,False,False,False,False,False,False
seq_lora,task748_glucose_reverse_cause_event_detection,task748-d0f81288248642fcb840a1e4ded26d73,False,False,False,False,False,False
seq_lora,task748_glucose_reverse_cause_event_detection,task748-8677040e009e4a9c8fb26a94305ab32e,False,False,False,False,False,False
seq_lora,task748_glucose_reverse_cause_event_detection,task748-3dc3cc3aee784da98402163e5daead60,False,False,False,False,False,False
seq_lora,task748_glucose_reverse_cause_event_detection,task748-9af14bd0f0214322be2c2265829a088e,False,False,False,False,False,False
seq_lora,task748_glucose_reverse_cause_event_detection,task748-f161f3ecfd80405d805fc05ff3c0a2f5,False,False,False,False,False,False
seq_lora,task748_glucose_reverse_cause_event_detection,task748-54c930fcf0ff4eb4bb0ae262316e6db5,False,False,False,False,False,False
seq_lora,task748_glucose_reverse_cause_event_detection,task748-05fddce85a7d4d349b0302e8b16026bd,False,False,False,False,False,False
seq_lora,task748_glucose_reverse_cause_event_detection,task748-20dac3760c5b412f93a59e9b9a294b24,False,False,False,False,False,False
seq_lora,task748_glucose_reverse_cause_event_detection,task748-5e09d661f26949f78270c49de406b8ee,False,False,False,False,False,False
seq_lora,task748_glucose_reverse_cause_event_detection,task748-2e33e2e222324dfab9b5c33222804c85,False,False,False,False,False,False
seq_lora,task748_glucose_reverse_cause_event_detection,task748-be1b1cbfb9f64673984e1b5a01c4e25b,False,False,False,False,False,False
seq_lora,task748_glucose_reverse_cause_event_detection,task748-6195c56c0dda4475b9891e432b6bb2d2,False,False,False,False,False,False
seq_lora,task748_glucose_reverse_cause_event_detection,task748-4e2d55b7ae574368ab28e927db4b4d53,False,False,False,False,False,False
seq_lora,task748_glucose_reverse_cause_event_detection,task748-4d07632776b043b796914d5fa9e8e9d6,False,False,False,False,False,False
seq_lora,task748_glucose_reverse_cause_event_detection,task748-b2e0a9a7059344edbf0756c4323fc371,False,False,False,False,False,False
seq_lora,task748_glucose_reverse_cause_event_detection,task748-0d0084db121044f29781929f2198f9dd,False,False,False,False,False,False
seq_lora,task748_glucose_reverse_cause_event_detection,task748-a13df7d761f44a548103e10c4fb2bd6b,False,True,False,True,False,False
seq_lora,task748_glucose_reverse_cause_event_detection,task748-d351e9850d0447cf9a3dddcaf1e043ba,False,False,False,False,False,False
seq_lora,task748_glucose_reverse_cause_event_detection,task748-ce0e781c83e047f58b3b4f52cc86528e,False,False,False,False,False,False
seq_lora,task748_glucose_reverse_cause_event_detection,task748-3d255d4fd1734d369b1b4ed44080096f,False,False,False,False,False,False
seq_lora,task748_glucose_reverse_cause_event_detection,task748-6142d6f2ab80450585a052d4bb56297b,False,False,False,False,False,False
seq_lora,task748_glucose_reverse_cause_event_detection,task748-15740c12564e43b489a85fc79989bf7f,False,False,False,False,False,False
seq_lora,task748_glucose_reverse_cause_event_detection,task748-18b37fefadff48499b7af08226574def,False,False,False,False,False,False
seq_lora,task748_glucose_reverse_cause_event_detection,task748-9341dcf36fcc419ca899dc93d0e1ffc4,False,False,False,False,False,False
seq_lora,task748_glucose_reverse_cause_event_detection,task748-a05628670c024be3a1f6a6d81fd95163,False,False,False,False,False,False
seq_lora,task748_glucose_reverse_cause_event_detection,task748-caf3cc9a4b274438b3eed548b0f5381f,False,False,False,False,False,False
seq_lora,task748_glucose_reverse_cause_event_detection,task748-71a4b20778224721a5d4a937a3c6e322,False,False,False,False,False,False
seq_lora,task748_glucose_reverse_cause_event_detection,task748-7c3c381eab6d41809e691d62a875e933,False,False,False,False,False,False
seq_lora,task748_glucose_reverse_cause_event_detection,task748-7215b2ad6f264ac4a5f6055ac4922f95,False,False,False,False,False,False
seq_lora,task748_glucose_reverse_cause_event_detection,task748-9d14794ea33e4a0b9c5a29282898fc2f,False,False,False,False,False,False
seq_lora,task748_glucose_reverse_cause_event_detection,task748-84aac3761c9349f3bcd2cd11a9f4a26e,False,False,False,False,False,False
seq_lora,task748_glucose_reverse_cause_event_detection,task748-3e5c5dc9487a47818feda93380c61c86,False,False,False,False,False,False
seq_lora,task748_glucose_reverse_cause_event_detection,task748-62c0e108b9074d9aa34625fc14bb11c2,False,False,False,False,False,False
seq_lora,task748_glucose_reverse_cause_event_detection,task748-af9c949f666e48199efbb0ef06455cd4,False,False,False,False,False,False
seq_lora,task748_glucose_reverse_cause_event_detection,task748-d814e3e7ab814c15b4d5fe2182df3a32,False,False,False,False,False,False
seq_lora,task748_glucose_reverse_cause_event_detection,task748-03781ed6ab3b4d5e942a0f6b34a3e114,False,False,False,False,False,False
seq_lora,task748_glucose_reverse_cause_event_detection,task748-e454907b4bb34ca6aaf826c526eda2a9,False,False,False,False,False,False
seq_lora,task748_glucose_reverse_cause_event_detection,task748-9576d6c024fa419db985de28f2cecb4e,False,False,False,False,False,False
seq_lora,task748_glucose_reverse_cause_event_detection,task748-05c1548b9a6b423d8e93bfb9c8cd7c53,False,False,False,False,False,False
seq_lora,task748_glucose_reverse_cause_event_detection,task748-98545eca96864020940df70930b969e1,False,False,False,False,False,False
seq_lora,task748_glucose_reverse_cause_event_detection,task748-d3c90e2986e3456eb7c9156d1aedfd7b,False,False,False,False,False,False
seq_lora,task748_glucose_reverse_cause_event_detection,task748-b68ea40eca1f4662aa8d0a15fc290f17,False,False,False,False,False,False
seq_lora,task748_glucose_reverse_cause_event_detection,task748-80097fa6068c432cb688d6fda2cf26b5,False,False,False,False,False,False
seq_lora,task748_glucose_reverse_cause_event_detection,task748-83d362bb14214a81a02710c020d41988,False,False,False,False,False,False
seq_lora,task748_glucose_reverse_cause_event_detection,task748-107ed75bd11944b28c918185b821836d,False,False,False,False,False,False
seq_lora,task748_glucose_reverse_cause_event_detection,task748-54ba208826b845a5a396668d0c400bc4,False,False,False,False,False,False
seq_lora,task748_glucose_reverse_cause_event_detection,task748-41ee722d157c4f6c9194ebf3995e2723,False,False,False,False,False,False
seq_lora,task748_glucose_reverse_cause_event_detection,task748-a3d29e0324f94e82a86c909b7fa7286c,False,False,False,False,False,False
seq_lora,task748_glucose_reverse_cause_event_detection,task748-750344bf27b1424396c4e97f0e5b3f0b,False,False,False,False,False,False
seq_lora,task748_glucose_reverse_cause_event_detection,task748-631490a7c99149d8a6c97b980081865f,False,False,False,False,False,False
seq_lora,task748_glucose_reverse_cause_event_detection,task748-63b0d62fd2854d81be58e69ed8da0889,False,False,False,False,False,False
seq_lora,task748_glucose_reverse_cause_event_detection,task748-f9f58e640ef54bf793e5e0b13e7535c7,False,False,False,False,False,False
seq_lora,task748_glucose_reverse_cause_event_detection,task748-47ad629bb77145a2bb6213827953b18d,False,False,False,False,False,False
seq_lora,task748_glucose_reverse_cause_event_detection,task748-3c715e7350f94489a0886dc2677f132c,False,False,False,False,False,False
seq_lora,task748_glucose_reverse_cause_event_detection,task748-e0f537926a6241ab94af4e9f49de2da5,False,False,False,False,False,False
seq_lora,task748_glucose_reverse_cause_event_detection,task748-694e443d3da74215a7cf2555d402be59,False,False,False,False,False,False
seq_lora,task748_glucose_reverse_cause_event_detection,task748-0c6cd3ccada941eeb9609505723cdc30,False,False,False,False,False,False
seq_lora,task748_glucose_reverse_cause_event_detection,task748-f7fcd806b18c4a8e85abb64b44beda57,False,False,False,False,False,False
seq_lora,task748_glucose_reverse_cause_event_detection,task748-ca80103e7f274ae09f8d2001941bc5db,False,False,False,False,False,False
seq_lora,task748_glucose_reverse_cause_event_detection,task748-d94ef61c2fa34a07a1c21c30ff91ccc6,False,False,False,False,False,False
seq_lora,task748_glucose_reverse_cause_event_detection,task748-6f53810f51ea4eb4be0f55d073396218,False,False,False,False,False,False
seq_lora,task748_glucose_reverse_cause_event_detection,task748-50a79700126e4ef1b31b698e9ffd5b9e,False,False,False,False,False,False
seq_lora,task748_glucose_reverse_cause_event_detection,task748-0c3a60d8456c47c6bb57c26b47c01619,False,False,False,False,False,False
seq_lora,task748_glucose_reverse_cause_event_detection,task748-9201ca38abf04c99886e4dcc052d5199,False,False,False,False,False,False
seq_lora,task748_glucose_reverse_cause_event_detection,task748-2ac8a142dbae47fe919df48cb9e0b4a5,False,False,False,False,False,False
seq_lora,task748_glucose_reverse_cause_event_detection,task748-2c7bc696c1a5435ab57e5d0426849916,False,False,False,False,False,False
seq_lora,task748_glucose_reverse_cause_event_detection,task748-36bfa3ec8c8a4b84a4dfd55ae6d097a9,False,False,False,False,False,False
seq_lora,task748_glucose_reverse_cause_event_detection,task748-a3fba2783f734e7387f6505bdf040ea4,False,False,False,False,False,False
seq_lora,task748_glucose_reverse_cause_event_detection,task748-8e867282adb34e54a06975b6778dbceb,False,False,False,False,False,False
seq_lora,task748_glucose_reverse_cause_event_detection,task748-ebfd6210ef3e4f7a9a519fb631784f69,False,False,False,False,False,False
seq_lora,task748_glucose_reverse_cause_event_detection,task748-92c3e5b2b91842a994467d54c4a7b719,False,True,True,True,False,True
seq_lora,task748_glucose_reverse_cause_event_detection,task748-96d87d9ae2964e1d81ffadb3db63feff,False,False,False,False,False,False
seq_lora,task748_glucose_reverse_cause_event_detection,task748-a42bb98febe34bacba41843330e50b0c,False,False,False,False,False,False
seq_lora,task748_glucose_reverse_cause_event_detection,task748-6eff2b685f554e83adb6c957e0ab0ca8,False,False,False,False,False,False
seq_lora,task748_glucose_reverse_cause_event_detection,task748-734666e3938146d1a82d8878ad0583e5,False,False,False,False,False,False
seq_lora,task748_glucose_reverse_cause_event_detection,task748-2c7a6e0fb1c94376909ea93810832b10,False,False,False,False,False,False
seq_lora,task748_glucose_reverse_cause_event_detection,task748-737355ebec584ad192347b5637e76f34,False,False,False,False,False,False
seq_lora,task748_glucose_reverse_cause_event_detection,task748-d9a06c50090b47c3a118d6c5479e9ea9,False,False,False,False,False,False
seq_lora,task748_glucose_reverse_cause_event_detection,task748-4e6589dd29984f4f867e9dd67384c469,False,False,False,False,False,False
seq_lora,task748_glucose_reverse_cause_event_detection,task748-ddf74ab01912458985850b952b51f1f9,False,False,False,False,False,False
seq_lora,task748_glucose_reverse_cause_event_detection,task748-4f813fb0f79c4d6b926be3b6f68d417a,False,False,False,False,False,False
seq_lora,task748_glucose_reverse_cause_event_detection,task748-6c84b3f719ec4db2bd94ae466f90efde,False,False,False,False,False,False
seq_lora,task748_glucose_reverse_cause_event_detection,task748-ba1f8c3dd3254644b4c3c53ad29fe522,False,False,False,False,False,False
seq_lora,task748_glucose_reverse_cause_event_detection,task748-74e9f8e366de42a7b77f7ffbd2aca664,False,False,False,False,False,False
seq_lora,task748_glucose_reverse_cause_event_detection,task748-4f7b22ff271e4b87a74555698b4b4fd2,False,False,False,False,False,False
seq_lora,task748_glucose_reverse_cause_event_detection,task748-4953e1f0dde24921a18d9a9721b225fc,False,False,False,False,False,False
seq_lora,task748_glucose_reverse_cause_event_detection,task748-447dd24c85914aa3b7a96d620414fc26,False,False,False,False,False,False
seq_lora,task748_glucose_reverse_cause_event_detection,task748-27481d37765e4423b608820ff22298a0,False,False,False,False,False,False
seq_lora,task748_glucose_reverse_cause_event_detection,task748-8ee817de221645abb8bd6360ef51b622,False,False,False,False,False,False
seq_lora,task748_glucose_reverse_cause_event_detection,task748-04f9215c67b14ad49beeb96d828ddcdf,False,False,True,False,False,False
seq_lora,task748_glucose_reverse_cause_event_detection,task748-3390f9fb331641f98bb301365bc027e5,False,False,False,False,False,False
seq_lora,task748_glucose_reverse_cause_event_detection,task748-9b5d14adc33c438fbc0876c8d6e353f2,False,False,False,False,False,False
seq_lora,task748_glucose_reverse_cause_event_detection,task748-2bf68d48e3304f7bb51b6d8f73979eae,False,False,False,False,False,False
seq_lora,task748_glucose_reverse_cause_event_detection,task748-592f38c6518b47d8931f5e688a41a270,False,False,False,False,False,False
seq_lora,task748_glucose_reverse_cause_event_detection,task748-98deea9227804b4789d3c2e12c2556e9,False,False,False,False,False,False
seq_lora,task748_glucose_reverse_cause_event_detection,task748-67656818bcf84fb59a04c1fce029bc0a,False,False,False,False,False,False
seq_lora,task748_glucose_reverse_cause_event_detection,task748-bf72c6d3955b4688abb7dc907b535fe3,False,False,False,False,False,False
seq_lora,task748_glucose_reverse_cause_event_detection,task748-c69a7151239d407a94752fc3c10e14dd,False,False,False,False,False,False
seq_lora,task748_glucose_reverse_cause_event_detection,task748-5d36cf63f77a431db4956f9c9b182bda,False,False,False,False,False,False
seq_lora,task748_glucose_reverse_cause_event_detection,task748-afa20be3e39b40b899bec11e56558a65,False,False,False,False,False,False
seq_lora,task748_glucose_reverse_cause_event_detection,task748-e648501d82fd4b04a8c2768f0bc3e351,False,False,False,False,False,False
seq_lora,task748_glucose_reverse_cause_event_detection,task748-35c8cdec4dcd44b7835df46623831814,False,False,False,False,False,False
seq_lora,task748_glucose_reverse_cause_event_detection,task748-c1ed1cb8dd92466dba054700d5750a18,False,False,False,False,False,False
seq_lora,task748_glucose_reverse_cause_event_detection,task748-44e520a12e9446a798e98e4cf934e4ef,False,False,False,False,False,False
seq_lora,task748_glucose_reverse_cause_event_detection,task748-4cb2b8b03cb34b29b970974e0847978c,False,False,False,False,False,False
seq_lora,task748_glucose_reverse_cause_event_detection,task748-dd0232029b004047a5f1b259d6b60bff,False,False,False,False,False,False
seq_lora,task748_glucose_reverse_cause_event_detection,task748-d69df0313b9247f78b6c44af58797322,False,False,False,False,False,False
seq_lora,task748_glucose_reverse_cause_event_detection,task748-00e27d8504194bf786935b3218b9ddf0,False,False,False,False,False,False
seq_lora,task748_glucose_reverse_cause_event_detection,task748-0ee6f668840a480d9af4099fa7f56a80,False,False,False,False,False,False
seq_lora,task748_glucose_reverse_cause_event_detection,task748-485c4922524f4393a31864b42d15c765,False,False,False,False,False,False
seq_lora,task748_glucose_reverse_cause_event_detection,task748-e586995ecc9743cca94e07f596a70de8,False,False,False,False,False,False
seq_lora,task748_glucose_reverse_cause_event_detection,task748-e832fe0895994a8682388145790a2dce,False,False,False,False,False,False
seq_lora,task748_glucose_reverse_cause_event_detection,task748-43213d12ae4141fbbe999aef8aa1251b,False,False,False,False,False,False
seq_lora,task748_glucose_reverse_cause_event_detection,task748-70aed17f261147ccac483d5aa02f9d73,False,True,True,True,False,True
seq_lora,task748_glucose_reverse_cause_event_detection,task748-97b0ce1e915e4accb1c19cab559a35d9,False,False,False,False,False,False
seq_lora,task748_glucose_reverse_cause_event_detection,task748-105a44b6ba324d9b84dd8ff2bf37b058,False,False,False,False,False,False
seq_lora,task748_glucose_reverse_cause_event_detection,task748-0b0d373840fe4eba9ea0648f99835ed6,False,False,False,False,False,False
seq_lora,task748_glucose_reverse_cause_event_detection,task748-c3b5b7d59633419c85f07267fcab5467,False,False,False,False,False,False
seq_lora,task748_glucose_reverse_cause_event_detection,task748-98f694223434496486241dd4dec4dcb0,False,False,False,False,False,False
seq_lora,task748_glucose_reverse_cause_event_detection,task748-e2d99c9015aa44dcaeb74534a678cdaa,False,False,False,False,False,False
seq_lora,task748_glucose_reverse_cause_event_detection,task748-498984e624874015977d615634f03d2a,False,False,False,False,False,False
seq_lora,task748_glucose_reverse_cause_event_detection,task748-e5dcdea23ba34984ab28ac058a6b7be2,False,False,False,False,False,False
seq_lora,task748_glucose_reverse_cause_event_detection,task748-4e6dc13a68b341979e8a106e8d85dfc3,False,False,False,False,False,False
seq_lora,task748_glucose_reverse_cause_event_detection,task748-e3b22e39a31d47c280dd4d848959a6c0,False,False,False,False,False,False
seq_lora,task748_glucose_reverse_cause_event_detection,task748-9325bd727f1540caa6105d1a61601800,False,False,False,False,False,False
seq_lora,task748_glucose_reverse_cause_event_detection,task748-70dcfb3e2983466d82302989b8a77225,False,False,False,False,False,False
seq_lora,task748_glucose_reverse_cause_event_detection,task748-3f08ef7b751f47f0ab7a845807e98f9f,False,False,False,False,False,False
seq_lora,task748_glucose_reverse_cause_event_detection,task748-3aa64a207645435384f0c52b04a1e7ee,False,False,False,False,False,False
seq_lora,task748_glucose_reverse_cause_event_detection,task748-4eb52805d1894b86b7e1a061072c6d39,False,False,False,False,False,False
seq_lora,task748_glucose_reverse_cause_event_detection,task748-0bffaeab0fe44e21827807172774a7bc,False,False,False,False,False,False
seq_lora,task748_glucose_reverse_cause_event_detection,task748-8ba8fd098a0643188ea5df0a316e7097,False,False,False,False,False,False
seq_lora,task748_glucose_reverse_cause_event_detection,task748-7fccd8af07374aa4aaede63db80c2527,False,False,False,False,False,False
seq_lora,task748_glucose_reverse_cause_event_detection,task748-d9be6a38e74f4c869cdb091c3228ce1e,False,False,False,False,False,False
seq_lora,task748_glucose_reverse_cause_event_detection,task748-127bb8374e1f414c9dc7a3946fffce62,False,False,False,False,False,False
seq_lora,task748_glucose_reverse_cause_event_detection,task748-24b834763d9e42baa054e2beddb17f44,False,False,False,False,False,False
seq_lora,task748_glucose_reverse_cause_event_detection,task748-55d8f389a1034cdebc1762f8d6d24fe2,False,False,False,False,False,False
seq_lora,task748_glucose_reverse_cause_event_detection,task748-4a7c559b28bc4f8f868bb63133639a5f,False,False,False,False,False,False
seq_lora,task748_glucose_reverse_cause_event_detection,task748-8d0e5799cfcc46f98f859c37f42364ee,False,False,False,False,False,False
seq_lora,task748_glucose_reverse_cause_event_detection,task748-2af4fb05bce74640861b1801bd10c235,False,False,False,False,False,False
seq_lora,task748_glucose_reverse_cause_event_detection,task748-83778252e98145d39a7f013f9c668796,False,False,False,False,False,False
seq_lora,task748_glucose_reverse_cause_event_detection,task748-c23205d48e4742889111055c806a4e04,False,False,False,False,False,False
seq_lora,task748_glucose_reverse_cause_event_detection,task748-04b60ac9b7ed42fda02fcdeeea64361c,False,False,False,False,False,False
seq_lora,task748_glucose_reverse_cause_event_detection,task748-5ea78963086442f2a7aaaf1da331929f,False,False,False,False,False,False
seq_lora,task748_glucose_reverse_cause_event_detection,task748-d492e2405df74c0bba53d9ef7f529a92,False,False,False,False,False,False
seq_lora,task748_glucose_reverse_cause_event_detection,task748-1c38e46e7751450e907229320472a6d1,False,False,False,False,False,False
seq_lora,task748_glucose_reverse_cause_event_detection,task748-29f422e6c5bc42c2a9edbdd2d88b146d,False,False,False,False,False,False
seq_lora,medical_mts_dialog_note,mts_test_32,False,False,False,False,False,False
seq_lora,medical_mts_dialog_note,mts_test_24,False,False,False,False,False,False
seq_lora,medical_mts_dialog_note,mts_test_138,False,True,False,True,False,False
seq_lora,medical_mts_dialog_note,mts_test_178,False,True,False,True,False,False
seq_lora,medical_mts_dialog_note,mts_test_122,False,False,False,False,False,False
seq_lora,medical_mts_dialog_note,mts_test_108,False,False,False,False,False,False
seq_lora,medical_mts_dialog_note,mts_test_2,False,False,False,False,False,False
seq_lora,medical_mts_dialog_note,mts_test_165,False,False,False,False,False,False
seq_lora,medical_mts_dialog_note,mts_test_137,False,False,False,False,False,False
seq_lora,medical_mts_dialog_note,mts_test_67,False,False,False,False,False,False
seq_lora,medical_mts_dialog_note,mts_test_52,False,False,False,False,False,False
seq_lora,medical_mts_dialog_note,mts_test_146,False,False,False,False,False,False
seq_lora,medical_mts_dialog_note,mts_test_152,False,False,False,False,False,False
seq_lora,medical_mts_dialog_note,mts_test_172,False,False,False,False,False,False
seq_lora,medical_mts_dialog_note,mts_test_85,False,False,False,False,False,False
seq_lora,medical_mts_dialog_note,mts_test_171,False,False,False,False,False,False
seq_lora,medical_mts_dialog_note,mts_test_53,False,False,False,False,False,False
seq_lora,medical_mts_dialog_note,mts_test_129,False,False,False,False,False,False
seq_lora,medical_mts_dialog_note,mts_test_100,False,False,False,False,False,False
seq_lora,medical_mts_dialog_note,mts_test_65,False,False,False,False,False,False
seq_lora,medical_mts_dialog_note,mts_test_33,False,False,False,False,False,False
seq_lora,medical_mts_dialog_note,mts_test_177,False,False,False,False,False,False
seq_lora,medical_mts_dialog_note,mts_test_61,False,False,False,False,False,False
seq_lora,medical_mts_dialog_note,mts_test_195,False,False,False,False,False,False
seq_lora,medical_mts_dialog_note,mts_test_66,False,False,False,False,False,False
seq_lora,medical_mts_dialog_note,mts_test_64,False,False,False,False,False,False
seq_lora,medical_mts_dialog_note,mts_test_0,False,False,False,False,False,False
seq_lora,medical_mts_dialog_note,mts_test_27,False,True,False,True,False,False
seq_lora,medical_mts_dialog_note,mts_test_192,False,False,False,False,False,False
seq_lora,medical_mts_dialog_note,mts_test_144,False,False,False,False,False,False
seq_lora,medical_mts_dialog_note,mts_test_118,False,False,False,False,False,False
seq_lora,medical_mts_dialog_note,mts_test_126,False,False,False,False,False,False
seq_lora,medical_mts_dialog_note,mts_test_21,False,False,False,False,False,False
seq_lora,medical_mts_dialog_note,mts_test_154,False,False,False,False,False,False
seq_lora,medical_mts_dialog_note,mts_test_13,False,False,False,False,False,False
seq_lora,medical_mts_dialog_note,mts_test_180,False,False,False,False,False,False
seq_lora,medical_mts_dialog_note,mts_test_106,False,False,False,False,False,False
seq_lora,medical_mts_dialog_note,mts_test_10,False,False,False,False,False,False
seq_lora,medical_mts_dialog_note,mts_test_157,False,False,False,False,False,False
seq_lora,medical_mts_dialog_note,mts_test_145,False,False,False,False,False,False
seq_lora,medical_mts_dialog_note,mts_test_104,False,False,False,False,False,False
seq_lora,medical_mts_dialog_note,mts_test_142,False,True,False,True,False,False
seq_lora,medical_mts_dialog_note,mts_test_63,False,False,False,False,False,False
seq_lora,medical_mts_dialog_note,mts_test_44,False,False,False,False,False,False
seq_lora,medical_mts_dialog_note,mts_test_69,False,False,False,False,False,False
seq_lora,medical_mts_dialog_note,mts_test_50,False,False,False,False,False,False
seq_lora,medical_mts_dialog_note,mts_test_86,False,False,False,False,False,False
seq_lora,medical_mts_dialog_note,mts_test_17,False,False,False,False,False,False
seq_lora,medical_mts_dialog_note,mts_test_37,False,False,False,False,False,False
seq_lora,medical_mts_dialog_note,mts_test_89,False,False,False,False,False,False
seq_lora,medical_mts_dialog_note,mts_test_72,False,False,False,False,False,False
seq_lora,medical_mts_dialog_note,mts_test_40,False,False,False,False,False,False
seq_lora,medical_mts_dialog_note,mts_test_14,False,False,False,False,False,False
seq_lora,medical_mts_dialog_note,mts_test_160,False,True,True,True,False,True
seq_lora,medical_mts_dialog_note,mts_test_23,False,False,False,False,False,False
seq_lora,medical_mts_dialog_note,mts_test_76,False,False,False,False,False,False
seq_lora,medical_mts_dialog_note,mts_test_30,False,False,False,False,False,False
seq_lora,medical_mts_dialog_note,mts_test_166,False,False,False,False,False,False
seq_lora,medical_mts_dialog_note,mts_test_163,False,False,False,False,False,False
seq_lora,medical_mts_dialog_note,mts_test_128,False,False,False,False,False,False
seq_lora,medical_mts_dialog_note,mts_test_18,False,False,False,False,False,False
seq_lora,medical_mts_dialog_note,mts_test_115,False,False,False,False,False,False
seq_lora,medical_mts_dialog_note,mts_test_114,False,False,False,False,False,False
seq_lora,medical_mts_dialog_note,mts_test_198,False,False,False,False,False,False
seq_lora,medical_mts_dialog_note,mts_test_151,False,False,False,False,False,False
seq_lora,medical_mts_dialog_note,mts_test_130,False,False,False,False,False,False
seq_lora,medical_mts_dialog_note,mts_test_26,False,False,False,False,False,False
seq_lora,medical_mts_dialog_note,mts_test_173,False,False,False,False,False,False
seq_lora,medical_mts_dialog_note,mts_test_22,False,False,False,False,False,False
seq_lora,medical_mts_dialog_note,mts_test_31,False,False,False,False,False,False
seq_lora,medical_mts_dialog_note,mts_test_99,False,False,False,False,False,False
seq_lora,medical_mts_dialog_note,mts_test_81,False,False,False,False,False,False
seq_lora,medical_mts_dialog_note,mts_test_183,False,False,False,False,False,False
seq_lora,medical_mts_dialog_note,mts_test_181,False,False,False,False,False,False
seq_lora,medical_mts_dialog_note,mts_test_7,False,False,False,False,False,False
seq_lora,medical_mts_dialog_note,mts_test_94,False,False,False,False,False,False
seq_lora,medical_mts_dialog_note,mts_test_43,False,False,False,False,False,False
seq_lora,medical_mts_dialog_note,mts_test_6,False,False,False,False,False,False
seq_lora,medical_mts_dialog_note,mts_test_19,False,False,False,False,False,False
seq_lora,medical_mts_dialog_note,mts_test_159,False,False,False,False,False,False
seq_lora,medical_mts_dialog_note,mts_test_78,False,False,False,False,False,False
seq_lora,medical_mts_dialog_note,mts_test_123,False,False,False,False,False,False
seq_lora,medical_mts_dialog_note,mts_test_42,False,False,False,False,False,False
seq_lora,medical_mts_dialog_note,mts_test_49,False,False,False,False,False,False
seq_lora,medical_mts_dialog_note,mts_test_162,False,False,False,False,False,False
seq_lora,medical_mts_dialog_note,mts_test_127,False,False,False,False,False,False
seq_lora,medical_mts_dialog_note,mts_test_193,False,False,False,False,False,False
seq_lora,medical_mts_dialog_note,mts_test_15,False,False,False,False,False,False
seq_lora,medical_mts_dialog_note,mts_test_48,False,False,False,False,False,False
seq_lora,medical_mts_dialog_note,mts_test_113,False,False,False,False,False,False
seq_lora,medical_mts_dialog_note,mts_test_190,False,False,False,False,False,False
seq_lora,medical_mts_dialog_note,mts_test_68,False,False,False,False,False,False
seq_lora,medical_mts_dialog_note,mts_test_75,False,False,False,False,False,False
seq_lora,medical_mts_dialog_note,mts_test_125,False,False,False,False,False,False
seq_lora,medical_mts_dialog_note,mts_test_131,False,False,False,False,False,False
seq_lora,medical_mts_dialog_note,mts_test_83,False,False,False,False,False,False
seq_lora,medical_mts_dialog_note,mts_test_35,False,False,False,False,False,False
seq_lora,medical_mts_dialog_note,mts_test_1,False,False,False,False,False,False
seq_lora,medical_mts_dialog_note,mts_test_16,False,False,False,False,False,False
seq_lora,medical_mts_dialog_note,mts_test_184,False,False,False,False,False,False
seq_lora,medical_mts_dialog_note,mts_test_47,False,False,False,False,False,False
seq_lora,medical_mts_dialog_note,mts_test_20,False,False,False,False,False,False
seq_lora,medical_mts_dialog_note,mts_test_71,False,False,False,False,False,False
seq_lora,medical_mts_dialog_note,mts_test_46,False,False,False,False,False,False
seq_lora,medical_mts_dialog_note,mts_test_185,False,False,False,False,False,False
seq_lora,medical_mts_dialog_note,mts_test_38,False,False,False,False,False,False
seq_lora,medical_mts_dialog_note,mts_test_169,False,False,False,False,False,False
seq_lora,medical_mts_dialog_note,mts_test_167,False,False,False,False,False,False
seq_lora,medical_mts_dialog_note,mts_test_176,False,False,False,False,False,False
seq_lora,medical_mts_dialog_note,mts_test_150,False,False,False,False,False,False
seq_lora,medical_mts_dialog_note,mts_test_132,False,False,False,False,False,False
seq_lora,medical_mts_dialog_note,mts_test_107,False,False,False,False,False,False
seq_lora,medical_mts_dialog_note,mts_test_182,False,False,False,False,False,False
seq_lora,medical_mts_dialog_note,mts_test_189,False,False,False,False,False,False
seq_lora,medical_mts_dialog_note,mts_test_73,False,False,False,False,False,False
seq_lora,medical_mts_dialog_note,mts_test_112,False,False,False,False,False,False
seq_lora,medical_mts_dialog_note,mts_test_97,False,False,False,False,False,False
seq_lora,medical_mts_dialog_note,mts_test_56,False,False,False,False,False,False
seq_lora,medical_mts_dialog_note,mts_test_133,False,False,False,False,False,False
seq_lora,medical_mts_dialog_note,mts_test_79,False,False,False,False,False,False
seq_lora,medical_mts_dialog_note,mts_test_59,False,False,False,False,False,False
seq_lora,medical_mts_dialog_note,mts_test_39,False,False,False,False,False,False
seq_lora,medical_mts_dialog_note,mts_test_9,False,False,False,False,False,False
seq_lora,medical_mts_dialog_note,mts_test_80,False,False,False,False,False,False
seq_lora,medical_mts_dialog_note,mts_test_155,False,False,False,False,False,False
seq_lora,medical_mts_dialog_note,mts_test_134,False,False,False,False,False,False
seq_lora,medical_mts_dialog_note,mts_test_8,False,False,False,False,False,False
seq_lora,medical_mts_dialog_note,mts_test_135,False,False,False,False,False,False
seq_lora,medical_mts_dialog_note,mts_test_60,False,False,False,False,False,False
seq_lora,medical_mts_dialog_note,mts_test_88,False,False,False,False,False,False
seq_lora,medical_mts_dialog_note,mts_test_124,False,False,False,False,False,False
seq_lora,medical_mts_dialog_note,mts_test_120,False,False,False,False,False,False
seq_lora,medical_mts_dialog_note,mts_test_170,False,False,False,False,False,False
seq_lora,medical_mts_dialog_note,mts_test_110,False,False,False,False,False,False
seq_lora,medical_mts_dialog_note,mts_test_196,False,False,False,False,False,False
seq_lora,medical_mts_dialog_note,mts_test_148,False,False,False,False,False,False
seq_lora,medical_mts_dialog_note,mts_test_51,False,False,False,False,False,False
seq_lora,medical_mts_dialog_note,mts_test_119,False,False,False,False,False,False
seq_lora,medical_mts_dialog_note,mts_test_103,False,False,False,False,False,False
seq_lora,medical_mts_dialog_note,mts_test_82,False,False,False,False,False,False
seq_lora,medical_mts_dialog_note,mts_test_90,False,False,False,False,False,False
seq_lora,medical_mts_dialog_note,mts_test_36,False,False,False,False,False,False
seq_lora,medical_mts_dialog_note,mts_test_29,False,False,False,False,False,False
seq_lora,medical_mts_dialog_note,mts_test_156,False,False,False,False,False,False
seq_lora,medical_mts_dialog_note,mts_test_149,False,False,False,False,False,False
seq_lora,medical_mts_dialog_note,mts_test_12,False,False,False,False,False,False
seq_lora,medical_mts_dialog_note,mts_test_25,False,False,False,False,False,False
seq_lora,medical_mts_dialog_note,mts_test_186,False,False,False,False,False,False
seq_lora,medical_mts_dialog_note,mts_test_91,False,False,False,False,False,False
seq_lora,medical_mts_dialog_note,mts_test_62,False,False,False,False,False,False
seq_lora,medical_mts_dialog_note,mts_test_161,False,False,False,False,False,False
seq_lora,medical_mts_dialog_note,mts_test_98,False,False,False,False,False,False
seq_lora,medical_mts_dialog_note,mts_test_28,False,False,False,False,False,False
seq_lora,medical_mts_dialog_note,mts_test_58,False,False,False,False,False,False
seq_lora,medical_mts_dialog_note,mts_test_187,False,False,False,False,False,False
seq_lora,medical_mts_dialog_note,mts_test_136,False,False,False,False,False,False
seq_lora,medical_mts_dialog_note,mts_test_175,False,False,False,False,False,False
seq_lora,medical_mts_dialog_note,mts_test_96,False,False,False,False,False,False
seq_lora,medical_mts_dialog_note,mts_test_116,False,False,False,False,False,False
seq_lora,medical_mts_dialog_note,mts_test_84,False,False,False,False,False,False
seq_lora,medical_mts_dialog_note,mts_test_3,False,False,False,False,False,False
seq_lora,medical_mts_dialog_note,mts_test_141,False,False,False,False,False,False
seq_lora,medical_mts_dialog_note,mts_test_111,False,False,False,False,False,False
seq_lora,medical_mts_dialog_note,mts_test_194,False,False,False,False,False,False
seq_lora,medical_mts_dialog_note,mts_test_102,False,False,False,False,False,False
seq_lora,medical_mts_dialog_note,mts_test_105,False,False,False,False,False,False
seq_lora,medical_mts_dialog_note,mts_test_41,False,False,False,False,False,False
seq_lora,medical_mts_dialog_note,mts_test_57,False,False,False,False,False,False
seq_lora,medical_mts_dialog_note,mts_test_147,False,False,False,False,False,False
seq_lora,medical_mts_dialog_note,mts_test_87,False,False,False,False,False,False
seq_lora,medical_mts_dialog_note,mts_test_143,False,False,False,False,False,False
seq_lora,medical_mts_dialog_note,mts_test_109,False,True,True,True,False,True
seq_lora,medical_mts_dialog_note,mts_test_153,False,False,False,False,False,False
seq_lora,medical_mts_dialog_note,mts_test_179,False,False,False,False,False,False
seq_lora,medical_mts_dialog_note,mts_test_197,False,False,False,False,False,False
seq_lora,medical_mts_dialog_note,mts_test_140,False,False,False,False,False,False
seq_lora,medical_mts_dialog_note,mts_test_55,False,False,False,False,False,False
seq_lora,medical_mts_dialog_note,mts_test_11,False,False,False,False,False,False
seq_lora,medical_mts_dialog_note,mts_test_77,False,False,False,False,False,False
seq_lora,medical_mts_dialog_note,mts_test_92,False,False,False,False,False,False
seq_lora,medical_mts_dialog_note,mts_test_93,False,False,False,False,False,False
seq_lora,medical_mts_dialog_note,mts_test_34,False,False,False,False,False,False
seq_lora,medical_mts_dialog_note,mts_test_95,False,False,False,False,False,False
seq_lora,medical_mts_dialog_note,mts_test_158,False,False,False,False,False,False
seq_lora,medical_mts_dialog_note,mts_test_74,False,False,False,False,False,False
seq_lora,medical_mts_dialog_note,mts_test_188,False,False,False,False,False,False
seq_lora,medical_mts_dialog_note,mts_test_121,False,False,False,False,False,False
seq_lora,medical_mts_dialog_note,mts_test_54,False,False,False,False,False,False
seq_lora,medical_mts_dialog_note,mts_test_139,False,False,False,False,False,False
seq_lora,medical_mts_dialog_note,mts_test_191,False,False,False,False,False,False
seq_lora,medical_mts_dialog_note,mts_test_164,False,False,False,False,False,False
seq_lora,medical_mts_dialog_note,mts_test_5,False,False,False,False,False,False
seq_lora,medical_mts_dialog_note,mts_test_101,False,False,False,False,False,False
seq_lora,medical_mts_dialog_note,mts_test_45,False,False,False,False,False,False
seq_lora,medical_mts_dialog_note,mts_test_4,False,False,False,False,False,False
seq_lora,medical_mts_dialog_note,mts_test_199,False,False,False,False,False,False
seq_lora,medical_mts_dialog_note,mts_test_174,False,False,False,False,False,False
seq_lora,medical_mts_dialog_note,mts_test_168,False,False,False,False,False,False
seq_lora,medical_mts_dialog_note,mts_test_70,False,False,False,False,False,False
seq_lora,medical_mts_dialog_note,mts_test_117,False,False,False,False,False,False
seq_lora,medical_iu_xray_impression,CXR979,False,False,False,False,False,False
seq_lora,medical_iu_xray_impression,CXR2513,False,False,False,False,False,False
seq_lora,medical_iu_xray_impression,CXR350,False,False,False,False,False,False
seq_lora,medical_iu_xray_impression,CXR1348,False,False,False,False,False,False
seq_lora,medical_iu_xray_impression,CXR3725,False,True,False,True,False,False
seq_lora,medical_iu_xray_impression,CXR3468,False,False,False,False,False,False
seq_lora,medical_iu_xray_impression,CXR3211,False,False,False,False,False,False
seq_lora,medical_iu_xray_impression,CXR297,False,False,False,False,False,False
seq_lora,medical_iu_xray_impression,CXR783,False,False,False,False,False,False
seq_lora,medical_iu_xray_impression,CXR1070,False,False,False,False,False,False
seq_lora,medical_iu_xray_impression,CXR1233,False,False,False,False,False,False
seq_lora,medical_iu_xray_impression,CXR2158,False,False,False,False,False,False
seq_lora,medical_iu_xray_impression,CXR1306,False,False,False,False,False,False
seq_lora,medical_iu_xray_impression,CXR3091,False,False,False,False,False,False
seq_lora,medical_iu_xray_impression,CXR260,False,False,False,False,False,False
seq_lora,medical_iu_xray_impression,CXR1218,False,True,True,True,False,True
seq_lora,medical_iu_xray_impression,CXR930,False,False,False,False,False,False
seq_lora,medical_iu_xray_impression,CXR1593,False,False,False,False,False,False
seq_lora,medical_iu_xray_impression,CXR3369,False,False,False,False,False,False
seq_lora,medical_iu_xray_impression,CXR2797,False,False,False,False,False,False
seq_lora,medical_iu_xray_impression,CXR805,False,False,False,False,False,False
seq_lora,medical_iu_xray_impression,CXR1629,False,False,False,False,False,False
seq_lora,medical_iu_xray_impression,CXR535,False,False,False,False,False,False
seq_lora,medical_iu_xray_impression,CXR2465,False,False,False,False,False,False
seq_lora,medical_iu_xray_impression,CXR2890,False,False,False,False,False,False
seq_lora,medical_iu_xray_impression,CXR14,False,False,False,False,False,False
seq_lora,medical_iu_xray_impression,CXR3332,False,False,False,False,False,False
seq_lora,medical_iu_xray_impression,CXR2139,False,False,False,False,False,False
seq_lora,medical_iu_xray_impression,CXR3455,False,False,False,False,False,False
seq_lora,medical_iu_xray_impression,CXR619,False,False,False,False,False,False
seq_lora,medical_iu_xray_impression,CXR2267,False,False,False,False,False,False
seq_lora,medical_iu_xray_impression,CXR1731,False,True,True,True,False,True
seq_lora,medical_iu_xray_impression,CXR1072,False,False,False,False,False,False
seq_lora,medical_iu_xray_impression,CXR2531,False,False,False,False,False,False
seq_lora,medical_iu_xray_impression,CXR3748,False,False,False,False,False,False
seq_lora,medical_iu_xray_impression,CXR2610,False,False,False,False,False,False
seq_lora,medical_iu_xray_impression,CXR2538,False,False,False,False,False,False
seq_lora,medical_iu_xray_impression,CXR3436,False,False,False,False,False,False
seq_lora,medical_iu_xray_impression,CXR2826,False,False,False,False,False,False
seq_lora,medical_iu_xray_impression,CXR1643,False,False,False,False,False,False
seq_lora,medical_iu_xray_impression,CXR2644,False,False,False,False,False,False
seq_lora,medical_iu_xray_impression,CXR789,False,False,False,False,False,False
seq_lora,medical_iu_xray_impression,CXR1472,False,False,False,False,False,False
seq_lora,medical_iu_xray_impression,CXR692,False,False,False,False,False,False
seq_lora,medical_iu_xray_impression,CXR2746,False,False,False,False,False,False
seq_lora,medical_iu_xray_impression,CXR3565,False,False,False,False,False,False
seq_lora,medical_iu_xray_impression,CXR3494,False,False,False,False,False,False
seq_lora,medical_iu_xray_impression,CXR3905,False,False,False,False,False,False
seq_lora,medical_iu_xray_impression,CXR3339,False,True,False,True,False,False
seq_lora,medical_iu_xray_impression,CXR3456,False,False,False,False,False,False
seq_lora,medical_iu_xray_impression,CXR3787,False,False,False,False,False,False
seq_lora,medical_iu_xray_impression,CXR2056,False,False,False,False,False,False
seq_lora,medical_iu_xray_impression,CXR818,False,False,False,False,False,False
seq_lora,medical_iu_xray_impression,CXR3085,False,True,True,True,False,True
seq_lora,medical_iu_xray_impression,CXR2029,False,False,False,False,False,False
seq_lora,medical_iu_xray_impression,CXR3539,False,False,False,False,False,False
seq_lora,medical_iu_xray_impression,CXR3785,False,False,True,False,False,False
seq_lora,medical_iu_xray_impression,CXR1940,False,True,False,True,False,False
seq_lora,medical_iu_xray_impression,CXR2239,False,False,False,False,False,False
seq_lora,medical_iu_xray_impression,CXR1181,False,False,False,False,False,False
seq_lora,medical_iu_xray_impression,CXR1600,False,False,False,False,False,False
seq_lora,medical_iu_xray_impression,CXR820,False,True,True,True,False,True
seq_lora,medical_iu_xray_impression,CXR1565,False,False,False,False,False,False
seq_lora,medical_iu_xray_impression,CXR2902,False,False,False,False,False,False
seq_lora,medical_iu_xray_impression,CXR2935,False,False,False,False,False,False
seq_lora,medical_iu_xray_impression,CXR199,False,False,False,False,False,False
seq_lora,medical_iu_xray_impression,CXR2546,False,False,False,False,False,False
seq_lora,medical_iu_xray_impression,CXR3217,False,False,False,False,False,False
seq_lora,medical_iu_xray_impression,CXR1436,False,False,False,False,False,False
seq_lora,medical_iu_xray_impression,CXR1012,False,False,False,False,False,False
seq_lora,medical_iu_xray_impression,CXR251,False,False,False,False,False,False
seq_lora,medical_iu_xray_impression,CXR724,False,False,False,False,False,False
seq_lora,medical_iu_xray_impression,CXR2655,False,False,False,False,False,False
seq_lora,medical_iu_xray_impression,CXR1499,False,False,False,False,False,False
seq_lora,medical_iu_xray_impression,CXR1802,False,False,False,False,False,False
seq_lora,medical_iu_xray_impression,CXR3154,False,False,False,False,False,False
seq_lora,medical_iu_xray_impression,CXR3820,False,False,False,False,False,False
seq_lora,medical_iu_xray_impression,CXR2865,False,False,False,False,False,False
seq_lora,medical_iu_xray_impression,CXR1607,False,False,False,False,False,False
seq_lora,medical_iu_xray_impression,CXR404,False,False,False,False,False,False
seq_lora,medical_iu_xray_impression,CXR1571,False,False,False,False,False,False
seq_lora,medical_iu_xray_impression,CXR2021,False,False,False,False,False,False
seq_lora,medical_iu_xray_impression,CXR1235,False,False,False,False,False,False
seq_lora,medical_iu_xray_impression,CXR152,False,False,False,False,False,False
seq_lora,medical_iu_xray_impression,CXR808,False,False,False,False,False,False
seq_lora,medical_iu_xray_impression,CXR3127,False,False,False,False,False,False
seq_lora,medical_iu_xray_impression,CXR3941,False,False,False,False,False,False
seq_lora,medical_iu_xray_impression,CXR636,False,False,False,False,False,False
seq_lora,medical_iu_xray_impression,CXR28,False,False,False,False,False,False
seq_lora,medical_iu_xray_impression,CXR2952,False,False,False,False,False,False
seq_lora,medical_iu_xray_impression,CXR1498,False,False,True,False,False,False
seq_lora,medical_iu_xray_impression,CXR3740,False,False,False,False,False,False
seq_lora,medical_iu_xray_impression,CXR3678,False,False,False,False,False,False
seq_lora,medical_iu_xray_impression,CXR1089,False,False,False,False,False,False
seq_lora,medical_iu_xray_impression,CXR3003,False,True,True,True,False,True
seq_lora,medical_iu_xray_impression,CXR809,False,True,True,True,False,True
seq_lora,medical_iu_xray_impression,CXR1437,False,False,False,False,False,False
seq_lora,medical_iu_xray_impression,CXR2195,False,False,False,False,False,False
seq_lora,medical_iu_xray_impression,CXR1392,False,False,False,False,False,False
seq_lora,medical_iu_xray_impression,CXR3092,False,False,False,False,False,False
seq_lora,medical_iu_xray_impression,CXR1794,False,False,False,False,False,False
seq_lora,medical_iu_xray_impression,CXR689,False,False,False,False,False,False
seq_lora,medical_iu_xray_impression,CXR2206,False,False,False,False,False,False
seq_lora,medical_iu_xray_impression,CXR3541,False,False,False,False,False,False
seq_lora,medical_iu_xray_impression,CXR1035,False,False,False,False,False,False
seq_lora,medical_iu_xray_impression,CXR1098,False,False,False,False,False,False
seq_lora,medical_iu_xray_impression,CXR3028,False,False,False,False,False,False
seq_lora,medical_iu_xray_impression,CXR2907,False,False,False,False,False,False
seq_lora,medical_iu_xray_impression,CXR767,False,False,False,False,False,False
seq_lora,medical_iu_xray_impression,CXR3650,False,False,False,False,False,False
seq_lora,medical_iu_xray_impression,CXR2968,False,False,False,False,False,False
seq_lora,medical_iu_xray_impression,CXR85,False,False,False,False,False,False
seq_lora,medical_iu_xray_impression,CXR1131,False,False,False,False,False,False
seq_lora,medical_iu_xray_impression,CXR397,False,False,False,False,False,False
seq_lora,medical_iu_xray_impression,CXR611,False,False,False,False,False,False
seq_lora,medical_iu_xray_impression,CXR72,False,False,False,False,False,False
seq_lora,medical_iu_xray_impression,CXR371,False,False,False,False,False,False
seq_lora,medical_iu_xray_impression,CXR2307,False,False,False,False,False,False
seq_lora,medical_iu_xray_impression,CXR3856,False,False,False,False,False,False
seq_lora,medical_iu_xray_impression,CXR1100,False,False,False,False,False,False
seq_lora,medical_iu_xray_impression,CXR740,False,False,False,False,False,False
seq_lora,medical_iu_xray_impression,CXR3230,False,False,False,False,False,False
seq_lora,medical_iu_xray_impression,CXR2192,False,False,False,False,False,False
seq_lora,medical_iu_xray_impression,CXR1407,False,False,False,False,False,False
seq_lora,medical_iu_xray_impression,CXR2464,False,False,False,False,False,False
seq_lora,medical_iu_xray_impression,CXR417,False,False,False,False,False,False
seq_lora,medical_iu_xray_impression,CXR1256,False,False,False,False,False,False
seq_lora,medical_iu_xray_impression,CXR3689,False,False,False,False,False,False
seq_lora,medical_iu_xray_impression,CXR1340,False,False,False,False,False,False
seq_lora,medical_iu_xray_impression,CXR1419,False,False,False,False,False,False
seq_lora,medical_iu_xray_impression,CXR2570,False,False,False,False,False,False
seq_lora,medical_iu_xray_impression,CXR1879,False,False,False,False,False,False
seq_lora,medical_iu_xray_impression,CXR1034,False,False,False,False,False,False
seq_lora,medical_iu_xray_impression,CXR1881,False,False,False,False,False,False
seq_lora,medical_iu_xray_impression,CXR1513,False,False,False,False,False,False
seq_lora,medical_iu_xray_impression,CXR1289,False,False,False,False,False,False
seq_lora,medical_iu_xray_impression,CXR430,False,False,False,False,False,False
seq_lora,medical_iu_xray_impression,CXR2696,False,False,False,False,False,False
seq_lora,medical_iu_xray_impression,CXR984,False,False,False,False,False,False
seq_lora,medical_iu_xray_impression,CXR3683,False,False,False,False,False,False
seq_lora,medical_iu_xray_impression,CXR2271,False,False,False,False,False,False
seq_lora,medical_iu_xray_impression,CXR1645,False,False,False,False,False,False
seq_lora,medical_iu_xray_impression,CXR2622,False,True,True,True,False,True
seq_lora,medical_iu_xray_impression,CXR3018,False,False,False,False,False,False
seq_lora,medical_iu_xray_impression,CXR2309,False,False,False,False,False,False
seq_lora,medical_iu_xray_impression,CXR3847,False,False,False,False,False,False
seq_lora,medical_iu_xray_impression,CXR819,False,False,False,False,False,False
seq_lora,medical_iu_xray_impression,CXR521,False,False,False,False,False,False
seq_lora,medical_iu_xray_impression,CXR591,False,False,False,False,False,False
seq_lora,medical_iu_xray_impression,CXR1154,False,False,False,False,False,False
seq_lora,medical_iu_xray_impression,CXR1467,False,True,True,True,False,True
seq_lora,medical_iu_xray_impression,CXR2241,False,False,False,False,False,False
seq_lora,medical_iu_xray_impression,CXR1077,False,False,False,False,False,False
seq_lora,medical_iu_xray_impression,CXR2628,False,False,False,False,False,False
seq_lora,medical_iu_xray_impression,CXR1124,False,False,False,False,False,False
seq_lora,medical_iu_xray_impression,CXR2416,False,False,False,False,False,False
seq_lora,medical_iu_xray_impression,CXR2578,False,False,False,False,False,False
seq_lora,medical_iu_xray_impression,CXR370,False,False,False,False,False,False
seq_lora,medical_iu_xray_impression,CXR1474,False,False,False,False,False,False
seq_lora,medical_iu_xray_impression,CXR1753,False,False,False,False,False,False
seq_lora,medical_iu_xray_impression,CXR1290,False,False,False,False,False,False
seq_lora,medical_iu_xray_impression,CXR2646,False,False,False,False,False,False
seq_lora,medical_iu_xray_impression,CXR2858,False,False,False,False,False,False
seq_lora,medical_iu_xray_impression,CXR1526,False,False,False,False,False,False
seq_lora,medical_iu_xray_impression,CXR1050,False,False,False,False,False,False
seq_lora,medical_iu_xray_impression,CXR3206,False,False,False,False,False,False
seq_lora,medical_iu_xray_impression,CXR1584,False,False,False,False,False,False
seq_lora,medical_iu_xray_impression,CXR3184,False,True,True,True,False,True
seq_lora,medical_iu_xray_impression,CXR3045,False,False,False,False,False,False
seq_lora,medical_iu_xray_impression,CXR1939,False,False,False,False,False,False
seq_lora,medical_iu_xray_impression,CXR916,False,False,False,False,False,False
seq_lora,medical_iu_xray_impression,CXR1724,False,False,False,False,False,False
seq_lora,medical_iu_xray_impression,CXR2840,False,False,False,False,False,False
seq_lora,medical_iu_xray_impression,CXR87,False,False,False,False,False,False
seq_lora,medical_iu_xray_impression,CXR2477,False,False,False,False,False,False
seq_lora,medical_iu_xray_impression,CXR3118,False,False,False,False,False,False
seq_lora,medical_iu_xray_impression,CXR2382,False,False,False,False,False,False
seq_lora,medical_iu_xray_impression,CXR2023,False,False,False,False,False,False
seq_lora,medical_iu_xray_impression,CXR1656,False,False,False,False,False,False
seq_lora,medical_iu_xray_impression,CXR3960,False,True,True,True,False,True
seq_lora,medical_iu_xray_impression,CXR1572,False,False,False,False,False,False
seq_lora,medical_iu_xray_impression,CXR3044,False,False,False,False,False,False
seq_lora,medical_iu_xray_impression,CXR569,False,False,False,False,False,False
seq_lora,medical_iu_xray_impression,CXR1268,False,False,False,False,False,False
seq_lora,medical_iu_xray_impression,CXR1288,False,False,False,False,False,False
seq_lora,medical_iu_xray_impression,CXR2961,False,False,False,False,False,False
seq_lora,medical_iu_xray_impression,CXR3507,False,False,False,False,False,False
seq_lora,medical_iu_xray_impression,CXR3773,False,False,False,False,False,False
seq_lora,medical_iu_xray_impression,CXR2813,False,False,False,False,False,False
seq_lora,medical_iu_xray_impression,CXR1769,False,False,False,False,False,False
seq_lora,medical_iu_xray_impression,CXR1514,False,False,False,False,False,False
seq_lora,medical_iu_xray_impression,CXR3485,False,False,False,False,False,False
seq_lora,medical_iu_xray_impression,CXR1273,False,False,False,False,False,False
seq_lora,medical_iu_xray_impression,CXR3988,False,False,False,False,False,False
seq_lora,medical_iu_xray_impression,CXR699,False,False,False,False,False,False
seq_lora,medical_iu_xray_impression,CXR3130,False,False,False,False,False,False
seq_lora,medical_iu_xray_impression,CXR1369,False,False,False,False,False,False
seq_lora,medical_iu_xray_impression,CXR851,False,False,False,False,False,False
seq_lora,medical_iu_xray_impression,CXR3942,False,False,False,False,False,False
seq_lora,medical_iu_xray_impression,CXR1673,False,True,True,True,False,True
seq_lora,natural_vqav2,vqav2_388829000,True,True,True,False,False,False
seq_lora,natural_vqav2,vqav2_356949000,True,True,True,False,False,False
seq_lora,natural_vqav2,vqav2_539937000,True,True,True,False,False,False
seq_lora,natural_vqav2,vqav2_182236000,False,False,False,False,False,False
seq_lora,natural_vqav2,vqav2_490702000,True,True,True,False,False,False
seq_lora,natural_vqav2,vqav2_146042000,False,False,False,False,False,False
seq_lora,natural_vqav2,vqav2_251785000,True,True,True,False,False,False
seq_lora,natural_vqav2,vqav2_89880000,True,False,False,False,True,False
seq_lora,natural_vqav2,vqav2_123410000,True,True,True,False,False,False
seq_lora,natural_vqav2,vqav2_125404000,True,True,True,False,False,False
seq_lora,natural_vqav2,vqav2_248400000,True,True,True,False,False,False
seq_lora,natural_vqav2,vqav2_563185000,True,True,True,False,False,False
seq_lora,natural_vqav2,vqav2_343606000,True,True,True,False,False,False
seq_lora,natural_vqav2,vqav2_70332000,False,False,False,False,False,False
seq_lora,natural_vqav2,vqav2_352151000,True,True,True,False,False,False
seq_lora,natural_vqav2,vqav2_138124000,True,True,True,False,False,False
seq_lora,natural_vqav2,vqav2_272718000,True,True,True,False,False,False
seq_lora,natural_vqav2,vqav2_228541000,True,True,True,False,False,False
seq_lora,natural_vqav2,vqav2_207059000,True,True,True,False,False,False
seq_lora,natural_vqav2,vqav2_1369000,True,True,True,False,False,False
seq_lora,natural_vqav2,vqav2_471641000,True,True,True,False,False,False
seq_lora,natural_vqav2,vqav2_550477000,True,True,True,False,False,False
seq_lora,natural_vqav2,vqav2_30012000,True,True,True,False,False,False
seq_lora,natural_vqav2,vqav2_227882000,True,True,True,False,False,False
seq_lora,natural_vqav2,vqav2_191691000,True,True,True,False,False,False
seq_lora,natural_vqav2,vqav2_137658000,True,True,False,False,False,False
seq_lora,natural_vqav2,vqav2_210144000,True,True,True,False,False,False
seq_lora,natural_vqav2,vqav2_81782000,True,True,True,False,False,False
seq_lora,natural_vqav2,vqav2_362714000,True,True,True,False,False,False
seq_lora,natural_vqav2,vqav2_54355000,True,True,True,False,False,False
seq_lora,natural_vqav2,vqav2_357899000,True,True,True,False,False,False
seq_lora,natural_vqav2,vqav2_450217000,True,True,True,False,False,False
seq_lora,natural_vqav2,vqav2_395182000,True,True,True,False,False,False
seq_lora,natural_vqav2,vqav2_169436000,True,True,True,False,False,False
seq_lora,natural_vqav2,vqav2_291834000,True,True,True,False,False,False
seq_lora,natural_vqav2,vqav2_145750000,True,False,False,False,True,False
seq_lora,natural_vqav2,vqav2_438046000,True,True,True,False,False,False
seq_lora,natural_vqav2,vqav2_357816000,False,False,False,False,False,False
seq_lora,natural_vqav2,vqav2_366137000,True,True,True,False,False,False
seq_lora,natural_vqav2,vqav2_219075000,True,True,True,False,False,False
seq_lora,natural_vqav2,vqav2_258516000,False,False,False,False,False,False
seq_lora,natural_vqav2,vqav2_431256000,True,True,True,False,False,False
seq_lora,natural_vqav2,vqav2_553847000,True,True,True,False,False,False
seq_lora,natural_vqav2,vqav2_546642000,True,True,True,False,False,False
seq_lora,natural_vqav2,vqav2_542962000,True,True,True,False,False,False
seq_lora,natural_vqav2,vqav2_302893000,False,False,False,False,False,False
seq_lora,natural_vqav2,vqav2_494179000,False,False,False,False,False,False
seq_lora,natural_vqav2,vqav2_462953000,True,True,True,False,False,False
seq_lora,natural_vqav2,vqav2_235832000,True,True,True,False,False,False
seq_lora,natural_vqav2,vqav2_346641000,True,True,True,False,False,False
seq_lora,natural_vqav2,vqav2_461993000,True,True,True,False,False,False
seq_lora,natural_vqav2,vqav2_17198000,True,True,True,False,False,False
seq_lora,natural_vqav2,vqav2_179793000,True,True,True,False,False,False
seq_lora,natural_vqav2,vqav2_367128000,False,False,False,False,False,False
seq_lora,natural_vqav2,vqav2_311902000,True,True,True,False,False,False
seq_lora,natural_vqav2,vqav2_488789000,False,True,False,True,False,False
seq_lora,natural_vqav2,vqav2_287506000,False,False,False,False,False,False
seq_lora,natural_vqav2,vqav2_21452000,False,True,True,True,False,True
seq_lora,natural_vqav2,vqav2_264420000,True,True,True,False,False,False
seq_lora,natural_vqav2,vqav2_189365000,True,True,True,False,False,False
seq_lora,natural_vqav2,vqav2_296797000,True,True,True,False,False,False
seq_lora,natural_vqav2,vqav2_421401000,True,False,False,False,True,False
seq_lora,natural_vqav2,vqav2_25508000,True,True,True,False,False,False
seq_lora,natural_vqav2,vqav2_138653000,True,True,True,False,False,False
seq_lora,natural_vqav2,vqav2_376209000,True,True,True,False,False,False
seq_lora,natural_vqav2,vqav2_208549000,True,True,True,False,False,False
seq_lora,natural_vqav2,vqav2_178606000,True,True,True,False,False,False
seq_lora,natural_vqav2,vqav2_295756000,True,True,True,False,False,False
seq_lora,natural_vqav2,vqav2_541132000,False,False,False,False,False,False
seq_lora,natural_vqav2,vqav2_239808000,True,True,True,False,False,False
seq_lora,natural_vqav2,vqav2_135846000,True,False,False,False,True,False
seq_lora,natural_vqav2,vqav2_547858000,False,False,False,False,False,False
seq_lora,natural_vqav2,vqav2_391642000,True,True,True,False,False,False
seq_lora,natural_vqav2,vqav2_527163000,False,False,False,False,False,False
seq_lora,natural_vqav2,vqav2_2685000,True,True,True,False,False,False
seq_lora,natural_vqav2,vqav2_467973000,True,True,True,False,False,False
seq_lora,natural_vqav2,vqav2_206922000,True,True,True,False,False,False
seq_lora,natural_vqav2,vqav2_232115000,False,False,False,False,False,False
seq_lora,natural_vqav2,vqav2_84163000,True,True,True,False,False,False
seq_lora,natural_vqav2,vqav2_403907000,True,True,True,False,False,False
seq_lora,natural_vqav2,vqav2_246809000,True,True,True,False,False,False
seq_lora,natural_vqav2,vqav2_63958000,True,True,True,False,False,False
seq_lora,natural_vqav2,vqav2_492057000,False,True,True,True,False,True
seq_lora,natural_vqav2,vqav2_342271000,True,True,True,False,False,False
seq_lora,natural_vqav2,vqav2_546976000,True,True,True,False,False,False
seq_lora,natural_vqav2,vqav2_477820000,True,True,True,False,False,False
seq_lora,natural_vqav2,vqav2_400567000,True,True,True,False,False,False
seq_lora,natural_vqav2,vqav2_263351000,True,True,True,False,False,False
seq_lora,natural_vqav2,vqav2_419144000,True,True,True,False,False,False
seq_lora,natural_vqav2,vqav2_537574000,True,True,True,False,False,False
seq_lora,natural_vqav2,vqav2_476491000,True,True,True,False,False,False
seq_lora,natural_vqav2,vqav2_378548000,True,True,True,False,False,False
seq_lora,natural_vqav2,vqav2_115793000,True,True,True,False,False,False
seq_lora,natural_vqav2,vqav2_560312000,True,True,True,False,False,False
seq_lora,natural_vqav2,vqav2_205834000,True,True,True,False,False,False
seq_lora,natural_vqav2,vqav2_521285000,True,True,True,False,False,False
seq_lora,natural_vqav2,vqav2_345560000,True,True,True,False,False,False
seq_lora,natural_vqav2,vqav2_134328000,True,True,True,False,False,False
seq_lora,natural_vqav2,vqav2_233140000,False,False,False,False,False,False
seq_lora,natural_vqav2,vqav2_400994000,True,True,True,False,False,False
seq_lora,natural_vqav2,vqav2_249785000,True,True,True,False,False,False
seq_lora,natural_vqav2,vqav2_16733000,True,True,True,False,False,False
seq_lora,natural_vqav2,vqav2_441468000,True,True,True,False,False,False
seq_lora,natural_vqav2,vqav2_475159000,False,False,False,False,False,False
seq_lora,natural_vqav2,vqav2_366295000,True,True,True,False,False,False
seq_lora,natural_vqav2,vqav2_283380000,True,True,True,False,False,False
seq_lora,natural_vqav2,vqav2_37367000,True,True,True,False,False,False
seq_lora,natural_vqav2,vqav2_506224000,True,True,True,False,False,False
seq_lora,natural_vqav2,vqav2_363830000,True,True,True,False,False,False
seq_lora,natural_vqav2,vqav2_23895000,True,True,True,False,False,False
seq_lora,natural_vqav2,vqav2_492420000,True,True,True,False,False,False
seq_lora,natural_vqav2,vqav2_208050000,True,True,True,False,False,False
seq_lora,natural_vqav2,vqav2_510636000,True,True,True,False,False,False
seq_lora,natural_vqav2,vqav2_102644000,True,True,True,False,False,False
seq_lora,natural_vqav2,vqav2_331937000,True,True,True,False,False,False
seq_lora,natural_vqav2,vqav2_305873000,True,True,True,False,False,False
seq_lora,natural_vqav2,vqav2_555009000,True,True,True,False,False,False
seq_lora,natural_vqav2,vqav2_553747000,True,True,True,False,False,False
seq_lora,natural_vqav2,vqav2_390841000,True,True,True,False,False,False
seq_lora,natural_vqav2,vqav2_282296000,True,True,True,False,False,False
seq_lora,natural_vqav2,vqav2_431746000,True,True,True,False,False,False
seq_lora,natural_vqav2,vqav2_71549000,False,True,True,True,False,True
seq_lora,natural_vqav2,vqav2_542856000,True,True,False,False,False,False
seq_lora,natural_vqav2,vqav2_415714000,True,True,True,False,False,False
seq_lora,natural_vqav2,vqav2_460837000,True,True,True,False,False,False
seq_lora,natural_vqav2,vqav2_213162000,True,True,True,False,False,False
seq_lora,natural_vqav2,vqav2_261779000,False,False,False,False,False,False
seq_lora,natural_vqav2,vqav2_505845000,True,True,True,False,False,False
seq_lora,natural_vqav2,vqav2_271143000,False,True,True,True,False,True
seq_lora,natural_vqav2,vqav2_496379000,True,True,True,False,False,False
seq_lora,natural_vqav2,vqav2_222283000,True,True,True,False,False,False
seq_lora,natural_vqav2,vqav2_415647000,True,True,True,False,False,False
seq_lora,natural_vqav2,vqav2_289640000,True,True,True,False,False,False
seq_lora,natural_vqav2,vqav2_391371000,True,True,True,False,False,False
seq_lora,natural_vqav2,vqav2_35807000,True,True,True,False,False,False
seq_lora,natural_vqav2,vqav2_568611000,True,True,True,False,False,False
seq_lora,natural_vqav2,vqav2_90448000,True,True,True,False,False,False
seq_lora,natural_vqav2,vqav2_128110000,True,True,True,False,False,False
seq_lora,natural_vqav2,vqav2_170041000,True,True,True,False,False,False
seq_lora,natural_vqav2,vqav2_227884000,True,True,True,False,False,False
seq_lora,natural_vqav2,vqav2_8589000,True,True,True,False,False,False
seq_lora,natural_vqav2,vqav2_431897000,False,True,False,True,False,False
seq_lora,natural_vqav2,vqav2_360540000,True,True,True,False,False,False
seq_lora,natural_vqav2,vqav2_294487000,True,True,True,False,False,False
seq_lora,natural_vqav2,vqav2_68814000,True,True,True,False,False,False
seq_lora,natural_vqav2,vqav2_411241000,True,True,True,False,False,False
seq_lora,natural_vqav2,vqav2_476939000,True,True,True,False,False,False
seq_lora,natural_vqav2,vqav2_454161000,True,True,True,False,False,False
seq_lora,natural_vqav2,vqav2_7253000,True,True,True,False,False,False
seq_lora,natural_vqav2,vqav2_132024000,True,True,True,False,False,False
seq_lora,natural_vqav2,vqav2_308235000,True,True,True,False,False,False
seq_lora,natural_vqav2,vqav2_13420000,True,True,True,False,False,False
seq_lora,natural_vqav2,vqav2_328728000,True,True,True,False,False,False
seq_lora,natural_vqav2,vqav2_21971000,True,True,True,False,False,False
seq_lora,natural_vqav2,vqav2_432657000,True,True,True,False,False,False
seq_lora,natural_vqav2,vqav2_185432000,False,False,False,False,False,False
seq_lora,natural_vqav2,vqav2_158279000,True,True,True,False,False,False
seq_lora,natural_vqav2,vqav2_117374000,True,True,True,False,False,False
seq_lora,natural_vqav2,vqav2_214349000,True,True,True,False,False,False
seq_lora,natural_vqav2,vqav2_365385000,True,True,True,False,False,False
seq_lora,natural_vqav2,vqav2_51500000,True,True,True,False,False,False
seq_lora,natural_vqav2,vqav2_111086000,True,True,True,False,False,False
seq_lora,natural_vqav2,vqav2_543719000,True,True,True,False,False,False
seq_lora,natural_vqav2,vqav2_262987000,True,True,True,False,False,False
seq_lora,natural_vqav2,vqav2_484938000,True,True,True,False,False,False
seq_lora,natural_vqav2,vqav2_27440000,False,False,False,False,False,False
seq_lora,natural_vqav2,vqav2_120285000,True,True,True,False,False,False
seq_lora,natural_vqav2,vqav2_120388000,True,True,True,False,False,False
seq_lora,natural_vqav2,vqav2_522443000,False,True,True,True,False,True
seq_lora,natural_vqav2,vqav2_489248000,True,True,True,False,False,False
seq_lora,natural_vqav2,vqav2_354278000,True,True,True,False,False,False
seq_lora,natural_vqav2,vqav2_194411000,True,True,True,False,False,False
seq_lora,natural_vqav2,vqav2_494855000,True,True,True,False,False,False
seq_lora,natural_vqav2,vqav2_563605000,True,True,True,False,False,False
seq_lora,natural_vqav2,vqav2_574402000,True,True,True,False,False,False
seq_lora,natural_vqav2,vqav2_518249000,False,False,False,False,False,False
seq_lora,natural_vqav2,vqav2_468121000,True,True,True,False,False,False
seq_lora,natural_vqav2,vqav2_194216000,True,True,True,False,False,False
seq_lora,natural_vqav2,vqav2_337180000,False,False,False,False,False,False
seq_lora,natural_vqav2,vqav2_417410000,True,True,True,False,False,False
seq_lora,natural_vqav2,vqav2_418070000,True,True,True,False,False,False
seq_lora,natural_vqav2,vqav2_402410000,True,True,True,False,False,False
seq_lora,natural_vqav2,vqav2_491947000,True,True,True,False,False,False
seq_lora,natural_vqav2,vqav2_430467000,True,True,True,False,False,False
seq_lora,natural_vqav2,vqav2_160820000,True,True,True,False,False,False
seq_lora,natural_vqav2,vqav2_268018000,True,True,True,False,False,False
seq_lora,natural_vqav2,vqav2_162685000,True,True,True,False,False,False
seq_lora,natural_vqav2,vqav2_213453000,True,True,True,False,False,False
seq_lora,natural_vqav2,vqav2_134290000,True,True,True,False,False,False
seq_lora,natural_vqav2,vqav2_118507000,True,True,True,False,False,False
seq_lora,natural_vqav2,vqav2_80974000,True,True,True,False,False,False
seq_lora,natural_vqav2,vqav2_87419000,False,False,False,False,False,False
seq_lora,natural_vqav2,vqav2_349616000,True,True,True,False,False,False
seq_lora,natural_vqav2,vqav2_253421000,True,True,True,False,False,False
seq_lora,natural_vqav2,vqav2_191687000,True,True,False,False,False,False
seq_lora,natural_vqav2,vqav2_279176000,True,True,True,False,False,False
seq_lora,natural_vqav2,vqav2_505818000,True,True,True,False,False,False
seq_lora,natural_vqav2,vqav2_154057000,True,True,True,False,False,False
seq_lora,natural_vqav2,vqav2_324500000,True,True,True,False,False,False
seq_lora,natural_vqav2,vqav2_555942000,False,False,False,False,False,False
seq_lora,medical_vqa_rad,vqarad_0001,False,True,True,True,False,True
seq_lora,medical_vqa_rad,vqarad_0002,True,True,True,False,False,False
seq_lora,medical_vqa_rad,vqarad_0004,True,True,True,False,False,False
seq_lora,medical_vqa_rad,vqarad_0012,True,True,True,False,False,False
seq_lora,medical_vqa_rad,vqarad_0018,True,True,True,False,False,False
seq_lora,medical_vqa_rad,vqarad_0019,False,False,False,False,False,False
seq_lora,medical_vqa_rad,vqarad_0025,False,True,True,True,False,True
seq_lora,medical_vqa_rad,vqarad_0033,True,True,True,False,False,False
seq_lora,medical_vqa_rad,vqarad_0034,True,True,True,False,False,False
seq_lora,medical_vqa_rad,vqarad_0035,False,True,True,True,False,True
seq_lora,medical_vqa_rad,vqarad_0036,False,True,True,True,False,True
seq_lora,medical_vqa_rad,vqarad_0039,True,False,False,False,True,False
seq_lora,medical_vqa_rad,vqarad_0040,True,True,True,False,False,False
seq_lora,medical_vqa_rad,vqarad_0043,True,True,True,False,False,False
seq_lora,medical_vqa_rad,vqarad_0044,True,False,False,False,True,False
seq_lora,medical_vqa_rad,vqarad_0047,False,False,False,False,False,False
seq_lora,medical_vqa_rad,vqarad_0048,False,True,True,True,False,True
seq_lora,medical_vqa_rad,vqarad_0056,False,False,False,False,False,False
seq_lora,medical_vqa_rad,vqarad_0057,False,False,False,False,False,False
seq_lora,medical_vqa_rad,vqarad_0060,False,False,False,False,False,False
seq_lora,medical_vqa_rad,vqarad_0061,True,True,True,False,False,False
seq_lora,medical_vqa_rad,vqarad_0071,True,False,False,False,True,False
seq_lora,medical_vqa_rad,vqarad_0072,True,False,False,False,True,False
seq_lora,medical_vqa_rad,vqarad_0082,True,True,True,False,False,False
seq_lora,medical_vqa_rad,vqarad_0083,False,False,False,False,False,False
seq_lora,medical_vqa_rad,vqarad_0084,True,True,True,False,False,False
seq_lora,medical_vqa_rad,vqarad_0085,True,True,True,False,False,False
seq_lora,medical_vqa_rad,vqarad_0122,True,True,True,False,False,False
seq_lora,medical_vqa_rad,vqarad_0125,True,True,True,False,False,False
seq_lora,medical_vqa_rad,vqarad_0126,True,False,False,False,True,False
seq_lora,medical_vqa_rad,vqarad_0130,True,True,True,False,False,False
seq_lora,medical_vqa_rad,vqarad_0131,False,False,False,False,False,False
seq_lora,medical_vqa_rad,vqarad_0142,True,True,True,False,False,False
seq_lora,medical_vqa_rad,vqarad_0147,True,False,False,False,True,False
seq_lora,medical_vqa_rad,vqarad_0148,True,False,False,False,True,False
seq_lora,medical_vqa_rad,vqarad_0151,True,True,True,False,False,False
seq_lora,medical_vqa_rad,vqarad_0152,True,True,True,False,False,False
seq_lora,medical_vqa_rad,vqarad_0153,True,False,False,False,True,False
seq_lora,medical_vqa_rad,vqarad_0154,True,True,True,False,False,False
seq_lora,medical_vqa_rad,vqarad_0164,True,True,True,False,False,False
seq_lora,medical_vqa_rad,vqarad_0203,True,False,False,False,True,False
seq_lora,medical_vqa_rad,vqarad_0204,True,False,False,False,True,False
seq_lora,medical_vqa_rad,vqarad_0296,False,False,False,False,False,False
seq_lora,medical_vqa_rad,vqarad_0297,False,False,False,False,False,False
seq_lora,medical_vqa_rad,vqarad_0310,False,False,False,False,False,False
seq_lora,medical_vqa_rad,vqarad_0311,False,False,False,False,False,False
seq_lora,medical_vqa_rad,vqarad_0322,False,True,True,True,False,True
seq_lora,medical_vqa_rad,vqarad_0323,False,False,False,False,False,False
seq_lora,medical_vqa_rad,vqarad_0324,False,False,False,False,False,False
seq_lora,medical_vqa_rad,vqarad_0325,True,False,False,False,True,False
seq_lora,medical_vqa_rad,vqarad_0326,True,True,True,False,False,False
seq_lora,medical_vqa_rad,vqarad_0327,True,True,True,False,False,False
seq_lora,medical_vqa_rad,vqarad_0328,True,True,True,False,False,False
seq_lora,medical_vqa_rad,vqarad_0331,False,False,False,False,False,False
seq_lora,medical_vqa_rad,vqarad_0332,True,True,True,False,False,False
seq_lora,medical_vqa_rad,vqarad_0352,False,False,False,False,False,False
seq_lora,medical_vqa_rad,vqarad_0353,True,True,True,False,False,False
seq_lora,medical_vqa_rad,vqarad_0354,True,True,True,False,False,False
seq_lora,medical_vqa_rad,vqarad_0355,True,True,True,False,False,False
seq_lora,medical_vqa_rad,vqarad_0356,False,True,True,True,False,True
seq_lora,medical_vqa_rad,vqarad_0357,False,True,True,True,False,True
seq_lora,medical_vqa_rad,vqarad_0358,True,True,True,False,False,False
seq_lora,medical_vqa_rad,vqarad_0359,True,True,True,False,False,False
seq_lora,medical_vqa_rad,vqarad_0360,False,False,False,False,False,False
seq_lora,medical_vqa_rad,vqarad_0361,False,False,False,False,False,False
seq_lora,medical_vqa_rad,vqarad_0362,True,True,True,False,False,False
seq_lora,medical_vqa_rad,vqarad_0370,True,True,True,False,False,False
seq_lora,medical_vqa_rad,vqarad_0371,False,False,False,False,False,False
seq_lora,medical_vqa_rad,vqarad_0374,False,True,True,True,False,True
seq_lora,medical_vqa_rad,vqarad_0375,False,False,False,False,False,False
seq_lora,medical_vqa_rad,vqarad_0376,True,True,True,False,False,False
seq_lora,medical_vqa_rad,vqarad_0377,True,True,True,False,False,False
seq_lora,medical_vqa_rad,vqarad_0380,False,False,False,False,False,False
seq_lora,medical_vqa_rad,vqarad_0398,True,True,True,False,False,False
seq_lora,medical_vqa_rad,vqarad_0399,False,False,False,False,False,False
seq_lora,medical_vqa_rad,vqarad_0400,False,False,False,False,False,False
seq_lora,medical_vqa_rad,vqarad_0407,True,False,False,False,True,False
seq_lora,medical_vqa_rad,vqarad_0408,False,False,False,False,False,False
seq_lora,medical_vqa_rad,vqarad_0409,False,False,False,False,False,False
seq_lora,medical_vqa_rad,vqarad_0412,False,True,True,True,False,True
seq_lora,medical_vqa_rad,vqarad_0418,False,False,False,False,False,False
seq_lora,medical_vqa_rad,vqarad_0419,True,True,True,False,False,False
seq_lora,medical_vqa_rad,vqarad_0420,False,False,False,False,False,False
seq_lora,medical_vqa_rad,vqarad_0421,False,False,False,False,False,False
seq_lora,medical_vqa_rad,vqarad_0422,False,False,False,False,False,False
seq_lora,medical_vqa_rad,vqarad_0423,False,False,False,False,False,False
seq_lora,medical_vqa_rad,vqarad_0430,True,True,True,False,False,False
seq_lora,medical_vqa_rad,vqarad_0431,True,True,True,False,False,False
seq_lora,medical_vqa_rad,vqarad_0436,False,True,True,True,False,True
seq_lora,medical_vqa_rad,vqarad_0437,True,True,True,False,False,False
seq_lora,medical_vqa_rad,vqarad_0447,False,False,False,False,False,False
seq_lora,medical_vqa_rad,vqarad_0448,False,True,True,True,False,True
seq_lora,medical_vqa_rad,vqarad_0454,False,False,False,False,False,False
seq_lora,medical_vqa_rad,vqarad_0455,True,False,False,False,True,False
seq_lora,medical_vqa_rad,vqarad_0461,False,False,False,False,False,False
seq_lora,medical_vqa_rad,vqarad_0463,False,True,True,True,False,True
seq_lora,medical_vqa_rad,vqarad_0467,False,True,True,True,False,True
seq_lora,medical_vqa_rad,vqarad_0468,False,False,False,False,False,False
seq_lora,medical_vqa_rad,vqarad_0471,False,True,True,True,False,True
seq_lora,medical_vqa_rad,vqarad_0473,True,True,True,False,False,False
seq_lora,medical_vqa_rad,vqarad_0480,False,True,True,True,False,True
seq_lora,medical_vqa_rad,vqarad_0481,False,False,False,False,False,False
seq_lora,medical_vqa_rad,vqarad_0485,False,True,True,True,False,True
seq_lora,medical_vqa_rad,vqarad_0487,False,False,False,False,False,False
seq_lora,medical_vqa_rad,vqarad_0489,False,False,False,False,False,False
seq_lora,medical_vqa_rad,vqarad_0492,False,True,True,True,False,True
seq_lora,medical_vqa_rad,vqarad_0494,False,True,True,True,False,True
seq_lora,medical_vqa_rad,vqarad_0497,False,False,False,False,False,False
seq_lora,medical_vqa_rad,vqarad_0499,False,True,True,True,False,True
seq_lora,medical_vqa_rad,vqarad_0502,True,True,True,False,False,False
seq_lora,medical_vqa_rad,vqarad_0503,False,True,True,True,False,True
seq_lora,medical_vqa_rad,vqarad_0504,False,False,False,False,False,False
seq_lora,medical_vqa_rad,vqarad_0516,True,False,False,False,True,False
seq_lora,medical_vqa_rad,vqarad_0517,False,False,False,False,False,False
seq_lora,medical_vqa_rad,vqarad_0528,False,False,False,False,False,False
seq_lora,medical_vqa_rad,vqarad_0529,False,False,False,False,False,False
seq_lora,medical_vqa_rad,vqarad_0536,False,False,False,False,False,False
seq_lora,medical_vqa_rad,vqarad_0539,True,True,True,False,False,False
seq_lora,medical_vqa_rad,vqarad_0546,False,False,False,False,False,False
seq_lora,medical_vqa_rad,vqarad_0547,False,False,False,False,False,False
seq_lora,medical_vqa_rad,vqarad_0550,True,True,True,False,False,False
seq_lora,medical_vqa_rad,vqarad_0560,False,False,False,False,False,False
seq_lora,medical_vqa_rad,vqarad_0561,False,True,True,True,False,True
seq_lora,medical_vqa_rad,vqarad_0562,False,True,True,True,False,True
seq_lora,medical_vqa_rad,vqarad_0563,False,True,True,True,False,True
seq_lora,medical_vqa_rad,vqarad_0565,False,False,False,False,False,False
seq_lora,medical_vqa_rad,vqarad_0566,False,False,False,False,False,False
seq_lora,medical_vqa_rad,vqarad_0571,False,False,False,False,False,False
seq_lora,medical_vqa_rad,vqarad_0574,False,False,False,False,False,False
seq_lora,medical_vqa_rad,vqarad_0577,False,False,False,False,False,False
seq_lora,medical_vqa_rad,vqarad_0578,True,True,True,False,False,False
seq_lora,medical_vqa_rad,vqarad_0583,True,True,True,False,False,False
seq_lora,medical_vqa_rad,vqarad_0584,False,False,False,False,False,False
seq_lora,medical_vqa_rad,vqarad_0588,False,False,False,False,False,False
seq_lora,medical_vqa_rad,vqarad_0589,False,False,False,False,False,False
seq_lora,medical_vqa_rad,vqarad_0594,False,False,False,False,False,False
seq_lora,medical_vqa_rad,vqarad_0595,False,True,True,True,False,True
seq_lora,medical_vqa_rad,vqarad_0600,True,True,True,False,False,False
seq_lora,medical_vqa_rad,vqarad_0601,True,False,False,False,True,False
seq_lora,medical_vqa_rad,vqarad_0604,False,False,False,False,False,False
seq_lora,medical_vqa_rad,vqarad_0605,False,False,False,False,False,False
seq_lora,medical_vqa_rad,vqarad_0606,True,False,False,False,True,False
seq_lora,medical_vqa_rad,vqarad_0618,True,True,True,False,False,False
seq_lora,medical_vqa_rad,vqarad_0619,True,True,True,False,False,False
seq_lora,medical_vqa_rad,vqarad_0640,True,True,True,False,False,False
seq_lora,medical_vqa_rad,vqarad_0641,True,True,True,False,False,False
seq_lora,medical_vqa_rad,vqarad_0661,False,False,False,False,False,False
seq_lora,medical_vqa_rad,vqarad_0662,False,False,False,False,False,False
seq_lora,medical_vqa_rad,vqarad_0676,True,True,True,False,False,False
seq_lora,medical_vqa_rad,vqarad_0677,True,True,True,False,False,False
seq_lora,medical_vqa_rad,vqarad_0746,True,True,True,False,False,False
seq_lora,medical_vqa_rad,vqarad_0747,True,True,True,False,False,False
seq_lora,medical_vqa_rad,vqarad_0773,False,False,False,False,False,False
seq_lora,medical_vqa_rad,vqarad_0774,False,False,False,False,False,False
seq_lora,medical_vqa_rad,vqarad_0779,True,True,True,False,False,False
seq_lora,medical_vqa_rad,vqarad_0782,True,True,True,False,False,False
seq_lora,medical_vqa_rad,vqarad_0783,False,False,False,False,False,False
seq_lora,medical_vqa_rad,vqarad_0784,False,False,False,False,False,False
seq_lora,medical_vqa_rad,vqarad_0788,False,False,False,False,False,False
seq_lora,medical_vqa_rad,vqarad_0798,True,True,True,False,False,False
seq_lora,medical_vqa_rad,vqarad_0800,False,False,False,False,False,False
seq_lora,medical_vqa_rad,vqarad_0804,True,True,True,False,False,False
seq_lora,medical_vqa_rad,vqarad_0808,True,True,True,False,False,False
seq_lora,medical_vqa_rad,vqarad_0819,False,False,False,False,False,False
seq_lora,medical_vqa_rad,vqarad_0820,False,True,True,True,False,True
seq_lora,medical_vqa_rad,vqarad_0822,False,False,False,False,False,False
seq_lora,medical_vqa_rad,vqarad_0825,False,False,False,False,False,False
seq_lora,medical_vqa_rad,vqarad_0836,True,True,True,False,False,False
seq_lora,medical_vqa_rad,vqarad_0843,True,True,True,False,False,False
seq_lora,medical_vqa_rad,vqarad_0847,False,False,False,False,False,False
seq_lora,medical_vqa_rad,vqarad_0857,True,True,True,False,False,False
seq_lora,medical_vqa_rad,vqarad_0858,True,True,True,False,False,False
seq_lora,medical_vqa_rad,vqarad_0862,False,False,False,False,False,False
seq_lora,medical_vqa_rad,vqarad_0863,True,True,True,False,False,False
seq_lora,medical_vqa_rad,vqarad_0864,True,True,True,False,False,False
seq_lora,medical_vqa_rad,vqarad_0867,True,False,False,False,True,False
seq_lora,medical_vqa_rad,vqarad_0868,True,True,True,False,False,False
seq_lora,medical_vqa_rad,vqarad_0872,True,True,True,False,False,False
seq_lora,medical_vqa_rad,vqarad_0873,True,True,True,False,False,False
seq_lora,medical_vqa_rad,vqarad_0874,False,False,False,False,False,False
seq_lora,medical_vqa_rad,vqarad_0875,False,False,False,False,False,False
seq_lora,medical_vqa_rad,vqarad_0877,False,False,False,False,False,False
seq_lora,medical_vqa_rad,vqarad_0878,False,False,False,False,False,False
seq_lora,medical_vqa_rad,vqarad_0879,True,True,True,False,False,False
seq_lora,medical_vqa_rad,vqarad_0880,True,True,True,False,False,False
seq_lora,medical_vqa_rad,vqarad_0887,True,True,True,False,False,False
seq_lora,medical_vqa_rad,vqarad_0888,True,True,True,False,False,False
seq_lora,medical_vqa_rad,vqarad_0889,False,False,False,False,False,False
seq_lora,medical_vqa_rad,vqarad_0890,False,False,False,False,False,False
seq_lora,medical_vqa_rad,vqarad_0892,False,False,False,False,False,False
seq_lora,medical_vqa_rad,vqarad_0893,True,False,False,False,True,False
seq_lora,medical_vqa_rad,vqarad_0894,False,False,False,False,False,False
seq_lora,medical_vqa_rad,vqarad_0895,False,False,False,False,False,False
seq_lora,medical_vqa_rad,vqarad_0905,False,False,False,False,False,False
seq_lora,medical_vqa_rad,vqarad_0906,False,False,False,False,False,False
seq_lora,medical_vqa_rad,vqarad_0911,False,False,False,False,False,False
seq_lora,medical_vqa_rad,vqarad_0912,True,True,True,False,False,False
seq_lora,medical_vqa_rad,vqarad_0913,True,False,False,False,True,False
seq_lora,medical_vqa_rad,vqarad_0914,True,True,True,False,False,False
seq_lora,medical_vqa_rad,vqarad_0922,False,False,False,False,False,False
migu_lora,task1290_xsum_summarization,task1290-fdb2129f72f349019654d8b07a72c90b,False,False,False,False,False,False
migu_lora,task1290_xsum_summarization,task1290-ebf1832abdd1479b8ee9fcf3a9ddad84,False,False,False,False,False,False
migu_lora,task1290_xsum_summarization,task1290-908f5b6e8f714a9e8cf226c9303ae074,False,False,False,False,False,False
migu_lora,task1290_xsum_summarization,task1290-8fcb0d0f42ce491c8c26baa4090b5d00,False,False,False,False,False,False
migu_lora,task1290_xsum_summarization,task1290-264c5d1f35d546a0abffd668684c3eb6,False,False,False,False,False,False
migu_lora,task1290_xsum_summarization,task1290-acf53ae7c73d48ccb46c264f070308fb,False,False,False,False,False,False
migu_lora,task1290_xsum_summarization,task1290-38e22ce36ed04b9c95ad45c91495d57b,False,False,False,False,False,False
migu_lora,task1290_xsum_summarization,task1290-91063a310a5242aba64c62adc6514565,False,False,False,False,False,False
migu_lora,task1290_xsum_summarization,task1290-8fbd6aa0bb204c58aef029d14b54bb60,False,False,False,False,False,False
migu_lora,task1290_xsum_summarization,task1290-4f9dd4339fd648518c6dbdfbf8826c3e,False,False,False,False,False,False
migu_lora,task1290_xsum_summarization,task1290-dea89c3b49224003a3056f18aef02d08,False,False,False,False,False,False
migu_lora,task1290_xsum_summarization,task1290-7c6c19d9966e4dd482653550bc03b5eb,False,False,False,False,False,False
migu_lora,task1290_xsum_summarization,task1290-804adda5203a46c0ae1f65da8d5f98dc,False,False,False,False,False,False
migu_lora,task1290_xsum_summarization,task1290-aec925c965a349f29656d100705dc4f7,False,False,False,False,False,False
migu_lora,task1290_xsum_summarization,task1290-f588ad4056724f37a381fdd408381ed1,False,False,False,False,False,False
migu_lora,task1290_xsum_summarization,task1290-3b8564da3b5e4c969c4fa09eacf82526,False,False,False,False,False,False
migu_lora,task1290_xsum_summarization,task1290-51e5abd9933b43e2a1a8c9d7938cb80c,False,False,False,False,False,False
migu_lora,task1290_xsum_summarization,task1290-6c2ce0e3760d4bdcac8da4bd11cd04f8,False,False,False,False,False,False
migu_lora,task1290_xsum_summarization,task1290-c1352fd3f1704fe0b6b3e5ac74755271,False,False,False,False,False,False
migu_lora,task1290_xsum_summarization,task1290-d4ab34985ec348608da84111dc98a1e0,False,False,False,False,False,False
migu_lora,task1290_xsum_summarization,task1290-b27482aeffed40e8baa7205400cf0902,False,False,False,False,False,False
migu_lora,task1290_xsum_summarization,task1290-8e16e18e7c2c4a2abf589a30a58ce44f,False,False,False,False,False,False
migu_lora,task1290_xsum_summarization,task1290-43b57c60a32e4e96a3c5c382bf4c3fdf,False,False,False,False,False,False
migu_lora,task1290_xsum_summarization,task1290-e28e3d5c2f7640ec868dd5acc78c6f1c,False,False,False,False,False,False
migu_lora,task1290_xsum_summarization,task1290-377a8646f1aa458f940328882e6b1d4c,False,False,False,False,False,False
migu_lora,task1290_xsum_summarization,task1290-ddf3c4bf88f54a1ba5f73679ec1fad3b,False,False,False,False,False,False
migu_lora,task1290_xsum_summarization,task1290-9f9ad67693404af68897617d2cf85188,False,False,False,False,False,False
migu_lora,task1290_xsum_summarization,task1290-d2605bed7cbd454f8b3033bc1d9ccc42,False,False,False,False,False,False
migu_lora,task1290_xsum_summarization,task1290-6c26509571564062b346e51b5c49fd55,False,False,False,False,False,False
migu_lora,task1290_xsum_summarization,task1290-f901e31b75894a728f6255ec66869e12,False,False,False,False,False,False
migu_lora,task1290_xsum_summarization,task1290-4af2e0015a5444c2bf03582429dba136,False,False,False,False,False,False
migu_lora,task1290_xsum_summarization,task1290-b588390b353b407cb67fa70d180946d1,False,False,False,False,False,False
migu_lora,task1290_xsum_summarization,task1290-cefe78e33f6249e6be3c2a667aae2414,False,False,False,False,False,False
migu_lora,task1290_xsum_summarization,task1290-0ac5d47a1c86431daa02ea07cb01e9f3,False,False,False,False,False,False
migu_lora,task1290_xsum_summarization,task1290-cdc5e91285e84821853520a4cebbf7c2,False,False,False,False,False,False
migu_lora,task1290_xsum_summarization,task1290-81d498b1319348ddb344450afbbc04d0,False,False,False,False,False,False
migu_lora,task1290_xsum_summarization,task1290-d757a42880014632ac8ea83041c8c6e2,False,False,False,False,False,False
migu_lora,task1290_xsum_summarization,task1290-16420efa9a924dafb709ec52b5b28e4e,False,False,False,False,False,False
migu_lora,task1290_xsum_summarization,task1290-8f058b22b08345019d3ef7d589776526,False,False,False,False,False,False
migu_lora,task1290_xsum_summarization,task1290-e2462ac8e12942ce97e8ab632df1f0f5,False,False,False,False,False,False
migu_lora,task1290_xsum_summarization,task1290-fd12777d58c44247ad48596830de976a,False,False,False,False,False,False
migu_lora,task1290_xsum_summarization,task1290-e12c0dd28f6e4b9eacb3ca8016514049,False,False,False,False,False,False
migu_lora,task1290_xsum_summarization,task1290-16cefb6f74884722a80a71e93ed6b46c,False,False,False,False,False,False
migu_lora,task1290_xsum_summarization,task1290-d00a8f3ab7dd40f0adbb9999939a2f30,False,False,False,False,False,False
migu_lora,task1290_xsum_summarization,task1290-7cd12bceda2b46b2bdd507d09295b99a,False,False,False,False,False,False
migu_lora,task1290_xsum_summarization,task1290-02937978ec544c8d9c396b5e36b2d51e,False,False,False,False,False,False
migu_lora,task1290_xsum_summarization,task1290-7b91ae37843b48c396c31dfb13bdf2c2,False,False,False,False,False,False
migu_lora,task1290_xsum_summarization,task1290-3c395192b2b44322888947aabcf4c800,False,False,False,False,False,False
migu_lora,task1290_xsum_summarization,task1290-d8363d05f99941fba72091ba7f0c2141,False,False,False,False,False,False
migu_lora,task1290_xsum_summarization,task1290-7bff74964f564bf7bc4fe515552323f1,False,False,False,False,False,False
migu_lora,task1290_xsum_summarization,task1290-bd7ca55c95924ac3adda5bc242771e18,False,False,False,False,False,False
migu_lora,task1290_xsum_summarization,task1290-ed2df910f427439996ad3ab77ab418a3,False,False,False,False,False,False
migu_lora,task1290_xsum_summarization,task1290-ac0d5d2d55794e8a89ab4ee3fd5f7311,False,False,False,False,False,False
migu_lora,task1290_xsum_summarization,task1290-b50d32311d354d15bf52b908af2ae201,False,False,False,False,False,False
migu_lora,task1290_xsum_summarization,task1290-1dcd699df8c84df187ce253e7be2d7b9,False,False,False,False,False,False
migu_lora,task1290_xsum_summarization,task1290-0fe86bbf9f8e4cd7964ddc119cd2f4a6,False,False,False,False,False,False
migu_lora,task1290_xsum_summarization,task1290-a3e7a1dd58d24bc2b539b006e8564958,False,False,False,False,False,False
migu_lora,task1290_xsum_summarization,task1290-197db0fa09d54d6883421c51aceded28,False,False,False,False,False,False
migu_lora,task1290_xsum_summarization,task1290-9fe97bfb40e946c89c10b8fb54c3083e,False,False,False,False,False,False
migu_lora,task1290_xsum_summarization,task1290-e29d7e12209a40e8b50a6a042ddbab48,False,False,False,False,False,False
migu_lora,task1290_xsum_summarization,task1290-14240392805848619848e878968229ad,False,False,False,False,False,False
migu_lora,task1290_xsum_summarization,task1290-c3f597541c804066ba54ef34050deaf1,False,False,False,False,False,False
migu_lora,task1290_xsum_summarization,task1290-829a68d344334b85be2b4c57cb575fec,False,False,False,False,False,False
migu_lora,task1290_xsum_summarization,task1290-75b9abb2eeb74e7fba55365968f51a88,False,False,False,False,False,False
migu_lora,task1290_xsum_summarization,task1290-ec87879c3c7c4c7789c710801ed95ff4,False,False,False,False,False,False
migu_lora,task1290_xsum_summarization,task1290-c636fecf2ce04e1fba553a8e0d66dd19,False,False,False,False,False,False
migu_lora,task1290_xsum_summarization,task1290-3c04936501ea47edbec7559b02434d65,False,False,False,False,False,False
migu_lora,task1290_xsum_summarization,task1290-eae4271d99f04459ab84d2c12c280c17,False,False,False,False,False,False
migu_lora,task1290_xsum_summarization,task1290-a2e3572db7e640fea8b74561e9baacec,False,False,False,False,False,False
migu_lora,task1290_xsum_summarization,task1290-526acbb967724cfbbc2803c32479e488,False,False,False,False,False,False
migu_lora,task1290_xsum_summarization,task1290-58162c2430944e4d8b646eb47978eb9d,False,False,False,False,False,False
migu_lora,task1290_xsum_summarization,task1290-13937d0f164749ea80908aa9f622bd2d,False,False,False,False,False,False
migu_lora,task1290_xsum_summarization,task1290-890ad531ac27472e9bf7b5db4cc84399,False,False,False,False,False,False
migu_lora,task1290_xsum_summarization,task1290-37fee3aebad74b5a94e48278ad738d39,False,False,False,False,False,False
migu_lora,task1290_xsum_summarization,task1290-25581e7c99144a2f89f0097e983bf2c0,False,False,False,False,False,False
migu_lora,task1290_xsum_summarization,task1290-75a9003cbca64c35a99db5a1d3e4389a,False,False,False,False,False,False
migu_lora,task1290_xsum_summarization,task1290-b45ad745b83b4f76b63297da162434af,False,False,False,False,False,False
migu_lora,task1290_xsum_summarization,task1290-9bedfbddee464744863386b71a834b9a,False,False,False,False,False,False
migu_lora,task1290_xsum_summarization,task1290-6bd28d25d8c94322836b3706f9844882,False,False,False,False,False,False
migu_lora,task1290_xsum_summarization,task1290-22ffdf5b3fc0437b9fb8f4b4958d8802,False,False,False,False,False,False
migu_lora,task1290_xsum_summarization,task1290-040a6e80186040f6936f2226a5c120df,False,False,False,False,False,False
migu_lora,task1290_xsum_summarization,task1290-21f54e39e2af401ca41bd50435140056,False,False,False,False,False,False
migu_lora,task1290_xsum_summarization,task1290-04955c67fb3c49bca6f9352619f5e329,False,False,False,False,False,False
migu_lora,task1290_xsum_summarization,task1290-36d899284b614d7bb22d817d4caba19f,False,False,False,False,False,False
migu_lora,task1290_xsum_summarization,task1290-d5d552ae1dd944c2b84fc5f6dbbb3b82,False,False,False,False,False,False
migu_lora,task1290_xsum_summarization,task1290-e9dd35e45c144049853388aef77439cf,False,False,False,False,False,False
migu_lora,task1290_xsum_summarization,task1290-65dc84e019554f9fa158caf2ec680efc,False,False,False,False,False,False
migu_lora,task1290_xsum_summarization,task1290-44ca4eb326264a80aaef7f57f1587250,False,False,False,False,False,False
migu_lora,task1290_xsum_summarization,task1290-ee3ae31ce3b5488789fa904fd8bb1c4c,False,False,False,False,False,False
migu_lora,task1290_xsum_summarization,task1290-7859fbc7c3b14ab5804fd3e7383b1432,False,False,False,False,False,False
migu_lora,task1290_xsum_summarization,task1290-f0b270e61157448b954148f19bc34c8a,False,False,False,False,False,False
migu_lora,task1290_xsum_summarization,task1290-694975a3433c4fd2b4e69074df04600b,False,False,False,False,False,False
migu_lora,task1290_xsum_summarization,task1290-a28263a584b54dc990fe5f4dd7c7db38,False,False,False,False,False,False
migu_lora,task1290_xsum_summarization,task1290-af24d4d3b51d4c6890052002d5aa4d1d,False,False,False,False,False,False
migu_lora,task1290_xsum_summarization,task1290-877d67b64d7441b899d4b4854e44511b,False,False,False,False,False,False
migu_lora,task1290_xsum_summarization,task1290-c47e509ec8454f88800b95a923e65b0a,False,False,False,False,False,False
migu_lora,task1290_xsum_summarization,task1290-67dfb83529404bd9bf9d0dc79e0d0692,False,False,False,False,False,False
migu_lora,task1290_xsum_summarization,task1290-59052c1538344a77bb8f3d208de05bbf,False,False,False,False,False,False
migu_lora,task1290_xsum_summarization,task1290-c12318eea230433aa07f65d9eed719f8,False,False,False,False,False,False
migu_lora,task1290_xsum_summarization,task1290-100b56d691c64e958a3f8d608456b9cd,False,False,False,False,False,False
migu_lora,task1290_xsum_summarization,task1290-c1dfbc6d44a74903a2a9a0997f833eec,False,False,False,False,False,False
migu_lora,task1290_xsum_summarization,task1290-bedbf90552384503841e74b9be6d4333,False,False,False,False,False,False
migu_lora,task1290_xsum_summarization,task1290-52cf6bf2f2d34ec8b4f82a59ea9ea357,False,False,False,False,False,False
migu_lora,task1290_xsum_summarization,task1290-ac2eb0dd930047d49c93a658476e8036,False,False,False,False,False,False
migu_lora,task1290_xsum_summarization,task1290-aae409daed594d75b523ff4d56e11b8c,False,False,False,False,False,False
migu_lora,task1290_xsum_summarization,task1290-b270a403a30e4250b39135fbabf55929,False,False,False,False,False,False
migu_lora,task1290_xsum_summarization,task1290-4ab16092f5a544e9bb60374180be93d5,False,False,False,False,False,False
migu_lora,task1290_xsum_summarization,task1290-a21529c77f7247ea90baec3f17847d3f,False,False,False,False,False,False
migu_lora,task1290_xsum_summarization,task1290-97256b4efed34b899549c0ad09c526fd,False,False,False,False,False,False
migu_lora,task1290_xsum_summarization,task1290-30ba6122b5a443849f1fdf4526faba2a,False,False,False,False,False,False
migu_lora,task1290_xsum_summarization,task1290-e071e85a39ad4e55978655948c4b37d1,False,False,False,False,False,False
migu_lora,task1290_xsum_summarization,task1290-42481a6ac9ff456393e28392f2456f79,False,False,False,False,False,False
migu_lora,task1290_xsum_summarization,task1290-4cb32077efb2446bbd0b524d30c78f6a,False,False,False,False,False,False
migu_lora,task1290_xsum_summarization,task1290-76e58b4d4d964b80ab22b3df48230b77,False,False,False,False,False,False
migu_lora,task1290_xsum_summarization,task1290-c5c1e995c08b4207849ba190adece8bf,False,False,False,False,False,False
migu_lora,task1290_xsum_summarization,task1290-6195c762ef494028b59db6dbaef13db7,False,False,False,False,False,False
migu_lora,task1290_xsum_summarization,task1290-dd3dcea5ebbf4819967cf5ccf3577cc7,False,False,False,False,False,False
migu_lora,task1290_xsum_summarization,task1290-bf5c8713eaf84404873581e3b45a232d,False,False,False,False,False,False
migu_lora,task1290_xsum_summarization,task1290-8dc390967a60464ab0d49b33b2c3e783,False,False,False,False,False,False
migu_lora,task1290_xsum_summarization,task1290-9e5b3c1154a54717b66ef028a9985ab7,False,False,False,False,False,False
migu_lora,task1290_xsum_summarization,task1290-6e91abb4ea3c4154af2a16168d16fc1c,False,False,False,False,False,False
migu_lora,task1290_xsum_summarization,task1290-81e1873b6e1844c98f465161f3c95ac7,False,False,False,False,False,False
migu_lora,task1290_xsum_summarization,task1290-26df0fb266d1425bb34d26b71f2ca439,False,False,False,False,False,False
migu_lora,task1290_xsum_summarization,task1290-9f00586963a3412eb98d0d0a120f3e2c,False,False,False,False,False,False
migu_lora,task1290_xsum_summarization,task1290-bb2da0b66db1492c8ac43e4b5adca9f5,False,False,False,False,False,False
migu_lora,task1290_xsum_summarization,task1290-3c6aade09f604e54bae17facbb540a51,False,False,False,False,False,False
migu_lora,task1290_xsum_summarization,task1290-9d1c440b88b340c2944aecbc2b49946b,False,False,False,False,False,False
migu_lora,task1290_xsum_summarization,task1290-0306aca0172d452ca05fd70be1bbcc37,False,False,False,False,False,False
migu_lora,task1290_xsum_summarization,task1290-b8e42481886c4b5b9a55775b38bfd9a2,False,False,False,False,False,False
migu_lora,task1290_xsum_summarization,task1290-a25cbf099c194d0cb3554fbef02cc316,False,False,False,False,False,False
migu_lora,task1290_xsum_summarization,task1290-9dc50651e9144243b1994fc356683d86,False,False,False,False,False,False
migu_lora,task1290_xsum_summarization,task1290-d07bc313b2a947188164f5c620d66e65,False,False,False,False,False,False
migu_lora,task1290_xsum_summarization,task1290-3e1606f53365434f90bb9bee11feb631,False,False,False,False,False,False
migu_lora,task1290_xsum_summarization,task1290-a6d4f2f5fd25420786a807d992dbc841,False,False,False,False,False,False
migu_lora,task1290_xsum_summarization,task1290-243170f64ffd4282a5340447f2e41328,False,False,False,False,False,False
migu_lora,task1290_xsum_summarization,task1290-a4e0f7bfeb52441ab49f860f976ed9c3,False,False,False,False,False,False
migu_lora,task1290_xsum_summarization,task1290-e97dde4bfb1f40059b026e6cd65ee667,False,False,False,False,False,False
migu_lora,task1290_xsum_summarization,task1290-100f838e8bd44ccb8de9d9672a828c00,False,False,False,False,False,False
migu_lora,task1290_xsum_summarization,task1290-de021285938d4a07a5dcd926a36ce44b,False,False,False,False,False,False
migu_lora,task1290_xsum_summarization,task1290-5c6b602d1dd14df8b722d3784d619025,False,False,False,False,False,False
migu_lora,task1290_xsum_summarization,task1290-379908aba50943669c384b2b795543e2,False,False,False,False,False,False
migu_lora,task1290_xsum_summarization,task1290-31542fa1f37e40f5ae98ac497c501023,False,False,False,False,False,False
migu_lora,task1290_xsum_summarization,task1290-831f93abc9f94cfeb9faa4d9afcc1e2f,False,False,False,False,False,False
migu_lora,task1290_xsum_summarization,task1290-c5497ed11d33497eba14262cb4edd574,False,False,False,False,False,False
migu_lora,task1290_xsum_summarization,task1290-87d35265478e4587b4b945725a8cada6,False,False,False,False,False,False
migu_lora,task1290_xsum_summarization,task1290-c352c1dd10e044bbaa10cebf77b3d106,False,False,False,False,False,False
migu_lora,task1290_xsum_summarization,task1290-3ca980f15d524af9910f293e86b6b794,False,False,False,False,False,False
migu_lora,task1290_xsum_summarization,task1290-00615fc331d646fdac0e9098c8794ecf,False,False,False,False,False,False
migu_lora,task1290_xsum_summarization,task1290-da93d27d0b204022a6acc3e0ab109a39,False,False,False,False,False,False
migu_lora,task1290_xsum_summarization,task1290-79ad47f7eddd4938a03d8d24e6741182,False,False,False,False,False,False
migu_lora,task1290_xsum_summarization,task1290-65059816726b43fe8f943b5ce09d8e94,False,False,False,False,False,False
migu_lora,task1290_xsum_summarization,task1290-1e601041d32248e8b9a3ded893965fc8,False,False,False,False,False,False
migu_lora,task1290_xsum_summarization,task1290-c696aa993b1d454ab0f49678833e197e,False,False,False,False,False,False
migu_lora,task1290_xsum_summarization,task1290-47baed5be0534571b9e15c65dbb6309b,False,False,False,False,False,False
migu_lora,task1290_xsum_summarization,task1290-83188a962763411aa5a3619f3b9bca4e,False,False,False,False,False,False
migu_lora,task1290_xsum_summarization,task1290-9ad9adc4876f4f23bca12faef4f91430,False,False,False,False,False,False
migu_lora,task1290_xsum_summarization,task1290-8483c373dce34c80acad3833e9674520,False,False,False,False,False,False
migu_lora,task1290_xsum_summarization,task1290-82a1a936d386483fa6cee30e06fc55a9,False,False,False,False,False,False
migu_lora,task1290_xsum_summarization,task1290-d46f622c3a4d4a0bad12a3422f2c2153,False,False,False,False,False,False
migu_lora,task1290_xsum_summarization,task1290-e5d95821fd564bb79a370583f1ab1441,False,False,False,False,False,False
migu_lora,task1290_xsum_summarization,task1290-2645486a6a634995bae64883920d4d26,False,False,False,False,False,False
migu_lora,task1290_xsum_summarization,task1290-99026cc1c7a64bbe9c6106dbbac623be,False,False,False,False,False,False
migu_lora,task1290_xsum_summarization,task1290-4922ab09c3124be3bb87c7beb0bca7cd,False,False,False,False,False,False
migu_lora,task1290_xsum_summarization,task1290-9ccb317222fb472cb0012297d844b3af,False,False,False,False,False,False
migu_lora,task1290_xsum_summarization,task1290-cc9b8f6a2f5a49258567d1a5284ff436,False,False,False,False,False,False
migu_lora,task1290_xsum_summarization,task1290-c50bcfdbecb4468a935ed6942c5a65f1,False,False,False,False,False,False
migu_lora,task1290_xsum_summarization,task1290-55829ec8f11845fcaf1a549ae9814d3e,False,False,False,False,False,False
migu_lora,task1290_xsum_summarization,task1290-6244b037eb654fe4bbbdfe8cfab3ee8e,False,False,False,False,False,False
migu_lora,task1290_xsum_summarization,task1290-3af60269e5a1435089d0e746961deb32,False,False,False,False,False,False
migu_lora,task1290_xsum_summarization,task1290-be1878a9479f45ada29c719a879f7eab,False,False,False,False,False,False
migu_lora,task1290_xsum_summarization,task1290-64dee6fc6b4845f7a24230e264b34371,False,False,False,False,False,False
migu_lora,task1290_xsum_summarization,task1290-630170bee4bd4e2eba5c5996e5912a5c,False,False,False,False,False,False
migu_lora,task1290_xsum_summarization,task1290-51889de49e2546c084cf86eaf4fce1e9,False,False,False,False,False,False
migu_lora,task1290_xsum_summarization,task1290-d256c8cab15542308b230bc059d7c071,False,False,False,False,False,False
migu_lora,task1290_xsum_summarization,task1290-1cc85a97d2d0466b9048aa4086101caa,False,False,False,False,False,False
migu_lora,task1290_xsum_summarization,task1290-09e89f744f7a4e218b9e0359e357da23,False,False,False,False,False,False
migu_lora,task1290_xsum_summarization,task1290-a94cc8e5732a40f09f6f6579f8a60e76,False,False,False,False,False,False
migu_lora,task1290_xsum_summarization,task1290-1eeaf26d41d04cc8baeb76e27ce0d869,False,False,False,False,False,False
migu_lora,task1290_xsum_summarization,task1290-92ffebd1396b469c869b5f7c88846a7a,False,False,False,False,False,False
migu_lora,task1290_xsum_summarization,task1290-153b8cfb8f0c471e9fc91e3b580ed994,False,False,False,False,False,False
migu_lora,task1290_xsum_summarization,task1290-9e13b8f8bb914af5bd71d25fd982e71d,False,False,False,False,False,False
migu_lora,task1290_xsum_summarization,task1290-6246b2ed18314cf49fef605c8bf1f6f1,False,False,False,False,False,False
migu_lora,task1290_xsum_summarization,task1290-a86cc10451df425c80c12f22c446d737,False,False,False,False,False,False
migu_lora,task1290_xsum_summarization,task1290-9110c08624624535ab95fed9a39afb47,False,False,False,False,False,False
migu_lora,task1290_xsum_summarization,task1290-7450266b2fea48ddbefc9a0036dfb6e4,False,False,False,False,False,False
migu_lora,task1290_xsum_summarization,task1290-ab061ea6a2aa4465864a48432bcf77b6,False,False,False,False,False,False
migu_lora,task1290_xsum_summarization,task1290-e580574107c245919ab976871c05542e,False,False,False,False,False,False
migu_lora,task1290_xsum_summarization,task1290-3dce860be4df456a8338c5306c61f383,False,False,False,False,False,False
migu_lora,task1290_xsum_summarization,task1290-efedc233848a4690b80b7be15bf032dd,False,False,False,False,False,False
migu_lora,task1290_xsum_summarization,task1290-b5fd854381e34cd3bd0a0e46e511890b,False,False,False,False,False,False
migu_lora,task1290_xsum_summarization,task1290-57f60452bed443e2adeb4bb7eb878710,False,False,False,False,False,False
migu_lora,task1290_xsum_summarization,task1290-8ca8acebffd54e93bff9645241b1f89e,False,False,False,False,False,False
migu_lora,task1290_xsum_summarization,task1290-990d34f780064336b056c46b81999378,False,False,False,False,False,False
migu_lora,task1290_xsum_summarization,task1290-aa5e00c750fb40c8a263935303595f87,False,False,False,False,False,False
migu_lora,task1290_xsum_summarization,task1290-5a4fadf655524c4ab8b26385a9d957e3,False,False,False,False,False,False
migu_lora,task1290_xsum_summarization,task1290-a2e5bcc499c247aba3cddd68eaaf5a22,False,False,False,False,False,False
migu_lora,task1290_xsum_summarization,task1290-2b4d2a367da946cca85a81f517bb4724,False,False,False,False,False,False
migu_lora,task1290_xsum_summarization,task1290-604e93ae4cd44358b449ad94b5eb9842,False,False,False,False,False,False
migu_lora,task1290_xsum_summarization,task1290-244e667305314749bfafb7c6cd3a44d2,False,False,False,False,False,False
migu_lora,task1290_xsum_summarization,task1290-fe292d0eb4f54d71b9a6ea8c8d938636,False,False,False,False,False,False
migu_lora,task002_quoref_answer_generation,task002-0c57e29b81724af1acd6f4265c9b2bcd,False,True,False,True,False,False
migu_lora,task002_quoref_answer_generation,task002-d477756d7e754de299c21d4afad8ebc7,True,True,True,False,False,False
migu_lora,task002_quoref_answer_generation,task002-a525a6838e754c22995085e767bf2ef5,False,False,False,False,False,False
migu_lora,task002_quoref_answer_generation,task002-83fd991001cd401095a50090f2ed063b,False,False,False,False,False,False
migu_lora,task002_quoref_answer_generation,task002-c3fa09185db34e07b43797f3a6e53a58,False,False,False,False,False,False
migu_lora,task002_quoref_answer_generation,task002-8bcdb04ba07b466a87229e2459e38c60,True,True,True,False,False,False
migu_lora,task002_quoref_answer_generation,task002-b19677a2783f41098df137e35d6f2ef1,False,False,False,False,False,False
migu_lora,task002_quoref_answer_generation,task002-726a34fc0ef343f89949d3c4472c558d,False,False,False,False,False,False
migu_lora,task002_quoref_answer_generation,task002-8dd4d88c5e4a4e04965c892aeb03a1fa,True,True,True,False,False,False
migu_lora,task002_quoref_answer_generation,task002-f0eba447fdda49568183fd30413bb344,False,False,False,False,False,False
migu_lora,task002_quoref_answer_generation,task002-1d0183054b744703a49ba36dff9ca885,False,False,False,False,False,False
migu_lora,task002_quoref_answer_generation,task002-c01987a5e5ea4e3491b81f689cddeaa1,False,False,False,False,False,False
migu_lora,task002_quoref_answer_generation,task002-151a09e26fb244a7a518fba4865d39b7,True,False,False,False,True,False
migu_lora,task002_quoref_answer_generation,task002-47c3ddb2a6214b8e995cf5006df97979,True,True,False,False,False,False
migu_lora,task002_quoref_answer_generation,task002-ef2f0c0a9824431892e7f2b61b070a02,True,True,True,False,False,False
migu_lora,task002_quoref_answer_generation,task002-885c95a9bf7b44fb990d658aa8060ab9,False,False,False,False,False,False
migu_lora,task002_quoref_answer_generation,task002-b9deb37d36b04fe9a46bba373fcd1ef7,False,False,False,False,False,False
migu_lora,task002_quoref_answer_generation,task002-8165c3f02ba14eee98df73942ed8e436,False,False,False,False,False,False
migu_lora,task002_quoref_answer_generation,task002-da4f3cc161e14969863c407c66d92ece,False,False,False,False,False,False
migu_lora,task002_quoref_answer_generation,task002-6195f1b84adf477098ac756353f64935,False,False,False,False,False,False
migu_lora,task002_quoref_answer_generation,task002-5b5f12de3c92481a842aee7d5d565c86,False,True,True,True,False,True
migu_lora,task002_quoref_answer_generation,task002-a856e78c3b7643689790024ce76ed205,False,False,False,False,False,False
migu_lora,task002_quoref_answer_generation,task002-723cc8b2e5b2496ca272925b9b1289f2,False,False,False,False,False,False
migu_lora,task002_quoref_answer_generation,task002-31a3d8f55d6b4b74b1d1313977986721,True,True,True,False,False,False
migu_lora,task002_quoref_answer_generation,task002-34fdbf4f0f87435eaf952d7f736fd92d,False,False,False,False,False,False
migu_lora,task002_quoref_answer_generation,task002-2651b7dab0e74ea99e6b9e68a461f17a,False,False,True,False,False,False
migu_lora,task002_quoref_answer_generation,task002-a7afddecd2424839904c583e43ee8239,True,True,True,False,False,False
migu_lora,task002_quoref_answer_generation,task002-85ac2cb0438b4ed7b6f7246ade2142de,True,True,True,False,False,False
migu_lora,task002_quoref_answer_generation,task002-d28ffd5035e84b53a0eec5d177b8f163,False,False,False,False,False,False
migu_lora,task002_quoref_answer_generation,task002-e74a67b0e4244801a368045e51a62ee6,False,False,False,False,False,False
migu_lora,task002_quoref_answer_generation,task002-caeae3baca514b778b39253ea6c4d374,False,False,False,False,False,False
migu_lora,task002_quoref_answer_generation,task002-cabd9557d0734b22b22de0b12bc3adbf,True,True,True,False,False,False
migu_lora,task002_quoref_answer_generation,task002-be352ae8c832406384b76724c591b84d,True,True,False,False,False,False
migu_lora,task002_quoref_answer_generation,task002-15e3f6133cbe4107a95b5eac72306f36,False,True,True,True,False,True
migu_lora,task002_quoref_answer_generation,task002-9c7af4fbd92141519ac521227a146659,False,False,False,False,False,False
migu_lora,task002_quoref_answer_generation,task002-5e2ee5ea53da45adb3b8cee9f59e925d,True,True,True,False,False,False
migu_lora,task002_quoref_answer_generation,task002-a3d58ba80f9a40188483af7a524fc8f6,False,False,False,False,False,False
migu_lora,task002_quoref_answer_generation,task002-efda56ebb6964e5e9e25f179b9fd552b,True,True,True,False,False,False
migu_lora,task002_quoref_answer_generation,task002-65e0509aa04444ff8f59ebf250bc0abb,False,True,True,True,False,True
migu_lora,task002_quoref_answer_generation,task002-0078aa492dcf453084ac5379786963b8,True,True,True,False,False,False
migu_lora,task002_quoref_answer_generation,task002-7b7e6a427f8f44249011574227b95382,False,True,True,True,False,True
migu_lora,task002_quoref_answer_generation,task002-6a6212c4b7f144619fee1d6e172676a3,True,True,True,False,False,False
migu_lora,task002_quoref_answer_generation,task002-bf993a04d25f44038d34fe959969b604,False,False,False,False,False,False
migu_lora,task002_quoref_answer_generation,task002-76c2acc203454c7880b0fcfa01f94134,True,False,False,False,True,False
migu_lora,task002_quoref_answer_generation,task002-1dbcf0a74a5f46cc99be9ae5e8c145ce,True,True,True,False,False,False
migu_lora,task002_quoref_answer_generation,task002-9343055394e94a51b6592f50720bbdc6,False,False,False,False,False,False
migu_lora,task002_quoref_answer_generation,task002-d032708ce147462795dd080117c4062f,False,False,False,False,False,False
migu_lora,task002_quoref_answer_generation,task002-079ef18a476c4b61a8f2717061e6e2cd,True,True,True,False,False,False
migu_lora,task002_quoref_answer_generation,task002-4715b05732f34a078a2d8e324c090dbb,False,False,False,False,False,False
migu_lora,task002_quoref_answer_generation,task002-4ba5373cda1145d2b0fe17bb0f60fa05,True,True,True,False,False,False
migu_lora,task002_quoref_answer_generation,task002-cc72ef7db5844bb5b05b9376ec4724ee,True,True,True,False,False,False
migu_lora,task002_quoref_answer_generation,task002-f44faacdeee44c148ace71a7ef050e37,False,False,False,False,False,False
migu_lora,task002_quoref_answer_generation,task002-d18a5941f4ce48eabb6e4d8f2826501f,False,True,False,True,False,False
migu_lora,task002_quoref_answer_generation,task002-2355bb54ad1541898a7a4883d6eb7798,True,True,False,False,False,False
migu_lora,task002_quoref_answer_generation,task002-a8ce340528074a9e8cb4a6f3f3cb455e,True,True,True,False,False,False
migu_lora,task002_quoref_answer_generation,task002-288a24e371e04fc9a5eac5718c21e60c,True,True,True,False,False,False
migu_lora,task002_quoref_answer_generation,task002-2829730a44e24e498cb94ff56c96dd45,True,True,True,False,False,False
migu_lora,task002_quoref_answer_generation,task002-b49db8ba266d4fcd9bc2ebb886954110,False,False,False,False,False,False
migu_lora,task002_quoref_answer_generation,task002-fe10d7c697704d2486699f529ec6ed3a,True,True,True,False,False,False
migu_lora,task002_quoref_answer_generation,task002-ebe2c83cbb20468c88fefddf466ef956,False,False,False,False,False,False
migu_lora,task002_quoref_answer_generation,task002-b70c290f38584c3f882788c29cb31f32,False,False,False,False,False,False
migu_lora,task002_quoref_answer_generation,task002-c608bace092e4a12b36878d6174d72b7,True,True,True,False,False,False
migu_lora,task002_quoref_answer_generation,task002-90eeef020d3247739869eb4cb7625019,False,False,False,False,False,False
migu_lora,task002_quoref_answer_generation,task002-a8a83158daf94957b828ec4220e7ba0d,True,True,True,False,False,False
migu_lora,task002_quoref_answer_generation,task002-8784a4a02ceb49e7ab2eee3f9041d646,True,True,True,False,False,False
migu_lora,task002_quoref_answer_generation,task002-567adbbd358f4490b98b2f73787cc10f,False,False,False,False,False,False
migu_lora,task002_quoref_answer_generation,task002-551e35fb4137431a9a8181aefde07b06,False,False,False,False,False,False
migu_lora,task002_quoref_answer_generation,task002-bc0c1ff777c949d6bc8673c4e817dfe2,False,False,False,False,False,False
migu_lora,task002_quoref_answer_generation,task002-bb332e062e2a485198a6c50616a0e82a,True,True,True,False,False,False
migu_lora,task002_quoref_answer_generation,task002-2b67444f08ac4d3bbc5ee97e773cd45a,False,False,False,False,False,False
migu_lora,task002_quoref_answer_generation,task002-c5d2a01862824b32ab4164204ec67feb,False,True,False,True,False,False
migu_lora,task002_quoref_answer_generation,task002-7d5e10220a0e43dd8f9096c6b251fc2d,False,False,False,False,False,False
migu_lora,task002_quoref_answer_generation,task002-82fd9f2a27a24e9588aff9d9e5ca41d8,True,True,False,False,False,False
migu_lora,task002_quoref_answer_generation,task002-9f411240c7ac40cc8c20dea48bb10c53,True,True,True,False,False,False
migu_lora,task002_quoref_answer_generation,task002-f788bf1c08c64e0cb0b5d2ae2cb71f52,True,True,True,False,False,False
migu_lora,task002_quoref_answer_generation,task002-d128ffc1d731433387ea5b0d3889a299,True,True,True,False,False,False
migu_lora,task002_quoref_answer_generation,task002-d33b284c95e242ccb04e1b963889bc25,False,False,True,False,False,False
migu_lora,task002_quoref_answer_generation,task002-a498f0b69774424c9214c73a2e82bb09,True,False,False,False,True,False
migu_lora,task002_quoref_answer_generation,task002-f0fe95ad786742098468608c7e6002b5,False,True,True,True,False,True
migu_lora,task002_quoref_answer_generation,task002-e5d1e19fbdae45af88063518568957b8,False,False,False,False,False,False
migu_lora,task002_quoref_answer_generation,task002-c9a383e3ad7d4bdbaa794ff53b1e6f7a,False,False,False,False,False,False
migu_lora,task002_quoref_answer_generation,task002-d81acf607c1049e0b3f4fc3222b746c5,False,False,False,False,False,False
migu_lora,task002_quoref_answer_generation,task002-5dde0d172f7242fb9dafec3b480d6d09,True,True,True,False,False,False
migu_lora,task002_quoref_answer_generation,task002-10307b6924a441acaa9adfaa7d98c98b,True,True,True,False,False,False
migu_lora,task002_quoref_answer_generation,task002-700167e5d55941d3bfd31820ba8fdbce,True,True,True,False,False,False
migu_lora,task002_quoref_answer_generation,task002-2d78d28870b3423b81bac84f28246716,False,False,True,False,False,False
migu_lora,task002_quoref_answer_generation,task002-b63cf05362b248a28c040e1639fc6433,False,False,False,False,False,False
migu_lora,task002_quoref_answer_generation,task002-9269f591bdc24c13b8cf990316cde161,True,True,True,False,False,False
migu_lora,task002_quoref_answer_generation,task002-e6b0c7a664ed44d48e45b29843f69a76,True,True,True,False,False,False
migu_lora,task002_quoref_answer_generation,task002-416ec4182bb04527aeede2812bd71359,True,True,True,False,False,False
migu_lora,task002_quoref_answer_generation,task002-1fc6f565f7cf40cc956d547151a67dd2,False,False,False,False,False,False
migu_lora,task002_quoref_answer_generation,task002-dc5faf09b3d94e0db92551a34dc0810f,False,False,False,False,False,False
migu_lora,task002_quoref_answer_generation,task002-e8cc45888af74e49817c400956c20d07,True,True,True,False,False,False
migu_lora,task002_quoref_answer_generation,task002-aea5007e859646c5b48f37d8e8e38e0c,False,False,False,False,False,False
migu_lora,task002_quoref_answer_generation,task002-41e7565dd4ef49949f29818ba8ac6131,True,True,False,False,False,False
migu_lora,task002_quoref_answer_generation,task002-32672b87c6cd4241bcf96ff019b34f6d,False,False,True,False,False,False
migu_lora,task002_quoref_answer_generation,task002-d3a2e9d499e84488855a082619108b9a,False,True,True,True,False,True
migu_lora,task002_quoref_answer_generation,task002-1faeed6e99704f648f76fd53230264e0,False,False,False,False,False,False
migu_lora,task002_quoref_answer_generation,task002-16dd8a873cb145f6a2ad1c1a6167edf1,True,True,True,False,False,False
migu_lora,task002_quoref_answer_generation,task002-5984b5dd4132461da14cc7aa2ea91c2a,True,True,True,False,False,False
migu_lora,task002_quoref_answer_generation,task002-3a54e965edff4833ad4ef833c4fa5729,False,False,False,False,False,False
migu_lora,task002_quoref_answer_generation,task002-a2ebacc82e5d4392aba66f7976d7a752,False,True,False,True,False,False
migu_lora,task002_quoref_answer_generation,task002-b1020ca05e1249709b87cf6fa672dd44,False,False,False,False,False,False
migu_lora,task002_quoref_answer_generation,task002-d275544174294f9ab2338bfa99fecd6d,False,False,False,False,False,False
migu_lora,task002_quoref_answer_generation,task002-7a25dbffb59c4c999578736dd38aa76b,True,True,True,False,False,False
migu_lora,task002_quoref_answer_generation,task002-5caea659520c4e6e9aa540e9780974ee,False,False,False,False,False,False
migu_lora,task002_quoref_answer_generation,task002-4fe61a938cb94213822057d258574cc4,False,False,False,False,False,False
migu_lora,task002_quoref_answer_generation,task002-33bbec2cadc4486ea3c3eaf91ab71277,False,False,False,False,False,False
migu_lora,task002_quoref_answer_generation,task002-820191405dba4177a050d672452b8d76,True,True,True,False,False,False
migu_lora,task002_quoref_answer_generation,task002-f4b03a78c32f4dd2a8955f02f1372525,False,False,False,False,False,False
migu_lora,task002_quoref_answer_generation,task002-0a23de577c1941ea832bf0d68bd5f236,False,False,False,False,False,False
migu_lora,task002_quoref_answer_generation,task002-a15bd7a51a5b472e847a1b6561ca7912,False,False,False,False,False,False
migu_lora,task002_quoref_answer_generation,task002-cd35c9802e4e44c6a8fd6288edcc9f5f,False,False,False,False,False,False
migu_lora,task002_quoref_answer_generation,task002-0b66bc55e8674df09e32abd97f46ab02,False,False,False,False,False,False
migu_lora,task002_quoref_answer_generation,task002-c8c5e2bb7fc74d99b65c65320d4ffc16,False,True,True,True,False,True
migu_lora,task002_quoref_answer_generation,task002-741cade39f7e4ecba44af9337b3f52a5,True,True,True,False,False,False
migu_lora,task002_quoref_answer_generation,task002-dc45be19527348a4a71b44f4cf143677,True,True,True,False,False,False
migu_lora,task002_quoref_answer_generation,task002-938e695bdbdd456c8599da29dd5587a8,False,False,False,False,False,False
migu_lora,task002_quoref_answer_generation,task002-15b69306072c41758f129446b25bbf81,False,False,False,False,False,False
migu_lora,task002_quoref_answer_generation,task002-4f1f52011e0e43e19f90ba697dd1eef1,True,True,True,False,False,False
migu_lora,task002_quoref_answer_generation,task002-74767ff7725f4b3db92590fcab3a19b1,True,True,True,False,False,False
migu_lora,task002_quoref_answer_generation,task002-153dd4a7879f4285bbc4a52d1c39af73,True,True,True,False,False,False
migu_lora,task002_quoref_answer_generation,task002-99aeaf2bd43146268c27b3a7ad4320ba,False,False,False,False,False,False
migu_lora,task002_quoref_answer_generation,task002-27d6dfad30064564b48cd55780d44968,False,False,False,False,False,False
migu_lora,task002_quoref_answer_generation,task002-12c2f8c354ec4a068ffc17e616baded3,True,True,True,False,False,False
migu_lora,task002_quoref_answer_generation,task002-65ca41618d8b44d393ba9390d1ebbb6c,False,False,False,False,False,False
migu_lora,task002_quoref_answer_generation,task002-f32c59d0972a4fe6b5207ec9fbb030f7,False,False,False,False,False,False
migu_lora,task002_quoref_answer_generation,task002-383f47706220441f931388fbc687b8dd,True,True,True,False,False,False
migu_lora,task002_quoref_answer_generation,task002-2fd884a221ff45938ae50d54191694cc,True,True,True,False,False,False
migu_lora,task002_quoref_answer_generation,task002-29bc73d2585349128c24b8045b179c7f,True,True,True,False,False,False
migu_lora,task002_quoref_answer_generation,task002-2469879c9b604b5e970796f2a87b6e8e,True,True,True,False,False,False
migu_lora,task002_quoref_answer_generation,task002-cea6b3a5659e47fb98e3e7ac2348894a,False,False,False,False,False,False
migu_lora,task002_quoref_answer_generation,task002-ddb0c5b98dfb4898b417d98892c5b2c3,False,False,False,False,False,False
migu_lora,task002_quoref_answer_generation,task002-fe6910e7aca444aab5b499d5a8e313bf,True,True,False,False,False,False
migu_lora,task002_quoref_answer_generation,task002-149fe374004b43f88a2209ae9330b19b,False,False,False,False,False,False
migu_lora,task002_quoref_answer_generation,task002-86f11db02a614a3e92f3d46f1b2c19aa,False,False,False,False,False,False
migu_lora,task002_quoref_answer_generation,task002-3ffd6271441147bb9f78545fb9b8f37b,True,True,True,False,False,False
migu_lora,task002_quoref_answer_generation,task002-4f1dd27c09994c6fa52c2973a4329e24,False,False,False,False,False,False
migu_lora,task002_quoref_answer_generation,task002-d914a61ac3d243519cec8cb266735c2a,False,True,False,True,False,False
migu_lora,task002_quoref_answer_generation,task002-1796bbf7e30d4cdd83026f50b55d06a2,True,False,True,False,True,False
migu_lora,task002_quoref_answer_generation,task002-a60ea6f89f4e4c7f9822734966efdb34,False,False,False,False,False,False
migu_lora,task002_quoref_answer_generation,task002-21206b8f28234f029338d39d464fa648,True,True,True,False,False,False
migu_lora,task002_quoref_answer_generation,task002-3f65f47b298649099b5da5b7c25239f2,True,True,True,False,False,False
migu_lora,task002_quoref_answer_generation,task002-42459eaecfd54af0a7a4c7446a675f08,False,True,True,True,False,True
migu_lora,task002_quoref_answer_generation,task002-3e43641fe67a4e6f8fd2b54da688bfd2,False,False,False,False,False,False
migu_lora,task002_quoref_answer_generation,task002-52913ab3868a4a26810c9efdd86ae591,True,True,True,False,False,False
migu_lora,task002_quoref_answer_generation,task002-be6efcc46741494eb8212d55e739b31b,True,True,False,False,False,False
migu_lora,task002_quoref_answer_generation,task002-93dc91150bcc45e7adc7559ae9817f75,False,False,False,False,False,False
migu_lora,task002_quoref_answer_generation,task002-1f1215163a5d4aec996cd0b1f8e01271,False,False,False,False,False,False
migu_lora,task002_quoref_answer_generation,task002-3ed726bd008b4f9aabf383c311d34c21,True,True,False,False,False,False
migu_lora,task002_quoref_answer_generation,task002-265e7b1f2bc84d1a96881cd7c05cf6ec,False,False,False,False,False,False
migu_lora,task002_quoref_answer_generation,task002-45c9ea9ffdd64a6f8009c3e3c970730a,False,False,False,False,False,False
migu_lora,task002_quoref_answer_generation,task002-f9a9088c87c34aeb8bad24a49138b602,True,True,True,False,False,False
migu_lora,task002_quoref_answer_generation,task002-6ae412b9e8d44a9bb9ab9b2e204c22a0,True,True,True,False,False,False
migu_lora,task002_quoref_answer_generation,task002-8283e7c623ee410f819898ed5c34cd3f,False,False,False,False,False,False
migu_lora,task002_quoref_answer_generation,task002-493413880e90448a815504c25cf47f50,True,True,False,False,False,False
migu_lora,task002_quoref_answer_generation,task002-325a7ad6f34d4e5f80cf0f6fceb83f7d,True,False,False,False,True,False
migu_lora,task002_quoref_answer_generation,task002-3e34148a24884574a7c665b00e10a1c8,False,False,False,False,False,False
migu_lora,task002_quoref_answer_generation,task002-bfe11cd423444ff9b8758cb2cb0b998a,True,True,True,False,False,False
migu_lora,task002_quoref_answer_generation,task002-0f066377624648f89da4130fe743e6a6,True,True,True,False,False,False
migu_lora,task002_quoref_answer_generation,task002-befaad7678524b21af9ec9f7ae4771f2,False,False,False,False,False,False
migu_lora,task002_quoref_answer_generation,task002-733ec58a32264304891eb36e3738d155,True,True,True,False,False,False
migu_lora,task002_quoref_answer_generation,task002-19c30e26be1e429fac3c617f95fd8274,True,True,True,False,False,False
migu_lora,task002_quoref_answer_generation,task002-ade87163cf704679afcb023782becb44,True,True,True,False,False,False
migu_lora,task002_quoref_answer_generation,task002-fa390d458bcc4f208e97f64d098920be,False,False,False,False,False,False
migu_lora,task002_quoref_answer_generation,task002-a2da82c723a7470d80f847831770865b,True,False,False,False,True,False
migu_lora,task002_quoref_answer_generation,task002-6ab6e07453cd458d8980231bc219e8ac,True,True,True,False,False,False
migu_lora,task002_quoref_answer_generation,task002-15ea04bb35704e9bb75a682625d04f9f,False,False,False,False,False,False
migu_lora,task002_quoref_answer_generation,task002-f4fcb4a113a94845b0b48819348701e1,True,True,True,False,False,False
migu_lora,task002_quoref_answer_generation,task002-de5941de9f924a2d8392b00507198d0e,False,True,True,True,False,True
migu_lora,task002_quoref_answer_generation,task002-f064447c1aeb4510a952a432140013ce,False,False,False,False,False,False
migu_lora,task002_quoref_answer_generation,task002-229c32bac4a64206876aba35efce7235,True,True,True,False,False,False
migu_lora,task002_quoref_answer_generation,task002-f51a06be885f4e4ebb306b309f60f3cb,False,False,False,False,False,False
migu_lora,task002_quoref_answer_generation,task002-d9022a28551e45df9fcdd829e1b9fdfd,False,False,False,False,False,False
migu_lora,task002_quoref_answer_generation,task002-4445cbd436a24abd9a52786341e916b1,True,True,True,False,False,False
migu_lora,task002_quoref_answer_generation,task002-4ea925139b6742ceb4ed044518fb870d,True,True,False,False,False,False
migu_lora,task002_quoref_answer_generation,task002-15795e28fc7e4956ba16bdecdd9ea2bd,True,False,False,False,True,False
migu_lora,task002_quoref_answer_generation,task002-21535759cfcd4a5d8aa201de5b03b542,False,False,False,False,False,False
migu_lora,task002_quoref_answer_generation,task002-fb616ee9cd244876b18657b71c702d6c,False,True,False,True,False,False
migu_lora,task002_quoref_answer_generation,task002-9f6333b6493843a7878671ee5c897c84,False,True,False,True,False,False
migu_lora,task002_quoref_answer_generation,task002-b93e7bd5b7d84f9c82b2e84345783322,False,False,False,False,False,False
migu_lora,task002_quoref_answer_generation,task002-5dc26a5c72084e2f99aa711c604d3671,False,False,False,False,False,False
migu_lora,task002_quoref_answer_generation,task002-188a47d5fab74f2e847bdee8d03c764e,False,True,True,True,False,True
migu_lora,task002_quoref_answer_generation,task002-fa6831e8e04e44f2ae2ca2b4606de8ef,False,False,True,False,False,False
migu_lora,task002_quoref_answer_generation,task002-a7ff3bd963524aa08f252432b0f6d729,False,True,False,True,False,False
migu_lora,task002_quoref_answer_generation,task002-54fd4f1381c349a2aaa60a6d6630c6c4,True,True,True,False,False,False
migu_lora,task002_quoref_answer_generation,task002-f3c53e3932344d339556463a765099af,True,True,True,False,False,False
migu_lora,task002_quoref_answer_generation,task002-7e421e3419664a5881486c79308c9789,True,True,True,False,False,False
migu_lora,task002_quoref_answer_generation,task002-c2b0a27c916d4dcfb65e89cbff6848f5,True,True,True,False,False,False
migu_lora,task002_quoref_answer_generation,task002-7966bfdd1d0742f981ccd27d47969ff0,False,True,False,True,False,False
migu_lora,task002_quoref_answer_generation,task002-6840ea0d19204118a40296cf6d25f27a,True,False,False,False,True,False
migu_lora,task002_quoref_answer_generation,task002-459bb4d9d9f84eb4925e83a785376d79,False,False,True,False,False,False
migu_lora,task002_quoref_answer_generation,task002-c1869d681c72406595c56e6b3725e980,True,True,True,False,False,False
migu_lora,task002_quoref_answer_generation,task002-3e27aa4f9d7142089e6e449337cfeb9d,False,False,False,False,False,False
migu_lora,task002_quoref_answer_generation,task002-a701ab93da054ff5a40f6ba5e0f6fbda,True,True,True,False,False,False
migu_lora,task002_quoref_answer_generation,task002-efd638d05d0b43fd972cbfa8bed7c1c2,False,False,False,False,False,False
migu_lora,task002_quoref_answer_generation,task002-a316229414944a579b78f35a79415c84,False,True,True,True,False,True
migu_lora,task002_quoref_answer_generation,task002-c78a230a37694621a1eb665d6b7be4ce,True,True,True,False,False,False
migu_lora,task002_quoref_answer_generation,task002-7956f19e4ade47fbbea2a2db8bd9d572,False,False,False,False,False,False
migu_lora,task002_quoref_answer_generation,task002-63aa0e8f98174885b4962969d3f26b96,False,False,False,False,False,False
migu_lora,task1510_evalution_relation_extraction,task1510-5f9d683cda37406b8581222d07f79df2,False,True,True,True,False,True
migu_lora,task1510_evalution_relation_extraction,task1510-e24fdd1db8b5448ea9962c82e7908345,False,True,True,True,False,True
migu_lora,task1510_evalution_relation_extraction,task1510-08e0112eb6b14048aa4997404d79cbfb,False,False,False,False,False,False
migu_lora,task1510_evalution_relation_extraction,task1510-67a8aa1643c5426d85e0717abf916431,False,True,True,True,False,True
migu_lora,task1510_evalution_relation_extraction,task1510-f75b297eead74db39127c02363f15d85,False,True,True,True,False,True
migu_lora,task1510_evalution_relation_extraction,task1510-69979a226f274e269c68ebf75d5a0573,False,False,False,False,False,False
migu_lora,task1510_evalution_relation_extraction,task1510-ea44d9db56554b78adac63a23fceb28b,False,True,True,True,False,True
migu_lora,task1510_evalution_relation_extraction,task1510-3103efec4a0d4e6d946885b4301e4c34,False,False,False,False,False,False
migu_lora,task1510_evalution_relation_extraction,task1510-238169216fb54f5b86e5ee32e1333e13,False,True,False,True,False,False
migu_lora,task1510_evalution_relation_extraction,task1510-77a4edc93ebd4e6e8f8ab79c80cf8832,False,True,True,True,False,True
migu_lora,task1510_evalution_relation_extraction,task1510-e91d61476d0a4a949f63469d5b37bc96,False,False,False,False,False,False
migu_lora,task1510_evalution_relation_extraction,task1510-405428d6d7a44c9b87a6365c8c93925a,False,False,True,False,False,False
migu_lora,task1510_evalution_relation_extraction,task1510-4a5ee9102d3c41328934710e7f4d06c4,False,True,True,True,False,True
migu_lora,task1510_evalution_relation_extraction,task1510-2a4c8f03e22b49378a9f35f286ef04e6,False,True,True,True,False,True
migu_lora,task1510_evalution_relation_extraction,task1510-41f83bd9eecd488587a4fa205b616228,False,False,False,False,False,False
migu_lora,task1510_evalution_relation_extraction,task1510-fedbe60d60864005aec981573f9bada7,False,True,False,True,False,False
migu_lora,task1510_evalution_relation_extraction,task1510-2782cb1fadc64bca82e848fb052072de,False,False,False,False,False,False
migu_lora,task1510_evalution_relation_extraction,task1510-3e990519e8a44bab952b6a7668c6b796,False,True,False,True,False,False
migu_lora,task1510_evalution_relation_extraction,task1510-528fac3e01ac40b1b77adfba29f2af65,False,False,False,False,False,False
migu_lora,task1510_evalution_relation_extraction,task1510-7bd6c4d5b7d24d7091af3841418afcea,False,True,True,True,False,True
migu_lora,task1510_evalution_relation_extraction,task1510-1f7478fd3f4b41d8aa842e567967a1d4,False,False,False,False,False,False
migu_lora,task1510_evalution_relation_extraction,task1510-b8a9a7e7b9f04b269c2f9579bd12f3f6,False,True,False,True,False,False
migu_lora,task1510_evalution_relation_extraction,task1510-444772a8bae54b9f8cb121da360e1a9b,False,True,False,True,False,False
migu_lora,task1510_evalution_relation_extraction,task1510-b69b805cd11e41659219cce633ec259b,False,True,False,True,False,False
migu_lora,task1510_evalution_relation_extraction,task1510-355b2b1747554de3b54362e64db787c1,False,False,False,False,False,False
migu_lora,task1510_evalution_relation_extraction,task1510-3f242e64501d4004b9cc37e50e0a20af,False,False,False,False,False,False
migu_lora,task1510_evalution_relation_extraction,task1510-a41897eb29e24833a6f0d620c252df50,False,False,False,False,False,False
migu_lora,task1510_evalution_relation_extraction,task1510-431e839707a34d41ae630023903814a0,False,True,False,True,False,False
migu_lora,task1510_evalution_relation_extraction,task1510-c1fe7731ae5e45a3804393779d54fde3,False,True,False,True,False,False
migu_lora,task1510_evalution_relation_extraction,task1510-9351c7654895444d8aa2c3873b2d4914,False,True,False,True,False,False
migu_lora,task1510_evalution_relation_extraction,task1510-c83faa0eefa84afe85144a02915ba191,False,True,False,True,False,False
migu_lora,task1510_evalution_relation_extraction,task1510-cdf410ad513d4ff78d0317e87a3e92b0,False,True,False,True,False,False
migu_lora,task1510_evalution_relation_extraction,task1510-376551cf14184b859cdc4f77d27c9f9a,False,False,False,False,False,False
migu_lora,task1510_evalution_relation_extraction,task1510-cdc1e2b31da1491eaf5d229261455591,False,True,True,True,False,True
migu_lora,task1510_evalution_relation_extraction,task1510-96c167f164dd47f6b87ab542b4eccb6a,False,False,False,False,False,False
migu_lora,task1510_evalution_relation_extraction,task1510-808cd7e7e6c6460ebdd664596870f241,False,False,False,False,False,False
migu_lora,task1510_evalution_relation_extraction,task1510-3c51637443964cbc89d487623af88e05,False,True,False,True,False,False
migu_lora,task1510_evalution_relation_extraction,task1510-d6c1e96aefc842338bda44c74d8fb2fd,False,False,True,False,False,False
migu_lora,task1510_evalution_relation_extraction,task1510-6c944f8636b144a0aff37e7a8a09caa7,False,True,True,True,False,True
migu_lora,task1510_evalution_relation_extraction,task1510-813606934fb04fa7a9e9beafe088b2cf,False,False,False,False,False,False
migu_lora,task1510_evalution_relation_extraction,task1510-82c4c41ec4124c7ba7d824caa8ea675b,False,False,True,False,False,False
migu_lora,task1510_evalution_relation_extraction,task1510-9d151afb01cc4cc1bb8014d759424c01,False,True,False,True,False,False
migu_lora,task1510_evalution_relation_extraction,task1510-feebe86397094cf995e27de5a38c6a1d,False,False,True,False,False,False
migu_lora,task1510_evalution_relation_extraction,task1510-582b5b1ba44f4ceba23d6575087baaab,False,False,False,False,False,False
migu_lora,task1510_evalution_relation_extraction,task1510-2de39884ffbf4cba86af228d596c74d2,False,True,False,True,False,False
migu_lora,task1510_evalution_relation_extraction,task1510-7a55f21c64454addbf032d3e356150da,False,False,False,False,False,False
migu_lora,task1510_evalution_relation_extraction,task1510-cddc87e5e5c54ec2b8fdcbc776ce0e2f,False,True,False,True,False,False
migu_lora,task1510_evalution_relation_extraction,task1510-696be0b2f3c148c79d15bb10a73fe5bb,False,True,False,True,False,False
migu_lora,task1510_evalution_relation_extraction,task1510-533d0103a7f347bebe02381d2b3bd2d6,False,False,False,False,False,False
migu_lora,task1510_evalution_relation_extraction,task1510-05258ae65b1d408f8480f9ababdb85c4,False,False,False,False,False,False
migu_lora,task1510_evalution_relation_extraction,task1510-9ad5ce101ebb47cda04c0899e7ec5d9e,False,False,True,False,False,False
migu_lora,task1510_evalution_relation_extraction,task1510-00ef1f3c43bb43fa9d7a365994f94346,False,True,False,True,False,False
migu_lora,task1510_evalution_relation_extraction,task1510-c01962437317405ebd2605c4ce0c26b2,False,False,True,False,False,False
migu_lora,task1510_evalution_relation_extraction,task1510-c49b32ffb9634b4abf68f3f3602b319f,False,True,False,True,False,False
migu_lora,task1510_evalution_relation_extraction,task1510-5d5f2a1285794e3fb2edd3f8e7b1d818,False,True,False,True,False,False
migu_lora,task1510_evalution_relation_extraction,task1510-4589a128b5f14c47bd791c77dda7118a,False,True,False,True,False,False
migu_lora,task1510_evalution_relation_extraction,task1510-48f2e39434ed4fc2bbc499c4da48668d,False,True,False,True,False,False
migu_lora,task1510_evalution_relation_extraction,task1510-79284933c96b4adc87fd180bb945f0e4,False,True,False,True,False,False
migu_lora,task1510_evalution_relation_extraction,task1510-9c1c58a762bb4ab49e93cdf0ff4846a8,False,True,False,True,False,False
migu_lora,task1510_evalution_relation_extraction,task1510-fc903c0fe24b4a50b50aaa8dd9a3d110,False,False,False,False,False,False
migu_lora,task1510_evalution_relation_extraction,task1510-cc34977689a04c89befbcbe74387550e,False,False,False,False,False,False
migu_lora,task1510_evalution_relation_extraction,task1510-fa3acf895c024f38982f40f192d6044d,False,True,True,True,False,True
migu_lora,task1510_evalution_relation_extraction,task1510-e08b42c924f34154aeb7fcf82156681c,False,False,False,False,False,False
migu_lora,task1510_evalution_relation_extraction,task1510-0929b7f6eaae49c2a39d903d95d354e4,False,True,False,True,False,False
migu_lora,task1510_evalution_relation_extraction,task1510-9e6d282099b64162a5b3e264f2702922,False,False,False,False,False,False
migu_lora,task1510_evalution_relation_extraction,task1510-f7cd61257de049328383f68f7b9fdaee,False,True,False,True,False,False
migu_lora,task1510_evalution_relation_extraction,task1510-45ea6e9241ce405688920e75189c7c52,False,True,False,True,False,False
migu_lora,task1510_evalution_relation_extraction,task1510-29253ee30948406e81f01c2c2148cfb0,False,True,False,True,False,False
migu_lora,task1510_evalution_relation_extraction,task1510-bf2cf9b53e6c4a39a5606a803eef6a1a,False,True,True,True,False,True
migu_lora,task1510_evalution_relation_extraction,task1510-d888fcd286604cb289168e97e4ff0e66,False,False,False,False,False,False
migu_lora,task1510_evalution_relation_extraction,task1510-384999054b484b29a0f426b51e7f636c,False,True,False,True,False,False
migu_lora,task1510_evalution_relation_extraction,task1510-288e0c8e41144c78865e59b57e9684a0,False,True,True,True,False,True
migu_lora,task1510_evalution_relation_extraction,task1510-0e3d3aac93e64a2eb08d19f84486fcce,False,True,True,True,False,True
migu_lora,task1510_evalution_relation_extraction,task1510-d026cd6e9b2c4506b373045bd8636f18,False,False,False,False,False,False
migu_lora,task1510_evalution_relation_extraction,task1510-c30e0edcd19a484bb63aac172e20f112,False,False,True,False,False,False
migu_lora,task1510_evalution_relation_extraction,task1510-8c2356685c8c413f8818238c924ab620,False,True,True,True,False,True
migu_lora,task1510_evalution_relation_extraction,task1510-9403afb3411841a38ca5f2d622613432,False,True,False,True,False,False
migu_lora,task1510_evalution_relation_extraction,task1510-3a9e90ed9f594415b0dfd9f5dfaec6d0,False,False,False,False,False,False
migu_lora,task1510_evalution_relation_extraction,task1510-9cb14ea0a9b94b6eb1307d8947e9ab36,False,False,False,False,False,False
migu_lora,task1510_evalution_relation_extraction,task1510-959031d13cb24589bca6d414bf9c8579,False,True,True,True,False,True
migu_lora,task1510_evalution_relation_extraction,task1510-01e7c347c64542f7a105c8a12cd8cf46,False,False,False,False,False,False
migu_lora,task1510_evalution_relation_extraction,task1510-f8c608797a7c45bb8b6c1b4bb3f854ff,False,False,False,False,False,False
migu_lora,task1510_evalution_relation_extraction,task1510-d71a6ae2290f4a74a18079df0a3fae97,False,True,True,True,False,True
migu_lora,task1510_evalution_relation_extraction,task1510-a10c561f997946718ba13aa0e80ee67a,False,True,False,True,False,False
migu_lora,task1510_evalution_relation_extraction,task1510-5ab4ef8dcce64e878bed18645ca20182,False,False,False,False,False,False
migu_lora,task1510_evalution_relation_extraction,task1510-66a6e9370f02495c93f2b48e9cadf58f,False,True,False,True,False,False
migu_lora,task1510_evalution_relation_extraction,task1510-54d7476281d54ec892e26dff1df2a163,False,True,True,True,False,True
migu_lora,task1510_evalution_relation_extraction,task1510-cf326ac56eee4c3a8625adf3b260dea6,False,True,True,True,False,True
migu_lora,task1510_evalution_relation_extraction,task1510-fa03bbdd54f145e38df533aa648c117d,False,True,False,True,False,False
migu_lora,task1510_evalution_relation_extraction,task1510-de27e7a0cd714f50b268b58321253eb3,False,False,False,False,False,False
migu_lora,task1510_evalution_relation_extraction,task1510-b9fc46625f73415ba992ccb8820a2fa4,False,False,False,False,False,False
migu_lora,task1510_evalution_relation_extraction,task1510-40941d15f2e84bd399b897cba8a8eb31,False,False,False,False,False,False
migu_lora,task1510_evalution_relation_extraction,task1510-7ddc368c36a94eb79a8d935184d4ed22,False,True,False,True,False,False
migu_lora,task1510_evalution_relation_extraction,task1510-95444f0ae12440abadb53db3b5cf2e05,False,True,False,True,False,False
migu_lora,task1510_evalution_relation_extraction,task1510-03e0254c6c3147a39077b00e0f449a9e,False,True,False,True,False,False
migu_lora,task1510_evalution_relation_extraction,task1510-9a0b75e34b0748dda5f4e5c8839d2665,False,True,False,True,False,False
migu_lora,task1510_evalution_relation_extraction,task1510-256a35492e7a4b7c8a536ca6f5e04902,False,True,False,True,False,False
migu_lora,task1510_evalution_relation_extraction,task1510-1577726f4ab1423c9e5749bd0cef2523,False,False,False,False,False,False
migu_lora,task1510_evalution_relation_extraction,task1510-a2fe74b3138f47f0ac335fd4628b5efc,False,False,False,False,False,False
migu_lora,task1510_evalution_relation_extraction,task1510-fef539fb0b694ec5be678c370093c588,False,True,True,True,False,True
migu_lora,task1510_evalution_relation_extraction,task1510-ec6764ab40d24ca69c21d836064c6481,False,True,False,True,False,False
migu_lora,task1510_evalution_relation_extraction,task1510-aedb785fbceb4cf9bd22b31d44dc566d,False,True,False,True,False,False
migu_lora,task1510_evalution_relation_extraction,task1510-06428f58cf1d4d489e8b4e3720c72f8d,False,True,True,True,False,True
migu_lora,task1510_evalution_relation_extraction,task1510-0cc5e12cff4f47bd9449b5946386bcc9,False,True,False,True,False,False
migu_lora,task1510_evalution_relation_extraction,task1510-1f9a3dee69b642498acae58fa7680fe9,False,True,False,True,False,False
migu_lora,task1510_evalution_relation_extraction,task1510-5299e1c9d3554fcba3e41fad480f63d4,False,True,False,True,False,False
migu_lora,task1510_evalution_relation_extraction,task1510-c2160d23a9474ce1b0b0ca147d976f5c,False,False,False,False,False,False
migu_lora,task1510_evalution_relation_extraction,task1510-81876f5626f543eca8731b6fad216c9d,False,True,True,True,False,True
migu_lora,task1510_evalution_relation_extraction,task1510-db6f28808fd84118a0525ebc9f39a964,False,True,False,True,False,False
migu_lora,task1510_evalution_relation_extraction,task1510-13199755437a4c0b984a780eca92604f,False,True,False,True,False,False
migu_lora,task1510_evalution_relation_extraction,task1510-75f367c3695a4457bb063afa8eee2ee2,False,False,False,False,False,False
migu_lora,task1510_evalution_relation_extraction,task1510-415a4f87c08b444d91d99649dc13c750,False,True,False,True,False,False
migu_lora,task1510_evalution_relation_extraction,task1510-484bbc48df2748f0abae62e1a063a1c6,False,True,False,True,False,False
migu_lora,task1510_evalution_relation_extraction,task1510-24c4c5f5117d49dda65fbc918552c1b4,False,True,False,True,False,False
migu_lora,task1510_evalution_relation_extraction,task1510-911907ef26334fc98debc1d776d2d930,False,True,False,True,False,False
migu_lora,task1510_evalution_relation_extraction,task1510-508f595dbd234e7bba1c1f8d5de13229,False,False,False,False,False,False
migu_lora,task1510_evalution_relation_extraction,task1510-638a8be4e3c147e18f55d006c9ed1f1a,False,False,True,False,False,False
migu_lora,task1510_evalution_relation_extraction,task1510-6284b3c49b8b465abef4a8da7563f33a,False,False,False,False,False,False
migu_lora,task1510_evalution_relation_extraction,task1510-d1189a1bc07548309f3a7978cac838fe,False,True,False,True,False,False
migu_lora,task1510_evalution_relation_extraction,task1510-165a62f508ab446099393eeebe363b78,False,True,False,True,False,False
migu_lora,task1510_evalution_relation_extraction,task1510-3713683c9ff54c659514f92760ffd4d2,False,False,False,False,False,False
migu_lora,task1510_evalution_relation_extraction,task1510-670ec7a1afca40cd842ccf4e2aca7eba,False,True,False,True,False,False
migu_lora,task1510_evalution_relation_extraction,task1510-418404171b674485be9a0162763714be,False,False,True,False,False,False
migu_lora,task1510_evalution_relation_extraction,task1510-c94b3a34b0214cafa03a2513bf0024c1,False,False,False,False,False,False
migu_lora,task1510_evalution_relation_extraction,task1510-610d31ce677f447294f2088e2a7d510f,False,False,False,False,False,False
migu_lora,task1510_evalution_relation_extraction,task1510-83874ac86f9d4a789aa1b419f279c6cc,False,False,False,False,False,False
migu_lora,task1510_evalution_relation_extraction,task1510-92f5a64e221a46d6b02bdb9a6c0204a1,False,False,False,False,False,False
migu_lora,task1510_evalution_relation_extraction,task1510-fbe6f17db0cb410fa884213a9b74f9ed,False,True,False,True,False,False
migu_lora,task1510_evalution_relation_extraction,task1510-b1b8876193f441c8beaddd0e82a22fe9,False,False,False,False,False,False
migu_lora,task1510_evalution_relation_extraction,task1510-4c09f978bc254570a84d762c40eb05f6,False,True,False,True,False,False
migu_lora,task1510_evalution_relation_extraction,task1510-1613ff1cef6c4e8a883a76dcf965a65f,False,False,False,False,False,False
migu_lora,task1510_evalution_relation_extraction,task1510-38a6f8cf4a1849e58d69e14bf927a71a,False,False,True,False,False,False
migu_lora,task1510_evalution_relation_extraction,task1510-ed083d08daad4b9fbdb5bb30cfadfe6d,False,True,False,True,False,False
migu_lora,task1510_evalution_relation_extraction,task1510-4d5ceb230f264cd292b980d284d10259,False,True,True,True,False,True
migu_lora,task1510_evalution_relation_extraction,task1510-16ad5db5f1dc48288a1f8394dd3b3b6d,False,False,False,False,False,False
migu_lora,task1510_evalution_relation_extraction,task1510-72cac91a716c44d0b0adbf3f746fd258,False,True,False,True,False,False
migu_lora,task1510_evalution_relation_extraction,task1510-8a956a4d4aa44e11942eab2da2b6eef4,False,False,False,False,False,False
migu_lora,task1510_evalution_relation_extraction,task1510-70f2f0903f6b46f08988aae324a0aff3,False,False,False,False,False,False
migu_lora,task1510_evalution_relation_extraction,task1510-7cc9c7a39a5d4f5f9f2a904613d53435,False,True,False,True,False,False
migu_lora,task1510_evalution_relation_extraction,task1510-6978afe2554b47e9bf951a06760252f4,False,True,True,True,False,True
migu_lora,task1510_evalution_relation_extraction,task1510-425be1c4a9534bec892c6e4aaa8f040f,False,False,False,False,False,False
migu_lora,task1510_evalution_relation_extraction,task1510-18c0a917619344f9a2333af81185b78b,False,False,False,False,False,False
migu_lora,task1510_evalution_relation_extraction,task1510-c7081bd236144b50b0d677aea3a50bfc,False,True,False,True,False,False
migu_lora,task1510_evalution_relation_extraction,task1510-229c7bc0ea274a10abfb8c00dac5b9a1,False,False,False,False,False,False
migu_lora,task1510_evalution_relation_extraction,task1510-2e32509272254e32bc138e7f0aef2ed5,False,False,False,False,False,False
migu_lora,task1510_evalution_relation_extraction,task1510-cf3a9e19f1e94284bb247451e05a8cb7,False,True,False,True,False,False
migu_lora,task1510_evalution_relation_extraction,task1510-276f830a86a54c3bba39f2bd60738d18,False,True,True,True,False,True
migu_lora,task1510_evalution_relation_extraction,task1510-81b9e419f3e64ec7adb951ea763d0023,False,False,False,False,False,False
migu_lora,task1510_evalution_relation_extraction,task1510-c9ad952529ca469883249a23ec34ff8e,False,False,False,False,False,False
migu_lora,task1510_evalution_relation_extraction,task1510-defff1ccb3cf45fd90e66101ff4d51e5,False,False,False,False,False,False
migu_lora,task1510_evalution_relation_extraction,task1510-661a72c20f0746cf87db68dc0476d6fe,False,False,False,False,False,False
migu_lora,task1510_evalution_relation_extraction,task1510-95ef307dbea44c4b9c06513718451da1,False,True,True,True,False,True
migu_lora,task1510_evalution_relation_extraction,task1510-f4590413bd904feaa0f78aef8b66ff69,False,False,False,False,False,False
migu_lora,task1510_evalution_relation_extraction,task1510-67a29b12d48640879ef91b8e64ac6119,False,True,False,True,False,False
migu_lora,task1510_evalution_relation_extraction,task1510-c834792c3fed49e398d4c5ee09be9341,False,False,False,False,False,False
migu_lora,task1510_evalution_relation_extraction,task1510-bdcb1247de5f429fb5c4aed7c8041329,False,True,False,True,False,False
migu_lora,task1510_evalution_relation_extraction,task1510-d0b9528786734a1680a3d17717b4ebba,False,True,True,True,False,True
migu_lora,task1510_evalution_relation_extraction,task1510-ce488508600e465798f71cb7e410ad3d,False,False,False,False,False,False
migu_lora,task1510_evalution_relation_extraction,task1510-b87ecc6c572448ceaae2cc7a7e636da8,False,True,False,True,False,False
migu_lora,task1510_evalution_relation_extraction,task1510-2f4d2e2d2b404e3ba5e18340d0bcf6df,False,False,False,False,False,False
migu_lora,task1510_evalution_relation_extraction,task1510-bd005623a8624df1b526ce589a7679e4,False,False,False,False,False,False
migu_lora,task1510_evalution_relation_extraction,task1510-be67400f435348c180a85cd5ba4f784a,False,False,False,False,False,False
migu_lora,task1510_evalution_relation_extraction,task1510-27600c83ec7348a6a76af5a6fb3aa98b,False,False,False,False,False,False
migu_lora,task1510_evalution_relation_extraction,task1510-3df16076220a4378876e8a7a38832940,False,True,True,True,False,True
migu_lora,task1510_evalution_relation_extraction,task1510-40d91b3461214ac6afce872cb9eb29b9,False,False,True,False,False,False
migu_lora,task1510_evalution_relation_extraction,task1510-fbf1666b203b4db2aa9177bb99b67fdd,False,False,False,False,False,False
migu_lora,task1510_evalution_relation_extraction,task1510-cea0890ebbcf47adb321e8d9225285fc,False,False,False,False,False,False
migu_lora,task1510_evalution_relation_extraction,task1510-0abb5bf7d39e485489db0f2f1754bbde,False,True,True,True,False,True
migu_lora,task1510_evalution_relation_extraction,task1510-87192720b9954755a64460737be8dd32,False,True,False,True,False,False
migu_lora,task1510_evalution_relation_extraction,task1510-af53d45cff5c42d6a42afd6c79ce4f69,False,True,True,True,False,True
migu_lora,task1510_evalution_relation_extraction,task1510-7f45545a6ad14089980fa9d324e24797,False,False,False,False,False,False
migu_lora,task1510_evalution_relation_extraction,task1510-0672eb8ad77d4eaf8af700713c897ef7,False,True,True,True,False,True
migu_lora,task1510_evalution_relation_extraction,task1510-f5dbb9d178504122902231666402a50c,False,False,False,False,False,False
migu_lora,task1510_evalution_relation_extraction,task1510-9f077744d031442aa808bdde53cf3919,False,True,False,True,False,False
migu_lora,task1510_evalution_relation_extraction,task1510-bf05c53eff414855b3a27a529c9996d7,False,True,False,True,False,False
migu_lora,task1510_evalution_relation_extraction,task1510-c3c92d41208e4e61a2517ca9d5ecf897,False,False,False,False,False,False
migu_lora,task1510_evalution_relation_extraction,task1510-8df7d1c25a8445bda5e52f952bb938ac,False,True,False,True,False,False
migu_lora,task1510_evalution_relation_extraction,task1510-8eb8e7a0148d4b259c9b8521246b4880,False,True,False,True,False,False
migu_lora,task1510_evalution_relation_extraction,task1510-a93ab5eeaff3439e981b6b274e826a8b,False,False,False,False,False,False
migu_lora,task1510_evalution_relation_extraction,task1510-0fd4384098d542629980e13c0a218f71,False,True,True,True,False,True
migu_lora,task1510_evalution_relation_extraction,task1510-573b3a5802b74e7fbbf244e655fbac82,False,True,False,True,False,False
migu_lora,task1510_evalution_relation_extraction,task1510-a1c907e195024fab8dbfa37c336c389e,False,False,True,False,False,False
migu_lora,task1510_evalution_relation_extraction,task1510-aca8b494a47b4961b1c9075fd0a7b597,False,True,False,True,False,False
migu_lora,task1510_evalution_relation_extraction,task1510-0beff684f39043c48db03f014d74acdf,False,False,False,False,False,False
migu_lora,task1510_evalution_relation_extraction,task1510-8612ab775b4a432f9305daae02f1ad7a,False,True,True,True,False,True
migu_lora,task1510_evalution_relation_extraction,task1510-2319805135a549ee81c7ab490b5be51e,False,True,True,True,False,True
migu_lora,task1510_evalution_relation_extraction,task1510-cdc7a811bab040a09feac04cc824d488,False,True,True,True,False,True
migu_lora,task1510_evalution_relation_extraction,task1510-dbdbfc56a9eb41539d33cfb85beb778f,False,True,False,True,False,False
migu_lora,task1510_evalution_relation_extraction,task1510-740b65a8b6d34fb598d6bbb413ebd003,False,True,False,True,False,False
migu_lora,task1510_evalution_relation_extraction,task1510-fdb20d5203f74f7ab2dc226572ff7fcb,False,True,False,True,False,False
migu_lora,task1510_evalution_relation_extraction,task1510-5f6f81a16f9a40c1b6ad74a090ca492e,False,True,False,True,False,False
migu_lora,task1510_evalution_relation_extraction,task1510-8bb78af005104d36b940d4de0cad6a69,False,False,False,False,False,False
migu_lora,task1510_evalution_relation_extraction,task1510-303f5ca2b5324df4867b97414c7ae5de,False,False,True,False,False,False
migu_lora,task1510_evalution_relation_extraction,task1510-397433c42dbd4b98ae06eac33cd79f13,False,True,False,True,False,False
migu_lora,task1510_evalution_relation_extraction,task1510-457212e230274e7b865a1edae85db447,False,False,False,False,False,False
migu_lora,task1510_evalution_relation_extraction,task1510-413f46b93c3c4f838694114bc4644958,False,True,True,True,False,True
migu_lora,task1510_evalution_relation_extraction,task1510-585037eba7404031940fd12b3da5de87,False,True,False,True,False,False
migu_lora,task1510_evalution_relation_extraction,task1510-3cc9a628d9364aabbd250ff7e2330ccb,False,False,False,False,False,False
migu_lora,task1510_evalution_relation_extraction,task1510-b13454e1442c4a8ebddfeba7d575f774,False,True,True,True,False,True
migu_lora,task1510_evalution_relation_extraction,task1510-3ea1236f8c6f41d68945d31be33146a1,False,False,False,False,False,False
migu_lora,task1729_personachat_generate_next,task1729-53143860f49c4b868f90de7fd8baa281,False,False,False,False,False,False
migu_lora,task1729_personachat_generate_next,task1729-59fa5715242c408cbebedb578607b39c,False,False,False,False,False,False
migu_lora,task1729_personachat_generate_next,task1729-390f9c64b0f04a0b901ecaaa9f8c9b88,False,False,False,False,False,False
migu_lora,task1729_personachat_generate_next,task1729-071307562328427bb92525937c9ddca1,False,False,False,False,False,False
migu_lora,task1729_personachat_generate_next,task1729-aa0add0999164cb0a74c9af24a20f2e5,False,False,False,False,False,False
migu_lora,task1729_personachat_generate_next,task1729-642113519e9f401ab31ba65bf592e473,False,False,False,False,False,False
migu_lora,task1729_personachat_generate_next,task1729-187565cc03e74345b55be4899107b8e9,False,False,False,False,False,False
migu_lora,task1729_personachat_generate_next,task1729-75df725797594083b3811b339c00b8cf,False,False,False,False,False,False
migu_lora,task1729_personachat_generate_next,task1729-3a9d9d83df7b41b9abb9c86dfb4251eb,False,False,False,False,False,False
migu_lora,task1729_personachat_generate_next,task1729-37f17dac68dd4e8089bf1f7baba855e4,False,False,False,False,False,False
migu_lora,task1729_personachat_generate_next,task1729-57caf467a48f42688745d4a58e1f36f6,False,False,False,False,False,False
migu_lora,task1729_personachat_generate_next,task1729-2e1352f2bb1e4621a27e6b4b78bc93c7,False,False,False,False,False,False
migu_lora,task1729_personachat_generate_next,task1729-50ea4a7033134547817a2916f55bd0e5,False,False,False,False,False,False
migu_lora,task1729_personachat_generate_next,task1729-56fd4c9de4504f6286488570d49a4df4,False,False,False,False,False,False
migu_lora,task1729_personachat_generate_next,task1729-535b2eb645534d7bb9b318f8610debea,False,False,False,False,False,False
migu_lora,task1729_personachat_generate_next,task1729-8951d15b1c4f459e9e1f44becc199a47,False,False,False,False,False,False
migu_lora,task1729_personachat_generate_next,task1729-07f0e3d19a1d4f53980f97c6ecae60a4,False,False,False,False,False,False
migu_lora,task1729_personachat_generate_next,task1729-050bcb16594744b5b076c202cc529119,False,False,False,False,False,False
migu_lora,task1729_personachat_generate_next,task1729-28d1254e80044675bc3f7da1905e6fa9,False,False,False,False,False,False
migu_lora,task1729_personachat_generate_next,task1729-b2fbbdc8766e4f959563b19f18761d06,False,False,False,False,False,False
migu_lora,task1729_personachat_generate_next,task1729-8b5c6cb366794bfd946c75ce22b46884,False,False,False,False,False,False
migu_lora,task1729_personachat_generate_next,task1729-d21a61144acf493b92a73bc6d78c5a05,False,False,False,False,False,False
migu_lora,task1729_personachat_generate_next,task1729-641badee601146a6b025ee0287d182aa,False,False,False,False,False,False
migu_lora,task1729_personachat_generate_next,task1729-0dd40ba8ea26424783181316f2cc1b44,False,False,False,False,False,False
migu_lora,task1729_personachat_generate_next,task1729-8fffccffa086447db9806890bcd7830b,False,False,False,False,False,False
migu_lora,task1729_personachat_generate_next,task1729-5405683f697c48e1ba7ed4984bab838f,False,False,False,False,False,False
migu_lora,task1729_personachat_generate_next,task1729-0169ed04e5a34b37a66f8a75689dd6fb,False,False,False,False,False,False
migu_lora,task1729_personachat_generate_next,task1729-23a658ff6e254ebb95f32d2fb1780ad7,False,False,False,False,False,False
migu_lora,task1729_personachat_generate_next,task1729-02de596466234e8687e85ddd04c94a9e,False,False,False,False,False,False
migu_lora,task1729_personachat_generate_next,task1729-e533e1e8cf30401d842e9f2677995200,False,False,False,False,False,False
migu_lora,task1729_personachat_generate_next,task1729-a775c653c9164486b76b6a97c116bd3d,False,False,False,False,False,False
migu_lora,task1729_personachat_generate_next,task1729-ba18d71799764969be4eabaa3d2e7a38,False,False,False,False,False,False
migu_lora,task1729_personachat_generate_next,task1729-84b90afb06584a188718ede73640154d,False,False,False,False,False,False
migu_lora,task1729_personachat_generate_next,task1729-a963677a2d484463af29d0c37cc22063,False,False,False,False,False,False
migu_lora,task1729_personachat_generate_next,task1729-d49daadceef74057ad5a18ce366c09ad,False,False,False,False,False,False
migu_lora,task1729_personachat_generate_next,task1729-06f0dc885fc240ce9925b9d6cfb83b41,False,False,False,False,False,False
migu_lora,task1729_personachat_generate_next,task1729-2cfb4406b60348629bc64e8377932c27,False,False,False,False,False,False
migu_lora,task1729_personachat_generate_next,task1729-170782a03ecc48bfb6d28049be6bfeb7,False,False,False,False,False,False
migu_lora,task1729_personachat_generate_next,task1729-d6b9476ec821447fa76ac8015111752a,False,False,False,False,False,False
migu_lora,task1729_personachat_generate_next,task1729-31986394ada548c2b8e84389d3cabc01,False,False,False,False,False,False
migu_lora,task1729_personachat_generate_next,task1729-c7538847c42e49f6b5faa5c84c263fb8,False,False,False,False,False,False
migu_lora,task1729_personachat_generate_next,task1729-8569d99102a74900baa79e0960467dca,False,False,False,False,False,False
migu_lora,task1729_personachat_generate_next,task1729-e6594f899d6b4c31b47d46c29c7efdd6,False,False,False,False,False,False
migu_lora,task1729_personachat_generate_next,task1729-366df6aa0a17498da246f16d0df177f0,False,False,False,False,False,False
migu_lora,task1729_personachat_generate_next,task1729-7e9beede95db49748577cea1071f02d7,False,False,False,False,False,False
migu_lora,task1729_personachat_generate_next,task1729-4c2bad170594486aa0b4e4e809fad7da,False,False,False,False,False,False
migu_lora,task1729_personachat_generate_next,task1729-e2036fcf00784542a435a2cc8ba9f940,False,False,False,False,False,False
migu_lora,task1729_personachat_generate_next,task1729-6fce449fc2f945db941f161a54fd92bc,False,False,False,False,False,False
migu_lora,task1729_personachat_generate_next,task1729-9db0f4565257444bb4b7915a7ceb76e3,False,False,False,False,False,False
migu_lora,task1729_personachat_generate_next,task1729-b49fd1e855004bc3a611bfdcf0fc2927,False,False,False,False,False,False
migu_lora,task1729_personachat_generate_next,task1729-39a6fbbed66e433ab5ce537586a3b79a,False,False,False,False,False,False
migu_lora,task1729_personachat_generate_next,task1729-19db73113f17463792346a72f67d6896,False,False,False,False,False,False
migu_lora,task1729_personachat_generate_next,task1729-1711b11256334da893722821c0360339,False,False,False,False,False,False
migu_lora,task1729_personachat_generate_next,task1729-d82f0c1b18d44516a8165c9f2de2467c,False,False,False,False,False,False
migu_lora,task1729_personachat_generate_next,task1729-2a096f91819743e3b6b4a871e845e83e,False,False,False,False,False,False
migu_lora,task1729_personachat_generate_next,task1729-8d7bbf8d4bf24788a70f50716ae161d2,False,False,False,False,False,False
migu_lora,task1729_personachat_generate_next,task1729-006fc4059a3d403ab1c2d16dc2947352,False,False,False,False,False,False
migu_lora,task1729_personachat_generate_next,task1729-e6889e9eeb0f4305b88cec1c535e1896,False,False,False,False,False,False
migu_lora,task1729_personachat_generate_next,task1729-05b10bbedd4c40efbd79d822f1ac0aaa,False,False,False,False,False,False
migu_lora,task1729_personachat_generate_next,task1729-9ec28416c31e49128a1a97b8c4453742,False,False,False,False,False,False
migu_lora,task1729_personachat_generate_next,task1729-1937f2067fb049f5ad69b759c6bd145a,False,False,False,False,False,False
migu_lora,task1729_personachat_generate_next,task1729-291f0bcb6ccc41d285de7cc3832eb8c6,False,False,False,False,False,False
migu_lora,task1729_personachat_generate_next,task1729-da65e60eb5b746d7ae52db2de736ee1a,False,False,False,False,False,False
migu_lora,task1729_personachat_generate_next,task1729-26ca31f9d1bc4336b22490492efb5ff2,False,False,False,False,False,False
migu_lora,task1729_personachat_generate_next,task1729-966878547a954a3d82027e167aa94210,False,False,False,False,False,False
migu_lora,task1729_personachat_generate_next,task1729-ba6ecb3d09fb48d19796d50030368979,False,False,False,False,False,False
migu_lora,task1729_personachat_generate_next,task1729-31774fed071a491cb225ca012a761fbb,False,False,False,False,False,False
migu_lora,task1729_personachat_generate_next,task1729-313260348317472da337f1a36b54306c,False,False,False,False,False,False
migu_lora,task1729_personachat_generate_next,task1729-e398af2655f04badbc31b2997d8b64b5,False,False,False,False,False,False
migu_lora,task1729_personachat_generate_next,task1729-129d4ae913bb40f383e3820bf8c687fa,False,False,False,False,False,False
migu_lora,task1729_personachat_generate_next,task1729-7bdce87b6ded481caa9c598bfe68fb8a,False,False,False,False,False,False
migu_lora,task1729_personachat_generate_next,task1729-9e5ab5a66c4f4fcea72e4fa61523d3e2,False,False,False,False,False,False
migu_lora,task1729_personachat_generate_next,task1729-2dc490764fe04932a714b2c2d9e8018f,False,False,False,False,False,False
migu_lora,task1729_personachat_generate_next,task1729-d411dca74ba1490c80f1f965a5acb7ee,False,False,False,False,False,False
migu_lora,task1729_personachat_generate_next,task1729-8895b0c512984f83b2325908dde30ca4,False,False,False,False,False,False
migu_lora,task1729_personachat_generate_next,task1729-04e30fc9226241898a4261d4961d61eb,False,False,False,False,False,False
migu_lora,task1729_personachat_generate_next,task1729-5bb3f4df55d84865bdbc7c9e4cf90c58,False,False,False,False,False,False
migu_lora,task1729_personachat_generate_next,task1729-34de5d0ca08c46fd9ea9a7811545ff7e,False,False,False,False,False,False
migu_lora,task1729_personachat_generate_next,task1729-f53f6a91362842d38f5af842efc34e26,False,False,False,False,False,False
migu_lora,task1729_personachat_generate_next,task1729-fd2dd388fb6d4e1a91e85034e717601d,False,False,False,False,False,False
migu_lora,task1729_personachat_generate_next,task1729-10b87993d50e49ffb4a921527d585873,False,False,False,False,False,False
migu_lora,task1729_personachat_generate_next,task1729-433302ef49864976a781cadb3e051928,False,False,False,False,False,False
migu_lora,task1729_personachat_generate_next,task1729-358929faef464722abd23ce5d9cc8a9e,False,False,False,False,False,False
migu_lora,task1729_personachat_generate_next,task1729-ca9f9f5018e944388bb404311e1cfdcb,False,False,False,False,False,False
migu_lora,task1729_personachat_generate_next,task1729-70f4008428b242ceab76573b5ebba2cd,False,False,False,False,False,False
migu_lora,task1729_personachat_generate_next,task1729-b84ddf54d68e4074a703edc277a1991a,False,False,False,False,False,False
migu_lora,task1729_personachat_generate_next,task1729-42aff878c1204569affd5ab167b1c39f,False,False,False,False,False,False
migu_lora,task1729_personachat_generate_next,task1729-cf500d5efac94604aae0f0b788b7db7f,False,False,False,False,False,False
migu_lora,task1729_personachat_generate_next,task1729-5321ee68cef7416dbe9731c7e845bd29,False,False,False,False,False,False
migu_lora,task1729_personachat_generate_next,task1729-07ee7c7b5f6e425bbd080f8fd4b1a825,False,False,False,False,False,False
migu_lora,task1729_personachat_generate_next,task1729-54674a67c7b946f8b49136d7986db04a,False,False,False,False,False,False
migu_lora,task1729_personachat_generate_next,task1729-0263974bbfdb47fa95d67b51df2565b0,False,False,False,False,False,False
migu_lora,task1729_personachat_generate_next,task1729-87d818925d2b4997b5167b84b49ebe98,False,False,False,False,False,False
migu_lora,task1729_personachat_generate_next,task1729-001ec7857510435984fb55bcc34a3833,False,False,False,False,False,False
migu_lora,task1729_personachat_generate_next,task1729-7a1db2475a0f4d5186aba6b4fcc836bb,False,False,False,False,False,False
migu_lora,task1729_personachat_generate_next,task1729-dcba8addb15d4f6a80525c41e878c58c,False,False,False,False,False,False
migu_lora,task1729_personachat_generate_next,task1729-0c28929e937f49f3a54e366c0106345b,False,False,False,False,False,False
migu_lora,task1729_personachat_generate_next,task1729-e5b77bb4a03d41ae956039aca46f6832,False,False,False,False,False,False
migu_lora,task1729_personachat_generate_next,task1729-e0a35d3d24084b9cadb3cfd3a074905b,False,False,False,False,False,False
migu_lora,task1729_personachat_generate_next,task1729-5582a36a75284eb7853c565b3ae270d1,False,False,False,False,False,False
migu_lora,task1729_personachat_generate_next,task1729-f58d487f6b854440ac7b6722518c7e2b,False,False,False,False,False,False
migu_lora,task1729_personachat_generate_next,task1729-623255f6882c47e0b26b6bc3a73a4493,False,False,False,False,False,False
migu_lora,task1729_personachat_generate_next,task1729-41a7d44a89284e7ca6b4bcca4ebed908,False,False,False,False,False,False
migu_lora,task1729_personachat_generate_next,task1729-e67d1dcc91e0494c8fb652cad2b67f43,False,False,False,False,False,False
migu_lora,task1729_personachat_generate_next,task1729-02d9f3c9c9eb4d81b28d3decba7ac15b,False,False,False,False,False,False
migu_lora,task1729_personachat_generate_next,task1729-08c5ad3a6e6745d789e42126eb7533f3,False,False,False,False,False,False
migu_lora,task1729_personachat_generate_next,task1729-df1187fc9f7f4f79b6397c1fb0ae8303,False,False,False,False,False,False
migu_lora,task1729_personachat_generate_next,task1729-1f3943e60f8e47b2b5cb51aeca90fe26,False,False,False,False,False,False
migu_lora,task1729_personachat_generate_next,task1729-a7b4cc4efcb54646ac64c1808b107264,False,False,False,False,False,False
migu_lora,task1729_personachat_generate_next,task1729-a5536f6798ad47b387df80c0fb8e65f1,False,False,False,False,False,False
migu_lora,task1729_personachat_generate_next,task1729-01b6b7b0c5454a3c8dbbf66a9c7e9c2c,False,False,False,False,False,False
migu_lora,task1729_personachat_generate_next,task1729-80dc2a9a010c442bb9114c04cba70ece,False,False,False,False,False,False
migu_lora,task1729_personachat_generate_next,task1729-beba0dd4e4f84bc98cf20c9fd86060b4,False,False,False,False,False,False
migu_lora,task1729_personachat_generate_next,task1729-c8139a8e12314b76b2321c3308a39707,False,False,False,False,False,False
migu_lora,task1729_personachat_generate_next,task1729-3bc7a6710f574f35bfe2b9eaf00e6a2b,False,False,False,False,False,False
migu_lora,task1729_personachat_generate_next,task1729-2a905d2cd9ff471597ee37a8e82e29ad,False,False,False,False,False,False
migu_lora,task1729_personachat_generate_next,task1729-b63370130c1048b28f8ddd6eb202d26a,False,False,False,False,False,False
migu_lora,task1729_personachat_generate_next,task1729-916aa97726844e0eb47ce6387d47ec77,False,False,False,False,False,False
migu_lora,task1729_personachat_generate_next,task1729-8f67ee063964460d97e8dfd08b5702df,False,False,False,False,False,False
migu_lora,task1729_personachat_generate_next,task1729-171f8f2a4403489fb359bf1d8f88499a,False,False,False,False,False,False
migu_lora,task1729_personachat_generate_next,task1729-76bf9a217bba4a5d9e7dd3b8e21a57d9,False,False,False,False,False,False
migu_lora,task1729_personachat_generate_next,task1729-c6c2a16f00c142a284175afcf797a775,False,False,False,False,False,False
migu_lora,task1729_personachat_generate_next,task1729-b1934b9d7b174c8da868ec51a30c82c2,False,False,False,False,False,False
migu_lora,task1729_personachat_generate_next,task1729-d4cbed52d0874a89a1cac95d0401ff7c,False,False,False,False,False,False
migu_lora,task1729_personachat_generate_next,task1729-15c51e0d16b14c338cac0ec9a0ad3d3c,False,False,False,False,False,False
migu_lora,task1729_personachat_generate_next,task1729-df1b6e3d1f2b488bb930a8d33a51cb83,False,False,False,False,False,False
migu_lora,task1729_personachat_generate_next,task1729-9f03cb9ef42a43baa78e9a79089a07b8,False,False,False,False,False,False
migu_lora,task1729_personachat_generate_next,task1729-ca1ff54203bb4d1baa32149a571a93f8,False,False,False,False,False,False
migu_lora,task1729_personachat_generate_next,task1729-a317ee577f2546d2b3d861ebee2db593,False,False,False,False,False,False
migu_lora,task1729_personachat_generate_next,task1729-ebff6c03e47d480c9b9e41a70792197a,False,False,False,False,False,False
migu_lora,task1729_personachat_generate_next,task1729-4b1984aa461a4539a4b4097f06310bbd,False,False,False,False,False,False
migu_lora,task1729_personachat_generate_next,task1729-121c460f880d475db561e50212fd1847,False,False,False,False,False,False
migu_lora,task1729_personachat_generate_next,task1729-6714cd75082f423da33e32d4590bccf7,False,False,False,False,False,False
migu_lora,task1729_personachat_generate_next,task1729-d56e745df9424a4287af87ff651be9b4,False,False,False,False,False,False
migu_lora,task1729_personachat_generate_next,task1729-c0dcc53050764c6db6968cc9d0266033,False,False,False,False,False,False
migu_lora,task1729_personachat_generate_next,task1729-bbe6f70d9bb643748613418ba08842d3,False,False,False,False,False,False
migu_lora,task1729_personachat_generate_next,task1729-945e8c4b16ca4d0488de4704e1c87a8d,False,False,False,False,False,False
migu_lora,task1729_personachat_generate_next,task1729-7a7e2460672a4f809355d205d36e2a9a,False,False,False,False,False,False
migu_lora,task1729_personachat_generate_next,task1729-e3c660e16ed4403ca8df09a795ab8a97,False,False,False,False,False,False
migu_lora,task1729_personachat_generate_next,task1729-74893bcc66ba49da84fa1c290689d386,False,False,False,False,False,False
migu_lora,task1729_personachat_generate_next,task1729-cca9ffd8a3da426ea68e52da203fc549,False,False,False,False,False,False
migu_lora,task1729_personachat_generate_next,task1729-ff41968abdf7478fbe7c09f7e8b4f252,False,False,False,False,False,False
migu_lora,task1729_personachat_generate_next,task1729-29779555bc864c30bb9e6bdc8147c25e,False,False,False,False,False,False
migu_lora,task1729_personachat_generate_next,task1729-c4c9ec115ba74d0f85e773fc0cce3c9a,False,False,False,False,False,False
migu_lora,task1729_personachat_generate_next,task1729-ebcd417cde8b4255b511dde45de5b547,False,False,False,False,False,False
migu_lora,task1729_personachat_generate_next,task1729-5e5d3cce08654dad8cda3f2c72f21ca2,False,False,False,False,False,False
migu_lora,task1729_personachat_generate_next,task1729-33aefa8ef55d4622883d7f80a6124d64,False,False,False,False,False,False
migu_lora,task1729_personachat_generate_next,task1729-eaec1985b0684bafaac163fc117e2a3f,False,False,False,False,False,False
migu_lora,task1729_personachat_generate_next,task1729-c7532578fecd49448598b89e171fce7b,False,False,False,False,False,False
migu_lora,task1729_personachat_generate_next,task1729-f108b756dfe04fba8aa57e7c27c7556c,False,False,False,False,False,False
migu_lora,task1729_personachat_generate_next,task1729-65c1919779494cf6805331c0af71f9d5,False,False,False,False,False,False
migu_lora,task1729_personachat_generate_next,task1729-0b44f557f50e493db875c58493b23fac,False,False,False,False,False,False
migu_lora,task1729_personachat_generate_next,task1729-4bc70f098f5540629666b321277faa7e,False,False,False,False,False,False
migu_lora,task1729_personachat_generate_next,task1729-e484af45da234002bf1326bd78a60c5d,False,False,False,False,False,False
migu_lora,task1729_personachat_generate_next,task1729-ccb290a148d248a9a3b79467eb4f5bca,False,False,False,False,False,False
migu_lora,task1729_personachat_generate_next,task1729-5544da88f4454656959441c0197488bd,False,False,False,False,False,False
migu_lora,task1729_personachat_generate_next,task1729-2c21ac58e10240d6b92a79b8a9aa1796,False,False,False,False,False,False
migu_lora,task1729_personachat_generate_next,task1729-f9bc025fcb774d45923d90407653db11,False,False,False,False,False,False
migu_lora,task1729_personachat_generate_next,task1729-b56bc6698fe540318da5752330441191,False,False,False,False,False,False
migu_lora,task1729_personachat_generate_next,task1729-aa0f9a2de9a34271bc1a3e72496509a2,False,False,False,False,False,False
migu_lora,task1729_personachat_generate_next,task1729-8f26242e7a0e409ea6429726874b448c,False,False,False,False,False,False
migu_lora,task1729_personachat_generate_next,task1729-08abfec52d72484db65cc6192cb797bc,False,False,False,False,False,False
migu_lora,task1729_personachat_generate_next,task1729-50d1f4e0dbc940c1b8714c6056f17741,False,False,False,False,False,False
migu_lora,task1729_personachat_generate_next,task1729-a2c25ae71717481da365570d31928dbc,False,False,False,False,False,False
migu_lora,task1729_personachat_generate_next,task1729-500928b0b3774231a851e5ed3943af35,False,False,False,False,False,False
migu_lora,task1729_personachat_generate_next,task1729-64a3046f1cd24821a5fbfdf2ae149e2f,False,False,False,False,False,False
migu_lora,task1729_personachat_generate_next,task1729-13e37c5ad2144c09bfe422802fa18811,False,False,False,False,False,False
migu_lora,task1729_personachat_generate_next,task1729-3c8172ba235749b88311b284dcf4cbd4,False,False,False,False,False,False
migu_lora,task1729_personachat_generate_next,task1729-1b0a3b48554140ac9112de1db8e5e843,False,False,False,False,False,False
migu_lora,task1729_personachat_generate_next,task1729-22de11d552b147f888fa30b26514eddc,False,False,False,False,False,False
migu_lora,task1729_personachat_generate_next,task1729-33aad77bf2f04fe68665c5d53d49fa90,False,False,False,False,False,False
migu_lora,task1729_personachat_generate_next,task1729-292b74cfe2244e39951e9364889a6a4a,False,False,False,False,False,False
migu_lora,task1729_personachat_generate_next,task1729-d7a21108aef243eaa4617c4c1da20906,False,False,False,False,False,False
migu_lora,task1729_personachat_generate_next,task1729-9ab73fa1c6d0485b947488524644c42c,False,False,False,False,False,False
migu_lora,task1729_personachat_generate_next,task1729-fb52e3b6c2e14b91af9fc64403fe618a,False,False,False,False,False,False
migu_lora,task1729_personachat_generate_next,task1729-34492fd9ce6b4347a646943217d97f28,False,False,False,False,False,False
migu_lora,task1729_personachat_generate_next,task1729-c797f9adb9b24e16a34778e49b09d4b3,False,False,False,False,False,False
migu_lora,task1729_personachat_generate_next,task1729-199c28440b28472a94308ce9178eab59,False,False,False,False,False,False
migu_lora,task1729_personachat_generate_next,task1729-700b28402ea448e0ace915381673890e,False,False,False,False,False,False
migu_lora,task1729_personachat_generate_next,task1729-a4cf656be56d41ee8e1269ac526e1c87,False,False,False,False,False,False
migu_lora,task1729_personachat_generate_next,task1729-1f3e4e9f5fb34359bfd7ac5cebbdcc94,False,False,False,False,False,False
migu_lora,task1729_personachat_generate_next,task1729-7449349a22fb421d8f899bb9943fce9f,False,False,False,False,False,False
migu_lora,task1729_personachat_generate_next,task1729-9e4696f9cfb4426c8cfdd670c1855ea3,False,False,False,False,False,False
migu_lora,task1729_personachat_generate_next,task1729-095f2096efa24cffa6c15ef08d25a2a2,False,False,False,False,False,False
migu_lora,task1729_personachat_generate_next,task1729-9be1819695674ec1be9897915ef39de5,False,False,False,False,False,False
migu_lora,task1729_personachat_generate_next,task1729-453251e011884716bbb9b2e0d963d91b,False,False,False,False,False,False
migu_lora,task1729_personachat_generate_next,task1729-19c2b9f44d0c4de89c4601844cfc06f4,False,False,False,False,False,False
migu_lora,task1729_personachat_generate_next,task1729-8c4ae0f696a74d1fb628071be3351618,False,False,False,False,False,False
migu_lora,task1729_personachat_generate_next,task1729-fb98403f153c486aaa933894842026d5,False,False,False,False,False,False
migu_lora,task1729_personachat_generate_next,task1729-078929d6184d48fbb394a03d80e31b8e,False,False,False,False,False,False
migu_lora,task1729_personachat_generate_next,task1729-b615de203c6f45a08fdf034ae0f9a1b1,False,False,False,False,False,False
migu_lora,task1729_personachat_generate_next,task1729-1a46957662af4916b66ce52308744ecf,False,False,False,False,False,False
migu_lora,task1729_personachat_generate_next,task1729-d1322900bf4e49f39d19ef21f7611867,False,False,False,False,False,False
migu_lora,task1729_personachat_generate_next,task1729-0587480608fc4dac96293572e4e5c3bb,False,False,False,False,False,False
migu_lora,task1729_personachat_generate_next,task1729-82758acff6ea4d8ba26f55fcf5549bf6,False,False,False,False,False,False
migu_lora,task1729_personachat_generate_next,task1729-2b04b3b13d884bafa3c7f768e10bfbc2,False,False,False,False,False,False
migu_lora,task1729_personachat_generate_next,task1729-165e240b46b8476bb965232309fe464c,False,False,False,False,False,False
migu_lora,task1729_personachat_generate_next,task1729-0c6dfc6723ed4491a7cbf657d1473713,False,False,False,False,False,False
migu_lora,task1729_personachat_generate_next,task1729-4a2344cae0de4a558fafa30668869128,False,False,False,False,False,False
migu_lora,task1729_personachat_generate_next,task1729-07691102a3454acdbc723be005572349,False,False,False,False,False,False
migu_lora,task748_glucose_reverse_cause_event_detection,task748-2f188cfafd6043ad86d7806cba4a41da,False,False,False,False,False,False
migu_lora,task748_glucose_reverse_cause_event_detection,task748-ea08ef7008cf4bdc91f6ea900f7ce070,False,False,False,False,False,False
migu_lora,task748_glucose_reverse_cause_event_detection,task748-bda06ebdabb74456b082202098633178,False,False,False,False,False,False
migu_lora,task748_glucose_reverse_cause_event_detection,task748-8129cc5c6393413d99c837270132f11d,False,False,False,False,False,False
migu_lora,task748_glucose_reverse_cause_event_detection,task748-556f9f1b23ff47c3912681c43ed8e7db,False,False,False,False,False,False
migu_lora,task748_glucose_reverse_cause_event_detection,task748-3930b704471a4f48a42456713d905187,False,False,False,False,False,False
migu_lora,task748_glucose_reverse_cause_event_detection,task748-6fe5fc2865ab44eb8634bd98b36e1264,False,False,False,False,False,False
migu_lora,task748_glucose_reverse_cause_event_detection,task748-aff4fdc25b0640b7b50e905751d620c4,False,False,False,False,False,False
migu_lora,task748_glucose_reverse_cause_event_detection,task748-02b90dcbe91549be8b79f04578ec2d09,False,False,False,False,False,False
migu_lora,task748_glucose_reverse_cause_event_detection,task748-4171f5066bd4420ebdabdc5a96a0ab03,False,False,False,False,False,False
migu_lora,task748_glucose_reverse_cause_event_detection,task748-17f933f4187b44c79c39feabefaa0dc5,False,False,False,False,False,False
migu_lora,task748_glucose_reverse_cause_event_detection,task748-3487d1879f584902b70364261f88f00d,False,False,False,False,False,False
migu_lora,task748_glucose_reverse_cause_event_detection,task748-91131b6b1ad14404b969477a44ae3837,False,False,False,False,False,False
migu_lora,task748_glucose_reverse_cause_event_detection,task748-e05b3255999a443bb990dd8b93bab919,False,False,False,False,False,False
migu_lora,task748_glucose_reverse_cause_event_detection,task748-60e58717b30e40af96d91469c402897d,False,False,False,False,False,False
migu_lora,task748_glucose_reverse_cause_event_detection,task748-48e79f6b165d475f92afeb916759bab9,False,False,False,False,False,False
migu_lora,task748_glucose_reverse_cause_event_detection,task748-3db61f9dc97e434ba1b83109cd46f34d,False,False,False,False,False,False
migu_lora,task748_glucose_reverse_cause_event_detection,task748-4ed2fda98027456698d21890d58370ff,False,False,False,False,False,False
migu_lora,task748_glucose_reverse_cause_event_detection,task748-2c114491ad5e4fc08fa27b26d3d32a16,False,False,False,False,False,False
migu_lora,task748_glucose_reverse_cause_event_detection,task748-ac968cd951904608b57577f1655296aa,False,False,False,False,False,False
migu_lora,task748_glucose_reverse_cause_event_detection,task748-7e311345214c45ffbcec9e974cc4b63c,False,False,False,False,False,False
migu_lora,task748_glucose_reverse_cause_event_detection,task748-5593528f9bf446a5b4a8ba30c83787ea,False,False,False,False,False,False
migu_lora,task748_glucose_reverse_cause_event_detection,task748-21a67d605dcf4020a9b7b41fe6cb4685,False,False,False,False,False,False
migu_lora,task748_glucose_reverse_cause_event_detection,task748-fe95f87f959a4511857f90211d629e25,False,False,False,False,False,False
migu_lora,task748_glucose_reverse_cause_event_detection,task748-9e9042bad2e847c49aafbe0d69d7ad5d,False,False,False,False,False,False
migu_lora,task748_glucose_reverse_cause_event_detection,task748-5630376a64fd4502910d2badc874d095,False,False,False,False,False,False
migu_lora,task748_glucose_reverse_cause_event_detection,task748-564be43d09cf4bcda09c90e8d4729f50,False,False,False,False,False,False
migu_lora,task748_glucose_reverse_cause_event_detection,task748-099b98d74b9b4201bc09782464b8fe75,False,False,False,False,False,False
migu_lora,task748_glucose_reverse_cause_event_detection,task748-415a12c2dce34b33924a6a26ead9c0cb,False,False,False,False,False,False
migu_lora,task748_glucose_reverse_cause_event_detection,task748-24514ce1d6214886b9cc01b131e810b9,False,False,False,False,False,False
migu_lora,task748_glucose_reverse_cause_event_detection,task748-46ccb91f00874b01ae23b2c386633840,False,False,False,False,False,False
migu_lora,task748_glucose_reverse_cause_event_detection,task748-fc55ad9c2f13416a818403a3df233c1b,False,False,False,False,False,False
migu_lora,task748_glucose_reverse_cause_event_detection,task748-2a3b9768a99740cba3693b8ca12e9180,False,False,False,False,False,False
migu_lora,task748_glucose_reverse_cause_event_detection,task748-764a1ea0003445049f169246521b261a,False,False,False,False,False,False
migu_lora,task748_glucose_reverse_cause_event_detection,task748-c738367e4908465f8d9e36a6650a6de4,False,False,False,False,False,False
migu_lora,task748_glucose_reverse_cause_event_detection,task748-eda83b20404e4c92bdfefe3ef597ea56,False,False,False,False,False,False
migu_lora,task748_glucose_reverse_cause_event_detection,task748-b3492cf67dc8463d925743f946aa9d39,False,False,False,False,False,False
migu_lora,task748_glucose_reverse_cause_event_detection,task748-f189a7fd41fc473b9b819b83d094a9d5,False,False,False,False,False,False
migu_lora,task748_glucose_reverse_cause_event_detection,task748-42de4fa830bc4328b77a944dd59bb7d6,False,False,False,False,False,False
migu_lora,task748_glucose_reverse_cause_event_detection,task748-80fe28ba576d4c4b8d33c2868f7e7c9d,False,False,False,False,False,False
migu_lora,task748_glucose_reverse_cause_event_detection,task748-3e4349f1238344b88c7576ddb083cc9c,False,False,False,False,False,False
migu_lora,task748_glucose_reverse_cause_event_detection,task748-17ccd76dd4e44c69adc767cda6dea9f7,False,False,False,False,False,False
migu_lora,task748_glucose_reverse_cause_event_detection,task748-2730a7d5f5994a7ab93c3d0e1bb81fa6,False,False,False,False,False,False
migu_lora,task748_glucose_reverse_cause_event_detection,task748-0eaa61227f0a4222ba7639d8057f0042,False,False,False,False,False,False
migu_lora,task748_glucose_reverse_cause_event_detection,task748-e03af2c413bb4d0bbe34064a4a32e5bf,False,False,False,False,False,False
migu_lora,task748_glucose_reverse_cause_event_detection,task748-b8472ee96afb4aaa8213a448d06e13ca,False,False,False,False,False,False
migu_lora,task748_glucose_reverse_cause_event_detection,task748-bef89369826b4806aa9c2e7c6a195222,False,False,False,False,False,False
migu_lora,task748_glucose_reverse_cause_event_detection,task748-9faea50fdd6d43f8b14653978ff7cd9c,False,False,False,False,False,False
migu_lora,task748_glucose_reverse_cause_event_detection,task748-2413fbcb9fee4d99a8f1cf97c052cacd,False,False,False,False,False,False
migu_lora,task748_glucose_reverse_cause_event_detection,task748-b76429d915a74543983ab3ae312613cd,False,False,False,False,False,False
migu_lora,task748_glucose_reverse_cause_event_detection,task748-64d2d143e3944b9680c53ef4351dafd9,False,False,False,False,False,False
migu_lora,task748_glucose_reverse_cause_event_detection,task748-c04ac919863e46bc8afeeb1fc333040a,False,False,False,False,False,False
migu_lora,task748_glucose_reverse_cause_event_detection,task748-8d529d9923a24fd89b8d137123d30127,False,False,False,False,False,False
migu_lora,task748_glucose_reverse_cause_event_detection,task748-f6a63344330a4d66af76e348925221c5,False,False,False,False,False,False
migu_lora,task748_glucose_reverse_cause_event_detection,task748-d0f81288248642fcb840a1e4ded26d73,False,False,False,False,False,False
migu_lora,task748_glucose_reverse_cause_event_detection,task748-8677040e009e4a9c8fb26a94305ab32e,False,False,False,False,False,False
migu_lora,task748_glucose_reverse_cause_event_detection,task748-3dc3cc3aee784da98402163e5daead60,False,False,False,False,False,False
migu_lora,task748_glucose_reverse_cause_event_detection,task748-9af14bd0f0214322be2c2265829a088e,False,False,False,False,False,False
migu_lora,task748_glucose_reverse_cause_event_detection,task748-f161f3ecfd80405d805fc05ff3c0a2f5,False,False,False,False,False,False
migu_lora,task748_glucose_reverse_cause_event_detection,task748-54c930fcf0ff4eb4bb0ae262316e6db5,False,False,False,False,False,False
migu_lora,task748_glucose_reverse_cause_event_detection,task748-05fddce85a7d4d349b0302e8b16026bd,False,False,False,False,False,False
migu_lora,task748_glucose_reverse_cause_event_detection,task748-20dac3760c5b412f93a59e9b9a294b24,False,False,False,False,False,False
migu_lora,task748_glucose_reverse_cause_event_detection,task748-5e09d661f26949f78270c49de406b8ee,False,False,False,False,False,False
migu_lora,task748_glucose_reverse_cause_event_detection,task748-2e33e2e222324dfab9b5c33222804c85,False,False,False,False,False,False
migu_lora,task748_glucose_reverse_cause_event_detection,task748-be1b1cbfb9f64673984e1b5a01c4e25b,False,False,False,False,False,False
migu_lora,task748_glucose_reverse_cause_event_detection,task748-6195c56c0dda4475b9891e432b6bb2d2,False,False,False,False,False,False
migu_lora,task748_glucose_reverse_cause_event_detection,task748-4e2d55b7ae574368ab28e927db4b4d53,False,False,False,False,False,False
migu_lora,task748_glucose_reverse_cause_event_detection,task748-4d07632776b043b796914d5fa9e8e9d6,False,False,False,False,False,False
migu_lora,task748_glucose_reverse_cause_event_detection,task748-b2e0a9a7059344edbf0756c4323fc371,False,False,False,False,False,False
migu_lora,task748_glucose_reverse_cause_event_detection,task748-0d0084db121044f29781929f2198f9dd,False,False,False,False,False,False
migu_lora,task748_glucose_reverse_cause_event_detection,task748-a13df7d761f44a548103e10c4fb2bd6b,False,True,False,True,False,False
migu_lora,task748_glucose_reverse_cause_event_detection,task748-d351e9850d0447cf9a3dddcaf1e043ba,False,False,False,False,False,False
migu_lora,task748_glucose_reverse_cause_event_detection,task748-ce0e781c83e047f58b3b4f52cc86528e,False,False,False,False,False,False
migu_lora,task748_glucose_reverse_cause_event_detection,task748-3d255d4fd1734d369b1b4ed44080096f,False,False,False,False,False,False
migu_lora,task748_glucose_reverse_cause_event_detection,task748-6142d6f2ab80450585a052d4bb56297b,False,False,False,False,False,False
migu_lora,task748_glucose_reverse_cause_event_detection,task748-15740c12564e43b489a85fc79989bf7f,False,False,False,False,False,False
migu_lora,task748_glucose_reverse_cause_event_detection,task748-18b37fefadff48499b7af08226574def,False,False,False,False,False,False
migu_lora,task748_glucose_reverse_cause_event_detection,task748-9341dcf36fcc419ca899dc93d0e1ffc4,False,False,False,False,False,False
migu_lora,task748_glucose_reverse_cause_event_detection,task748-a05628670c024be3a1f6a6d81fd95163,False,False,False,False,False,False
migu_lora,task748_glucose_reverse_cause_event_detection,task748-caf3cc9a4b274438b3eed548b0f5381f,False,False,False,False,False,False
migu_lora,task748_glucose_reverse_cause_event_detection,task748-71a4b20778224721a5d4a937a3c6e322,False,False,False,False,False,False
migu_lora,task748_glucose_reverse_cause_event_detection,task748-7c3c381eab6d41809e691d62a875e933,False,False,False,False,False,False
migu_lora,task748_glucose_reverse_cause_event_detection,task748-7215b2ad6f264ac4a5f6055ac4922f95,False,False,False,False,False,False
migu_lora,task748_glucose_reverse_cause_event_detection,task748-9d14794ea33e4a0b9c5a29282898fc2f,False,False,False,False,False,False
migu_lora,task748_glucose_reverse_cause_event_detection,task748-84aac3761c9349f3bcd2cd11a9f4a26e,False,False,False,False,False,False
migu_lora,task748_glucose_reverse_cause_event_detection,task748-3e5c5dc9487a47818feda93380c61c86,False,False,False,False,False,False
migu_lora,task748_glucose_reverse_cause_event_detection,task748-62c0e108b9074d9aa34625fc14bb11c2,False,False,False,False,False,False
migu_lora,task748_glucose_reverse_cause_event_detection,task748-af9c949f666e48199efbb0ef06455cd4,False,False,False,False,False,False
migu_lora,task748_glucose_reverse_cause_event_detection,task748-d814e3e7ab814c15b4d5fe2182df3a32,False,False,False,False,False,False
migu_lora,task748_glucose_reverse_cause_event_detection,task748-03781ed6ab3b4d5e942a0f6b34a3e114,False,False,False,False,False,False
migu_lora,task748_glucose_reverse_cause_event_detection,task748-e454907b4bb34ca6aaf826c526eda2a9,False,False,False,False,False,False
migu_lora,task748_glucose_reverse_cause_event_detection,task748-9576d6c024fa419db985de28f2cecb4e,False,False,False,False,False,False
migu_lora,task748_glucose_reverse_cause_event_detection,task748-05c1548b9a6b423d8e93bfb9c8cd7c53,False,False,False,False,False,False
migu_lora,task748_glucose_reverse_cause_event_detection,task748-98545eca96864020940df70930b969e1,False,False,True,False,False,False
migu_lora,task748_glucose_reverse_cause_event_detection,task748-d3c90e2986e3456eb7c9156d1aedfd7b,False,False,False,False,False,False
migu_lora,task748_glucose_reverse_cause_event_detection,task748-b68ea40eca1f4662aa8d0a15fc290f17,False,False,False,False,False,False
migu_lora,task748_glucose_reverse_cause_event_detection,task748-80097fa6068c432cb688d6fda2cf26b5,False,False,False,False,False,False
migu_lora,task748_glucose_reverse_cause_event_detection,task748-83d362bb14214a81a02710c020d41988,False,False,False,False,False,False
migu_lora,task748_glucose_reverse_cause_event_detection,task748-107ed75bd11944b28c918185b821836d,False,False,False,False,False,False
migu_lora,task748_glucose_reverse_cause_event_detection,task748-54ba208826b845a5a396668d0c400bc4,False,False,False,False,False,False
migu_lora,task748_glucose_reverse_cause_event_detection,task748-41ee722d157c4f6c9194ebf3995e2723,False,False,False,False,False,False
migu_lora,task748_glucose_reverse_cause_event_detection,task748-a3d29e0324f94e82a86c909b7fa7286c,False,False,False,False,False,False
migu_lora,task748_glucose_reverse_cause_event_detection,task748-750344bf27b1424396c4e97f0e5b3f0b,False,False,False,False,False,False
migu_lora,task748_glucose_reverse_cause_event_detection,task748-631490a7c99149d8a6c97b980081865f,False,False,False,False,False,False
migu_lora,task748_glucose_reverse_cause_event_detection,task748-63b0d62fd2854d81be58e69ed8da0889,False,False,False,False,False,False
migu_lora,task748_glucose_reverse_cause_event_detection,task748-f9f58e640ef54bf793e5e0b13e7535c7,False,False,False,False,False,False
migu_lora,task748_glucose_reverse_cause_event_detection,task748-47ad629bb77145a2bb6213827953b18d,False,False,False,False,False,False
migu_lora,task748_glucose_reverse_cause_event_detection,task748-3c715e7350f94489a0886dc2677f132c,False,False,False,False,False,False
migu_lora,task748_glucose_reverse_cause_event_detection,task748-e0f537926a6241ab94af4e9f49de2da5,False,False,False,False,False,False
migu_lora,task748_glucose_reverse_cause_event_detection,task748-694e443d3da74215a7cf2555d402be59,False,False,False,False,False,False
migu_lora,task748_glucose_reverse_cause_event_detection,task748-0c6cd3ccada941eeb9609505723cdc30,False,False,False,False,False,False
migu_lora,task748_glucose_reverse_cause_event_detection,task748-f7fcd806b18c4a8e85abb64b44beda57,False,False,False,False,False,False
migu_lora,task748_glucose_reverse_cause_event_detection,task748-ca80103e7f274ae09f8d2001941bc5db,False,False,False,False,False,False
migu_lora,task748_glucose_reverse_cause_event_detection,task748-d94ef61c2fa34a07a1c21c30ff91ccc6,False,False,False,False,False,False
migu_lora,task748_glucose_reverse_cause_event_detection,task748-6f53810f51ea4eb4be0f55d073396218,False,False,False,False,False,False
migu_lora,task748_glucose_reverse_cause_event_detection,task748-50a79700126e4ef1b31b698e9ffd5b9e,False,False,False,False,False,False
migu_lora,task748_glucose_reverse_cause_event_detection,task748-0c3a60d8456c47c6bb57c26b47c01619,False,False,False,False,False,False
migu_lora,task748_glucose_reverse_cause_event_detection,task748-9201ca38abf04c99886e4dcc052d5199,False,False,False,False,False,False
migu_lora,task748_glucose_reverse_cause_event_detection,task748-2ac8a142dbae47fe919df48cb9e0b4a5,False,False,False,False,False,False
migu_lora,task748_glucose_reverse_cause_event_detection,task748-2c7bc696c1a5435ab57e5d0426849916,False,False,False,False,False,False
migu_lora,task748_glucose_reverse_cause_event_detection,task748-36bfa3ec8c8a4b84a4dfd55ae6d097a9,False,False,False,False,False,False
migu_lora,task748_glucose_reverse_cause_event_detection,task748-a3fba2783f734e7387f6505bdf040ea4,False,False,False,False,False,False
migu_lora,task748_glucose_reverse_cause_event_detection,task748-8e867282adb34e54a06975b6778dbceb,False,False,False,False,False,False
migu_lora,task748_glucose_reverse_cause_event_detection,task748-ebfd6210ef3e4f7a9a519fb631784f69,False,False,False,False,False,False
migu_lora,task748_glucose_reverse_cause_event_detection,task748-92c3e5b2b91842a994467d54c4a7b719,False,False,False,False,False,False
migu_lora,task748_glucose_reverse_cause_event_detection,task748-96d87d9ae2964e1d81ffadb3db63feff,False,False,False,False,False,False
migu_lora,task748_glucose_reverse_cause_event_detection,task748-a42bb98febe34bacba41843330e50b0c,False,False,False,False,False,False
migu_lora,task748_glucose_reverse_cause_event_detection,task748-6eff2b685f554e83adb6c957e0ab0ca8,False,False,False,False,False,False
migu_lora,task748_glucose_reverse_cause_event_detection,task748-734666e3938146d1a82d8878ad0583e5,False,False,False,False,False,False
migu_lora,task748_glucose_reverse_cause_event_detection,task748-2c7a6e0fb1c94376909ea93810832b10,False,False,False,False,False,False
migu_lora,task748_glucose_reverse_cause_event_detection,task748-737355ebec584ad192347b5637e76f34,False,False,False,False,False,False
migu_lora,task748_glucose_reverse_cause_event_detection,task748-d9a06c50090b47c3a118d6c5479e9ea9,False,False,False,False,False,False
migu_lora,task748_glucose_reverse_cause_event_detection,task748-4e6589dd29984f4f867e9dd67384c469,False,False,False,False,False,False
migu_lora,task748_glucose_reverse_cause_event_detection,task748-ddf74ab01912458985850b952b51f1f9,False,False,False,False,False,False
migu_lora,task748_glucose_reverse_cause_event_detection,task748-4f813fb0f79c4d6b926be3b6f68d417a,False,False,False,False,False,False
migu_lora,task748_glucose_reverse_cause_event_detection,task748-6c84b3f719ec4db2bd94ae466f90efde,False,False,False,False,False,False
migu_lora,task748_glucose_reverse_cause_event_detection,task748-ba1f8c3dd3254644b4c3c53ad29fe522,False,False,False,False,False,False
migu_lora,task748_glucose_reverse_cause_event_detection,task748-74e9f8e366de42a7b77f7ffbd2aca664,False,False,False,False,False,False
migu_lora,task748_glucose_reverse_cause_event_detection,task748-4f7b22ff271e4b87a74555698b4b4fd2,False,False,False,False,False,False
migu_lora,task748_glucose_reverse_cause_event_detection,task748-4953e1f0dde24921a18d9a9721b225fc,False,False,False,False,False,False
migu_lora,task748_glucose_reverse_cause_event_detection,task748-447dd24c85914aa3b7a96d620414fc26,False,False,False,False,False,False
migu_lora,task748_glucose_reverse_cause_event_detection,task748-27481d37765e4423b608820ff22298a0,False,False,False,False,False,False
migu_lora,task748_glucose_reverse_cause_event_detection,task748-8ee817de221645abb8bd6360ef51b622,False,False,False,False,False,False
migu_lora,task748_glucose_reverse_cause_event_detection,task748-04f9215c67b14ad49beeb96d828ddcdf,False,False,False,False,False,False
migu_lora,task748_glucose_reverse_cause_event_detection,task748-3390f9fb331641f98bb301365bc027e5,False,False,False,False,False,False
migu_lora,task748_glucose_reverse_cause_event_detection,task748-9b5d14adc33c438fbc0876c8d6e353f2,False,False,False,False,False,False
migu_lora,task748_glucose_reverse_cause_event_detection,task748-2bf68d48e3304f7bb51b6d8f73979eae,False,False,False,False,False,False
migu_lora,task748_glucose_reverse_cause_event_detection,task748-592f38c6518b47d8931f5e688a41a270,False,False,False,False,False,False
migu_lora,task748_glucose_reverse_cause_event_detection,task748-98deea9227804b4789d3c2e12c2556e9,False,False,False,False,False,False
migu_lora,task748_glucose_reverse_cause_event_detection,task748-67656818bcf84fb59a04c1fce029bc0a,False,False,False,False,False,False
migu_lora,task748_glucose_reverse_cause_event_detection,task748-bf72c6d3955b4688abb7dc907b535fe3,False,False,False,False,False,False
migu_lora,task748_glucose_reverse_cause_event_detection,task748-c69a7151239d407a94752fc3c10e14dd,False,False,False,False,False,False
migu_lora,task748_glucose_reverse_cause_event_detection,task748-5d36cf63f77a431db4956f9c9b182bda,False,False,False,False,False,False
migu_lora,task748_glucose_reverse_cause_event_detection,task748-afa20be3e39b40b899bec11e56558a65,False,False,False,False,False,False
migu_lora,task748_glucose_reverse_cause_event_detection,task748-e648501d82fd4b04a8c2768f0bc3e351,False,False,False,False,False,False
migu_lora,task748_glucose_reverse_cause_event_detection,task748-35c8cdec4dcd44b7835df46623831814,False,False,False,False,False,False
migu_lora,task748_glucose_reverse_cause_event_detection,task748-c1ed1cb8dd92466dba054700d5750a18,False,False,False,False,False,False
migu_lora,task748_glucose_reverse_cause_event_detection,task748-44e520a12e9446a798e98e4cf934e4ef,False,False,False,False,False,False
migu_lora,task748_glucose_reverse_cause_event_detection,task748-4cb2b8b03cb34b29b970974e0847978c,False,False,False,False,False,False
migu_lora,task748_glucose_reverse_cause_event_detection,task748-dd0232029b004047a5f1b259d6b60bff,False,False,False,False,False,False
migu_lora,task748_glucose_reverse_cause_event_detection,task748-d69df0313b9247f78b6c44af58797322,False,False,False,False,False,False
migu_lora,task748_glucose_reverse_cause_event_detection,task748-00e27d8504194bf786935b3218b9ddf0,False,False,False,False,False,False
migu_lora,task748_glucose_reverse_cause_event_detection,task748-0ee6f668840a480d9af4099fa7f56a80,False,False,False,False,False,False
migu_lora,task748_glucose_reverse_cause_event_detection,task748-485c4922524f4393a31864b42d15c765,False,False,False,False,False,False
migu_lora,task748_glucose_reverse_cause_event_detection,task748-e586995ecc9743cca94e07f596a70de8,False,False,False,False,False,False
migu_lora,task748_glucose_reverse_cause_event_detection,task748-e832fe0895994a8682388145790a2dce,False,False,False,False,False,False
migu_lora,task748_glucose_reverse_cause_event_detection,task748-43213d12ae4141fbbe999aef8aa1251b,False,False,False,False,False,False
migu_lora,task748_glucose_reverse_cause_event_detection,task748-70aed17f261147ccac483d5aa02f9d73,False,True,True,True,False,True
migu_lora,task748_glucose_reverse_cause_event_detection,task748-97b0ce1e915e4accb1c19cab559a35d9,False,False,False,False,False,False
migu_lora,task748_glucose_reverse_cause_event_detection,task748-105a44b6ba324d9b84dd8ff2bf37b058,False,False,False,False,False,False
migu_lora,task748_glucose_reverse_cause_event_detection,task748-0b0d373840fe4eba9ea0648f99835ed6,False,False,False,False,False,False
migu_lora,task748_glucose_reverse_cause_event_detection,task748-c3b5b7d59633419c85f07267fcab5467,False,False,False,False,False,False
migu_lora,task748_glucose_reverse_cause_event_detection,task748-98f694223434496486241dd4dec4dcb0,False,False,False,False,False,False
migu_lora,task748_glucose_reverse_cause_event_detection,task748-e2d99c9015aa44dcaeb74534a678cdaa,False,False,False,False,False,False
migu_lora,task748_glucose_reverse_cause_event_detection,task748-498984e624874015977d615634f03d2a,False,False,False,False,False,False
migu_lora,task748_glucose_reverse_cause_event_detection,task748-e5dcdea23ba34984ab28ac058a6b7be2,False,False,False,False,False,False
migu_lora,task748_glucose_reverse_cause_event_detection,task748-4e6dc13a68b341979e8a106e8d85dfc3,False,False,False,False,False,False
migu_lora,task748_glucose_reverse_cause_event_detection,task748-e3b22e39a31d47c280dd4d848959a6c0,False,False,False,False,False,False
migu_lora,task748_glucose_reverse_cause_event_detection,task748-9325bd727f1540caa6105d1a61601800,False,False,False,False,False,False
migu_lora,task748_glucose_reverse_cause_event_detection,task748-70dcfb3e2983466d82302989b8a77225,False,False,False,False,False,False
migu_lora,task748_glucose_reverse_cause_event_detection,task748-3f08ef7b751f47f0ab7a845807e98f9f,False,False,False,False,False,False
migu_lora,task748_glucose_reverse_cause_event_detection,task748-3aa64a207645435384f0c52b04a1e7ee,False,False,False,False,False,False
migu_lora,task748_glucose_reverse_cause_event_detection,task748-4eb52805d1894b86b7e1a061072c6d39,False,False,False,False,False,False
migu_lora,task748_glucose_reverse_cause_event_detection,task748-0bffaeab0fe44e21827807172774a7bc,False,False,False,False,False,False
migu_lora,task748_glucose_reverse_cause_event_detection,task748-8ba8fd098a0643188ea5df0a316e7097,False,False,False,False,False,False
migu_lora,task748_glucose_reverse_cause_event_detection,task748-7fccd8af07374aa4aaede63db80c2527,False,False,True,False,False,False
migu_lora,task748_glucose_reverse_cause_event_detection,task748-d9be6a38e74f4c869cdb091c3228ce1e,False,False,False,False,False,False
migu_lora,task748_glucose_reverse_cause_event_detection,task748-127bb8374e1f414c9dc7a3946fffce62,False,False,False,False,False,False
migu_lora,task748_glucose_reverse_cause_event_detection,task748-24b834763d9e42baa054e2beddb17f44,False,False,False,False,False,False
migu_lora,task748_glucose_reverse_cause_event_detection,task748-55d8f389a1034cdebc1762f8d6d24fe2,False,False,False,False,False,False
migu_lora,task748_glucose_reverse_cause_event_detection,task748-4a7c559b28bc4f8f868bb63133639a5f,False,False,False,False,False,False
migu_lora,task748_glucose_reverse_cause_event_detection,task748-8d0e5799cfcc46f98f859c37f42364ee,False,False,False,False,False,False
migu_lora,task748_glucose_reverse_cause_event_detection,task748-2af4fb05bce74640861b1801bd10c235,False,False,False,False,False,False
migu_lora,task748_glucose_reverse_cause_event_detection,task748-83778252e98145d39a7f013f9c668796,False,False,False,False,False,False
migu_lora,task748_glucose_reverse_cause_event_detection,task748-c23205d48e4742889111055c806a4e04,False,False,False,False,False,False
migu_lora,task748_glucose_reverse_cause_event_detection,task748-04b60ac9b7ed42fda02fcdeeea64361c,False,False,False,False,False,False
migu_lora,task748_glucose_reverse_cause_event_detection,task748-5ea78963086442f2a7aaaf1da331929f,False,False,False,False,False,False
migu_lora,task748_glucose_reverse_cause_event_detection,task748-d492e2405df74c0bba53d9ef7f529a92,False,False,False,False,False,False
migu_lora,task748_glucose_reverse_cause_event_detection,task748-1c38e46e7751450e907229320472a6d1,False,False,False,False,False,False
migu_lora,task748_glucose_reverse_cause_event_detection,task748-29f422e6c5bc42c2a9edbdd2d88b146d,False,False,False,False,False,False
migu_lora,medical_mts_dialog_note,mts_test_32,False,False,False,False,False,False
migu_lora,medical_mts_dialog_note,mts_test_24,False,False,False,False,False,False
migu_lora,medical_mts_dialog_note,mts_test_138,False,False,False,False,False,False
migu_lora,medical_mts_dialog_note,mts_test_178,False,True,False,True,False,False
migu_lora,medical_mts_dialog_note,mts_test_122,False,False,False,False,False,False
migu_lora,medical_mts_dialog_note,mts_test_108,False,False,False,False,False,False
migu_lora,medical_mts_dialog_note,mts_test_2,False,False,False,False,False,False
migu_lora,medical_mts_dialog_note,mts_test_165,False,False,False,False,False,False
migu_lora,medical_mts_dialog_note,mts_test_137,False,False,False,False,False,False
migu_lora,medical_mts_dialog_note,mts_test_67,False,False,False,False,False,False
migu_lora,medical_mts_dialog_note,mts_test_52,False,False,False,False,False,False
migu_lora,medical_mts_dialog_note,mts_test_146,False,False,False,False,False,False
migu_lora,medical_mts_dialog_note,mts_test_152,False,False,False,False,False,False
migu_lora,medical_mts_dialog_note,mts_test_172,False,False,False,False,False,False
migu_lora,medical_mts_dialog_note,mts_test_85,False,False,False,False,False,False
migu_lora,medical_mts_dialog_note,mts_test_171,False,False,False,False,False,False
migu_lora,medical_mts_dialog_note,mts_test_53,False,False,False,False,False,False
migu_lora,medical_mts_dialog_note,mts_test_129,False,False,False,False,False,False
migu_lora,medical_mts_dialog_note,mts_test_100,False,False,False,False,False,False
migu_lora,medical_mts_dialog_note,mts_test_65,False,False,False,False,False,False
migu_lora,medical_mts_dialog_note,mts_test_33,False,False,False,False,False,False
migu_lora,medical_mts_dialog_note,mts_test_177,False,False,False,False,False,False
migu_lora,medical_mts_dialog_note,mts_test_61,False,False,False,False,False,False
migu_lora,medical_mts_dialog_note,mts_test_195,False,False,False,False,False,False
migu_lora,medical_mts_dialog_note,mts_test_66,False,False,False,False,False,False
migu_lora,medical_mts_dialog_note,mts_test_64,False,False,False,False,False,False
migu_lora,medical_mts_dialog_note,mts_test_0,False,False,False,False,False,False
migu_lora,medical_mts_dialog_note,mts_test_27,False,False,False,False,False,False
migu_lora,medical_mts_dialog_note,mts_test_192,False,False,False,False,False,False
migu_lora,medical_mts_dialog_note,mts_test_144,False,False,False,False,False,False
migu_lora,medical_mts_dialog_note,mts_test_118,False,False,False,False,False,False
migu_lora,medical_mts_dialog_note,mts_test_126,False,False,False,False,False,False
migu_lora,medical_mts_dialog_note,mts_test_21,False,False,False,False,False,False
migu_lora,medical_mts_dialog_note,mts_test_154,False,False,False,False,False,False
migu_lora,medical_mts_dialog_note,mts_test_13,False,False,False,False,False,False
migu_lora,medical_mts_dialog_note,mts_test_180,False,False,False,False,False,False
migu_lora,medical_mts_dialog_note,mts_test_106,False,False,False,False,False,False
migu_lora,medical_mts_dialog_note,mts_test_10,False,False,False,False,False,False
migu_lora,medical_mts_dialog_note,mts_test_157,False,False,False,False,False,False
migu_lora,medical_mts_dialog_note,mts_test_145,False,False,False,False,False,False
migu_lora,medical_mts_dialog_note,mts_test_104,False,False,False,False,False,False
migu_lora,medical_mts_dialog_note,mts_test_142,False,False,False,False,False,False
migu_lora,medical_mts_dialog_note,mts_test_63,False,False,False,False,False,False
migu_lora,medical_mts_dialog_note,mts_test_44,False,False,False,False,False,False
migu_lora,medical_mts_dialog_note,mts_test_69,False,False,False,False,False,False
migu_lora,medical_mts_dialog_note,mts_test_50,False,False,False,False,False,False
migu_lora,medical_mts_dialog_note,mts_test_86,False,False,False,False,False,False
migu_lora,medical_mts_dialog_note,mts_test_17,False,False,False,False,False,False
migu_lora,medical_mts_dialog_note,mts_test_37,False,False,False,False,False,False
migu_lora,medical_mts_dialog_note,mts_test_89,False,False,False,False,False,False
migu_lora,medical_mts_dialog_note,mts_test_72,False,False,False,False,False,False
migu_lora,medical_mts_dialog_note,mts_test_40,False,False,False,False,False,False
migu_lora,medical_mts_dialog_note,mts_test_14,False,False,False,False,False,False
migu_lora,medical_mts_dialog_note,mts_test_160,False,True,True,True,False,True
migu_lora,medical_mts_dialog_note,mts_test_23,False,False,False,False,False,False
migu_lora,medical_mts_dialog_note,mts_test_76,False,False,False,False,False,False
migu_lora,medical_mts_dialog_note,mts_test_30,False,False,False,False,False,False
migu_lora,medical_mts_dialog_note,mts_test_166,False,False,False,False,False,False
migu_lora,medical_mts_dialog_note,mts_test_163,False,False,False,False,False,False
migu_lora,medical_mts_dialog_note,mts_test_128,False,False,False,False,False,False
migu_lora,medical_mts_dialog_note,mts_test_18,False,False,False,False,False,False
migu_lora,medical_mts_dialog_note,mts_test_115,False,False,False,False,False,False
migu_lora,medical_mts_dialog_note,mts_test_114,False,False,False,False,False,False
migu_lora,medical_mts_dialog_note,mts_test_198,False,False,False,False,False,False
migu_lora,medical_mts_dialog_note,mts_test_151,False,False,False,False,False,False
migu_lora,medical_mts_dialog_note,mts_test_130,False,False,False,False,False,False
migu_lora,medical_mts_dialog_note,mts_test_26,False,False,False,False,False,False
migu_lora,medical_mts_dialog_note,mts_test_173,False,False,False,False,False,False
migu_lora,medical_mts_dialog_note,mts_test_22,False,False,False,False,False,False
migu_lora,medical_mts_dialog_note,mts_test_31,False,False,False,False,False,False
migu_lora,medical_mts_dialog_note,mts_test_99,False,False,False,False,False,False
migu_lora,medical_mts_dialog_note,mts_test_81,False,False,False,False,False,False
migu_lora,medical_mts_dialog_note,mts_test_183,False,False,False,False,False,False
migu_lora,medical_mts_dialog_note,mts_test_181,False,False,False,False,False,False
migu_lora,medical_mts_dialog_note,mts_test_7,False,False,False,False,False,False
migu_lora,medical_mts_dialog_note,mts_test_94,False,False,False,False,False,False
migu_lora,medical_mts_dialog_note,mts_test_43,False,False,False,False,False,False
migu_lora,medical_mts_dialog_note,mts_test_6,False,False,False,False,False,False
migu_lora,medical_mts_dialog_note,mts_test_19,False,False,False,False,False,False
migu_lora,medical_mts_dialog_note,mts_test_159,False,False,False,False,False,False
migu_lora,medical_mts_dialog_note,mts_test_78,False,False,False,False,False,False
migu_lora,medical_mts_dialog_note,mts_test_123,False,False,False,False,False,False
migu_lora,medical_mts_dialog_note,mts_test_42,False,False,False,False,False,False
migu_lora,medical_mts_dialog_note,mts_test_49,False,False,False,False,False,False
migu_lora,medical_mts_dialog_note,mts_test_162,False,False,False,False,False,False
migu_lora,medical_mts_dialog_note,mts_test_127,False,False,False,False,False,False
migu_lora,medical_mts_dialog_note,mts_test_193,False,False,False,False,False,False
migu_lora,medical_mts_dialog_note,mts_test_15,False,False,False,False,False,False
migu_lora,medical_mts_dialog_note,mts_test_48,False,False,False,False,False,False
migu_lora,medical_mts_dialog_note,mts_test_113,False,False,False,False,False,False
migu_lora,medical_mts_dialog_note,mts_test_190,False,False,False,False,False,False
migu_lora,medical_mts_dialog_note,mts_test_68,False,False,False,False,False,False
migu_lora,medical_mts_dialog_note,mts_test_75,False,False,False,False,False,False
migu_lora,medical_mts_dialog_note,mts_test_125,False,False,False,False,False,False
migu_lora,medical_mts_dialog_note,mts_test_131,False,False,False,False,False,False
migu_lora,medical_mts_dialog_note,mts_test_83,False,False,False,False,False,False
migu_lora,medical_mts_dialog_note,mts_test_35,False,False,False,False,False,False
migu_lora,medical_mts_dialog_note,mts_test_1,False,False,False,False,False,False
migu_lora,medical_mts_dialog_note,mts_test_16,False,False,False,False,False,False
migu_lora,medical_mts_dialog_note,mts_test_184,False,False,False,False,False,False
migu_lora,medical_mts_dialog_note,mts_test_47,False,False,False,False,False,False
migu_lora,medical_mts_dialog_note,mts_test_20,False,False,False,False,False,False
migu_lora,medical_mts_dialog_note,mts_test_71,False,False,False,False,False,False
migu_lora,medical_mts_dialog_note,mts_test_46,False,False,False,False,False,False
migu_lora,medical_mts_dialog_note,mts_test_185,False,False,False,False,False,False
migu_lora,medical_mts_dialog_note,mts_test_38,False,False,False,False,False,False
migu_lora,medical_mts_dialog_note,mts_test_169,False,False,False,False,False,False
migu_lora,medical_mts_dialog_note,mts_test_167,False,False,False,False,False,False
migu_lora,medical_mts_dialog_note,mts_test_176,False,False,False,False,False,False
migu_lora,medical_mts_dialog_note,mts_test_150,False,False,False,False,False,False
migu_lora,medical_mts_dialog_note,mts_test_132,False,False,False,False,False,False
migu_lora,medical_mts_dialog_note,mts_test_107,False,False,False,False,False,False
migu_lora,medical_mts_dialog_note,mts_test_182,False,False,False,False,False,False
migu_lora,medical_mts_dialog_note,mts_test_189,False,False,False,False,False,False
migu_lora,medical_mts_dialog_note,mts_test_73,False,False,False,False,False,False
migu_lora,medical_mts_dialog_note,mts_test_112,False,False,False,False,False,False
migu_lora,medical_mts_dialog_note,mts_test_97,False,False,False,False,False,False
migu_lora,medical_mts_dialog_note,mts_test_56,False,False,False,False,False,False
migu_lora,medical_mts_dialog_note,mts_test_133,False,False,False,False,False,False
migu_lora,medical_mts_dialog_note,mts_test_79,False,False,False,False,False,False
migu_lora,medical_mts_dialog_note,mts_test_59,False,False,False,False,False,False
migu_lora,medical_mts_dialog_note,mts_test_39,False,False,False,False,False,False
migu_lora,medical_mts_dialog_note,mts_test_9,False,False,False,False,False,False
migu_lora,medical_mts_dialog_note,mts_test_80,False,False,False,False,False,False
migu_lora,medical_mts_dialog_note,mts_test_155,False,False,False,False,False,False
migu_lora,medical_mts_dialog_note,mts_test_134,False,False,False,False,False,False
migu_lora,medical_mts_dialog_note,mts_test_8,False,False,False,False,False,False
migu_lora,medical_mts_dialog_note,mts_test_135,False,False,False,False,False,False
migu_lora,medical_mts_dialog_note,mts_test_60,False,False,False,False,False,False
migu_lora,medical_mts_dialog_note,mts_test_88,False,False,False,False,False,False
migu_lora,medical_mts_dialog_note,mts_test_124,False,False,False,False,False,False
migu_lora,medical_mts_dialog_note,mts_test_120,False,False,False,False,False,False
migu_lora,medical_mts_dialog_note,mts_test_170,False,False,False,False,False,False
migu_lora,medical_mts_dialog_note,mts_test_110,False,False,False,False,False,False
migu_lora,medical_mts_dialog_note,mts_test_196,False,False,False,False,False,False
migu_lora,medical_mts_dialog_note,mts_test_148,False,False,False,False,False,False
migu_lora,medical_mts_dialog_note,mts_test_51,False,False,False,False,False,False
migu_lora,medical_mts_dialog_note,mts_test_119,False,False,False,False,False,False
migu_lora,medical_mts_dialog_note,mts_test_103,False,False,False,False,False,False
migu_lora,medical_mts_dialog_note,mts_test_82,False,False,False,False,False,False
migu_lora,medical_mts_dialog_note,mts_test_90,False,False,False,False,False,False
migu_lora,medical_mts_dialog_note,mts_test_36,False,False,False,False,False,False
migu_lora,medical_mts_dialog_note,mts_test_29,False,False,False,False,False,False
migu_lora,medical_mts_dialog_note,mts_test_156,False,False,False,False,False,False
migu_lora,medical_mts_dialog_note,mts_test_149,False,False,False,False,False,False
migu_lora,medical_mts_dialog_note,mts_test_12,False,False,False,False,False,False
migu_lora,medical_mts_dialog_note,mts_test_25,False,False,False,False,False,False
migu_lora,medical_mts_dialog_note,mts_test_186,False,False,False,False,False,False
migu_lora,medical_mts_dialog_note,mts_test_91,False,False,False,False,False,False
migu_lora,medical_mts_dialog_note,mts_test_62,False,False,False,False,False,False
migu_lora,medical_mts_dialog_note,mts_test_161,False,False,False,False,False,False
migu_lora,medical_mts_dialog_note,mts_test_98,False,False,False,False,False,False
migu_lora,medical_mts_dialog_note,mts_test_28,False,False,False,False,False,False
migu_lora,medical_mts_dialog_note,mts_test_58,False,False,False,False,False,False
migu_lora,medical_mts_dialog_note,mts_test_187,False,False,False,False,False,False
migu_lora,medical_mts_dialog_note,mts_test_136,False,False,False,False,False,False
migu_lora,medical_mts_dialog_note,mts_test_175,False,False,False,False,False,False
migu_lora,medical_mts_dialog_note,mts_test_96,False,False,False,False,False,False
migu_lora,medical_mts_dialog_note,mts_test_116,False,False,False,False,False,False
migu_lora,medical_mts_dialog_note,mts_test_84,False,False,False,False,False,False
migu_lora,medical_mts_dialog_note,mts_test_3,False,False,False,False,False,False
migu_lora,medical_mts_dialog_note,mts_test_141,False,False,False,False,False,False
migu_lora,medical_mts_dialog_note,mts_test_111,False,False,False,False,False,False
migu_lora,medical_mts_dialog_note,mts_test_194,False,False,False,False,False,False
migu_lora,medical_mts_dialog_note,mts_test_102,False,False,False,False,False,False
migu_lora,medical_mts_dialog_note,mts_test_105,False,False,False,False,False,False
migu_lora,medical_mts_dialog_note,mts_test_41,False,False,False,False,False,False
migu_lora,medical_mts_dialog_note,mts_test_57,False,False,False,False,False,False
migu_lora,medical_mts_dialog_note,mts_test_147,False,False,False,False,False,False
migu_lora,medical_mts_dialog_note,mts_test_87,False,False,False,False,False,False
migu_lora,medical_mts_dialog_note,mts_test_143,False,False,False,False,False,False
migu_lora,medical_mts_dialog_note,mts_test_109,False,True,False,True,False,False
migu_lora,medical_mts_dialog_note,mts_test_153,False,False,False,False,False,False
migu_lora,medical_mts_dialog_note,mts_test_179,False,False,False,False,False,False
migu_lora,medical_mts_dialog_note,mts_test_197,False,False,False,False,False,False
migu_lora,medical_mts_dialog_note,mts_test_140,False,False,False,False,False,False
migu_lora,medical_mts_dialog_note,mts_test_55,False,False,False,False,False,False
migu_lora,medical_mts_dialog_note,mts_test_11,False,False,False,False,False,False
migu_lora,medical_mts_dialog_note,mts_test_77,False,False,False,False,False,False
migu_lora,medical_mts_dialog_note,mts_test_92,False,True,False,True,False,False
migu_lora,medical_mts_dialog_note,mts_test_93,False,False,False,False,False,False
migu_lora,medical_mts_dialog_note,mts_test_34,False,False,False,False,False,False
migu_lora,medical_mts_dialog_note,mts_test_95,False,False,False,False,False,False
migu_lora,medical_mts_dialog_note,mts_test_158,False,False,False,False,False,False
migu_lora,medical_mts_dialog_note,mts_test_74,False,False,False,False,False,False
migu_lora,medical_mts_dialog_note,mts_test_188,False,False,False,False,False,False
migu_lora,medical_mts_dialog_note,mts_test_121,False,False,False,False,False,False
migu_lora,medical_mts_dialog_note,mts_test_54,False,False,False,False,False,False
migu_lora,medical_mts_dialog_note,mts_test_139,False,False,False,False,False,False
migu_lora,medical_mts_dialog_note,mts_test_191,False,False,False,False,False,False
migu_lora,medical_mts_dialog_note,mts_test_164,False,False,False,False,False,False
migu_lora,medical_mts_dialog_note,mts_test_5,False,False,False,False,False,False
migu_lora,medical_mts_dialog_note,mts_test_101,False,False,False,False,False,False
migu_lora,medical_mts_dialog_note,mts_test_45,False,False,False,False,False,False
migu_lora,medical_mts_dialog_note,mts_test_4,False,False,False,False,False,False
migu_lora,medical_mts_dialog_note,mts_test_199,False,False,False,False,False,False
migu_lora,medical_mts_dialog_note,mts_test_174,False,False,False,False,False,False
migu_lora,medical_mts_dialog_note,mts_test_168,False,False,False,False,False,False
migu_lora,medical_mts_dialog_note,mts_test_70,False,False,False,False,False,False
migu_lora,medical_mts_dialog_note,mts_test_117,False,False,False,False,False,False
migu_lora,medical_iu_xray_impression,CXR979,False,False,False,False,False,False
migu_lora,medical_iu_xray_impression,CXR2513,False,False,False,False,False,False
migu_lora,medical_iu_xray_impression,CXR350,False,False,False,False,False,False
migu_lora,medical_iu_xray_impression,CXR1348,False,False,False,False,False,False
migu_lora,medical_iu_xray_impression,CXR3725,False,False,False,False,False,False
migu_lora,medical_iu_xray_impression,CXR3468,False,False,False,False,False,False
migu_lora,medical_iu_xray_impression,CXR3211,False,False,False,False,False,False
migu_lora,medical_iu_xray_impression,CXR297,False,False,False,False,False,False
migu_lora,medical_iu_xray_impression,CXR783,False,False,False,False,False,False
migu_lora,medical_iu_xray_impression,CXR1070,False,False,False,False,False,False
migu_lora,medical_iu_xray_impression,CXR1233,False,False,False,False,False,False
migu_lora,medical_iu_xray_impression,CXR2158,False,False,False,False,False,False
migu_lora,medical_iu_xray_impression,CXR1306,False,False,False,False,False,False
migu_lora,medical_iu_xray_impression,CXR3091,False,False,False,False,False,False
migu_lora,medical_iu_xray_impression,CXR260,False,False,False,False,False,False
migu_lora,medical_iu_xray_impression,CXR1218,False,True,True,True,False,True
migu_lora,medical_iu_xray_impression,CXR930,False,False,False,False,False,False
migu_lora,medical_iu_xray_impression,CXR1593,False,False,False,False,False,False
migu_lora,medical_iu_xray_impression,CXR3369,False,False,False,False,False,False
migu_lora,medical_iu_xray_impression,CXR2797,False,False,False,False,False,False
migu_lora,medical_iu_xray_impression,CXR805,False,False,False,False,False,False
migu_lora,medical_iu_xray_impression,CXR1629,False,False,False,False,False,False
migu_lora,medical_iu_xray_impression,CXR535,False,False,False,False,False,False
migu_lora,medical_iu_xray_impression,CXR2465,False,False,False,False,False,False
migu_lora,medical_iu_xray_impression,CXR2890,False,False,False,False,False,False
migu_lora,medical_iu_xray_impression,CXR14,False,False,False,False,False,False
migu_lora,medical_iu_xray_impression,CXR3332,False,False,False,False,False,False
migu_lora,medical_iu_xray_impression,CXR2139,False,False,False,False,False,False
migu_lora,medical_iu_xray_impression,CXR3455,False,False,False,False,False,False
migu_lora,medical_iu_xray_impression,CXR619,False,False,False,False,False,False
migu_lora,medical_iu_xray_impression,CXR2267,False,False,False,False,False,False
migu_lora,medical_iu_xray_impression,CXR1731,False,True,True,True,False,True
migu_lora,medical_iu_xray_impression,CXR1072,False,False,False,False,False,False
migu_lora,medical_iu_xray_impression,CXR2531,False,False,False,False,False,False
migu_lora,medical_iu_xray_impression,CXR3748,False,False,False,False,False,False
migu_lora,medical_iu_xray_impression,CXR2610,False,False,False,False,False,False
migu_lora,medical_iu_xray_impression,CXR2538,False,False,False,False,False,False
migu_lora,medical_iu_xray_impression,CXR3436,False,False,False,False,False,False
migu_lora,medical_iu_xray_impression,CXR2826,False,False,False,False,False,False
migu_lora,medical_iu_xray_impression,CXR1643,False,False,False,False,False,False
migu_lora,medical_iu_xray_impression,CXR2644,False,False,False,False,False,False
migu_lora,medical_iu_xray_impression,CXR789,False,False,False,False,False,False
migu_lora,medical_iu_xray_impression,CXR1472,False,False,False,False,False,False
migu_lora,medical_iu_xray_impression,CXR692,False,False,False,False,False,False
migu_lora,medical_iu_xray_impression,CXR2746,False,False,False,False,False,False
migu_lora,medical_iu_xray_impression,CXR3565,False,False,False,False,False,False
migu_lora,medical_iu_xray_impression,CXR3494,False,False,False,False,False,False
migu_lora,medical_iu_xray_impression,CXR3905,False,False,False,False,False,False
migu_lora,medical_iu_xray_impression,CXR3339,False,False,False,False,False,False
migu_lora,medical_iu_xray_impression,CXR3456,False,False,False,False,False,False
migu_lora,medical_iu_xray_impression,CXR3787,False,False,False,False,False,False
migu_lora,medical_iu_xray_impression,CXR2056,False,False,False,False,False,False
migu_lora,medical_iu_xray_impression,CXR818,False,False,False,False,False,False
migu_lora,medical_iu_xray_impression,CXR3085,False,False,False,False,False,False
migu_lora,medical_iu_xray_impression,CXR2029,False,False,False,False,False,False
migu_lora,medical_iu_xray_impression,CXR3539,False,False,False,False,False,False
migu_lora,medical_iu_xray_impression,CXR3785,False,True,True,True,False,True
migu_lora,medical_iu_xray_impression,CXR1940,False,False,False,False,False,False
migu_lora,medical_iu_xray_impression,CXR2239,False,False,False,False,False,False
migu_lora,medical_iu_xray_impression,CXR1181,False,False,False,False,False,False
migu_lora,medical_iu_xray_impression,CXR1600,False,False,False,False,False,False
migu_lora,medical_iu_xray_impression,CXR820,False,False,False,False,False,False
migu_lora,medical_iu_xray_impression,CXR1565,False,False,False,False,False,False
migu_lora,medical_iu_xray_impression,CXR2902,False,False,False,False,False,False
migu_lora,medical_iu_xray_impression,CXR2935,False,False,False,False,False,False
migu_lora,medical_iu_xray_impression,CXR199,False,False,False,False,False,False
migu_lora,medical_iu_xray_impression,CXR2546,False,False,False,False,False,False
migu_lora,medical_iu_xray_impression,CXR3217,False,False,False,False,False,False
migu_lora,medical_iu_xray_impression,CXR1436,False,False,False,False,False,False
migu_lora,medical_iu_xray_impression,CXR1012,False,False,False,False,False,False
migu_lora,medical_iu_xray_impression,CXR251,False,False,False,False,False,False
migu_lora,medical_iu_xray_impression,CXR724,False,False,False,False,False,False
migu_lora,medical_iu_xray_impression,CXR2655,False,False,False,False,False,False
migu_lora,medical_iu_xray_impression,CXR1499,False,False,False,False,False,False
migu_lora,medical_iu_xray_impression,CXR1802,False,False,False,False,False,False
migu_lora,medical_iu_xray_impression,CXR3154,False,False,False,False,False,False
migu_lora,medical_iu_xray_impression,CXR3820,False,False,False,False,False,False
migu_lora,medical_iu_xray_impression,CXR2865,False,False,False,False,False,False
migu_lora,medical_iu_xray_impression,CXR1607,False,False,False,False,False,False
migu_lora,medical_iu_xray_impression,CXR404,False,False,False,False,False,False
migu_lora,medical_iu_xray_impression,CXR1571,False,False,False,False,False,False
migu_lora,medical_iu_xray_impression,CXR2021,False,False,False,False,False,False
migu_lora,medical_iu_xray_impression,CXR1235,False,False,False,False,False,False
migu_lora,medical_iu_xray_impression,CXR152,False,False,False,False,False,False
migu_lora,medical_iu_xray_impression,CXR808,False,False,False,False,False,False
migu_lora,medical_iu_xray_impression,CXR3127,False,False,False,False,False,False
migu_lora,medical_iu_xray_impression,CXR3941,False,False,False,False,False,False
migu_lora,medical_iu_xray_impression,CXR636,False,False,False,False,False,False
migu_lora,medical_iu_xray_impression,CXR28,False,False,False,False,False,False
migu_lora,medical_iu_xray_impression,CXR2952,False,False,False,False,False,False
migu_lora,medical_iu_xray_impression,CXR1498,False,False,False,False,False,False
migu_lora,medical_iu_xray_impression,CXR3740,False,False,False,False,False,False
migu_lora,medical_iu_xray_impression,CXR3678,False,False,False,False,False,False
migu_lora,medical_iu_xray_impression,CXR1089,False,False,False,False,False,False
migu_lora,medical_iu_xray_impression,CXR3003,False,True,False,True,False,False
migu_lora,medical_iu_xray_impression,CXR809,False,True,True,True,False,True
migu_lora,medical_iu_xray_impression,CXR1437,False,False,False,False,False,False
migu_lora,medical_iu_xray_impression,CXR2195,False,False,False,False,False,False
migu_lora,medical_iu_xray_impression,CXR1392,False,False,False,False,False,False
migu_lora,medical_iu_xray_impression,CXR3092,False,False,False,False,False,False
migu_lora,medical_iu_xray_impression,CXR1794,False,False,False,False,False,False
migu_lora,medical_iu_xray_impression,CXR689,False,False,False,False,False,False
migu_lora,medical_iu_xray_impression,CXR2206,False,False,False,False,False,False
migu_lora,medical_iu_xray_impression,CXR3541,False,False,False,False,False,False
migu_lora,medical_iu_xray_impression,CXR1035,False,False,False,False,False,False
migu_lora,medical_iu_xray_impression,CXR1098,False,False,False,False,False,False
migu_lora,medical_iu_xray_impression,CXR3028,False,False,False,False,False,False
migu_lora,medical_iu_xray_impression,CXR2907,False,False,False,False,False,False
migu_lora,medical_iu_xray_impression,CXR767,False,False,False,False,False,False
migu_lora,medical_iu_xray_impression,CXR3650,False,False,False,False,False,False
migu_lora,medical_iu_xray_impression,CXR2968,False,False,False,False,False,False
migu_lora,medical_iu_xray_impression,CXR85,False,False,False,False,False,False
migu_lora,medical_iu_xray_impression,CXR1131,False,False,False,False,False,False
migu_lora,medical_iu_xray_impression,CXR397,False,False,False,False,False,False
migu_lora,medical_iu_xray_impression,CXR611,False,False,False,False,False,False
migu_lora,medical_iu_xray_impression,CXR72,False,False,False,False,False,False
migu_lora,medical_iu_xray_impression,CXR371,False,False,False,False,False,False
migu_lora,medical_iu_xray_impression,CXR2307,False,False,False,False,False,False
migu_lora,medical_iu_xray_impression,CXR3856,False,False,False,False,False,False
migu_lora,medical_iu_xray_impression,CXR1100,False,False,False,False,False,False
migu_lora,medical_iu_xray_impression,CXR740,False,False,False,False,False,False
migu_lora,medical_iu_xray_impression,CXR3230,False,False,False,False,False,False
migu_lora,medical_iu_xray_impression,CXR2192,False,False,False,False,False,False
migu_lora,medical_iu_xray_impression,CXR1407,False,False,False,False,False,False
migu_lora,medical_iu_xray_impression,CXR2464,False,False,False,False,False,False
migu_lora,medical_iu_xray_impression,CXR417,False,False,False,False,False,False
migu_lora,medical_iu_xray_impression,CXR1256,False,False,False,False,False,False
migu_lora,medical_iu_xray_impression,CXR3689,False,False,False,False,False,False
migu_lora,medical_iu_xray_impression,CXR1340,False,False,False,False,False,False
migu_lora,medical_iu_xray_impression,CXR1419,False,False,False,False,False,False
migu_lora,medical_iu_xray_impression,CXR2570,False,False,False,False,False,False
migu_lora,medical_iu_xray_impression,CXR1879,False,False,False,False,False,False
migu_lora,medical_iu_xray_impression,CXR1034,False,False,False,False,False,False
migu_lora,medical_iu_xray_impression,CXR1881,False,False,False,False,False,False
migu_lora,medical_iu_xray_impression,CXR1513,False,False,False,False,False,False
migu_lora,medical_iu_xray_impression,CXR1289,False,False,False,False,False,False
migu_lora,medical_iu_xray_impression,CXR430,False,False,False,False,False,False
migu_lora,medical_iu_xray_impression,CXR2696,False,False,False,False,False,False
migu_lora,medical_iu_xray_impression,CXR984,False,False,False,False,False,False
migu_lora,medical_iu_xray_impression,CXR3683,False,False,False,False,False,False
migu_lora,medical_iu_xray_impression,CXR2271,False,False,False,False,False,False
migu_lora,medical_iu_xray_impression,CXR1645,False,False,False,False,False,False
migu_lora,medical_iu_xray_impression,CXR2622,False,False,False,False,False,False
migu_lora,medical_iu_xray_impression,CXR3018,False,False,False,False,False,False
migu_lora,medical_iu_xray_impression,CXR2309,False,False,False,False,False,False
migu_lora,medical_iu_xray_impression,CXR3847,False,False,False,False,False,False
migu_lora,medical_iu_xray_impression,CXR819,False,False,False,False,False,False
migu_lora,medical_iu_xray_impression,CXR521,False,False,False,False,False,False
migu_lora,medical_iu_xray_impression,CXR591,False,False,False,False,False,False
migu_lora,medical_iu_xray_impression,CXR1154,False,False,False,False,False,False
migu_lora,medical_iu_xray_impression,CXR1467,False,True,True,True,False,True
migu_lora,medical_iu_xray_impression,CXR2241,False,False,False,False,False,False
migu_lora,medical_iu_xray_impression,CXR1077,False,False,False,False,False,False
migu_lora,medical_iu_xray_impression,CXR2628,False,False,False,False,False,False
migu_lora,medical_iu_xray_impression,CXR1124,False,False,False,False,False,False
migu_lora,medical_iu_xray_impression,CXR2416,False,False,False,False,False,False
migu_lora,medical_iu_xray_impression,CXR2578,False,False,False,False,False,False
migu_lora,medical_iu_xray_impression,CXR370,False,False,False,False,False,False
migu_lora,medical_iu_xray_impression,CXR1474,False,False,False,False,False,False
migu_lora,medical_iu_xray_impression,CXR1753,False,False,False,False,False,False
migu_lora,medical_iu_xray_impression,CXR1290,False,False,False,False,False,False
migu_lora,medical_iu_xray_impression,CXR2646,False,False,False,False,False,False
migu_lora,medical_iu_xray_impression,CXR2858,False,False,False,False,False,False
migu_lora,medical_iu_xray_impression,CXR1526,False,False,False,False,False,False
migu_lora,medical_iu_xray_impression,CXR1050,False,False,False,False,False,False
migu_lora,medical_iu_xray_impression,CXR3206,False,False,False,False,False,False
migu_lora,medical_iu_xray_impression,CXR1584,False,False,False,False,False,False
migu_lora,medical_iu_xray_impression,CXR3184,False,False,False,False,False,False
migu_lora,medical_iu_xray_impression,CXR3045,False,False,False,False,False,False
migu_lora,medical_iu_xray_impression,CXR1939,False,False,False,False,False,False
migu_lora,medical_iu_xray_impression,CXR916,False,False,False,False,False,False
migu_lora,medical_iu_xray_impression,CXR1724,False,False,False,False,False,False
migu_lora,medical_iu_xray_impression,CXR2840,False,False,False,False,False,False
migu_lora,medical_iu_xray_impression,CXR87,False,False,False,False,False,False
migu_lora,medical_iu_xray_impression,CXR2477,False,False,False,False,False,False
migu_lora,medical_iu_xray_impression,CXR3118,False,False,False,False,False,False
migu_lora,medical_iu_xray_impression,CXR2382,False,False,False,False,False,False
migu_lora,medical_iu_xray_impression,CXR2023,False,False,False,False,False,False
migu_lora,medical_iu_xray_impression,CXR1656,False,False,False,False,False,False
migu_lora,medical_iu_xray_impression,CXR3960,False,True,False,True,False,False
migu_lora,medical_iu_xray_impression,CXR1572,False,False,False,False,False,False
migu_lora,medical_iu_xray_impression,CXR3044,False,False,False,False,False,False
migu_lora,medical_iu_xray_impression,CXR569,False,False,False,False,False,False
migu_lora,medical_iu_xray_impression,CXR1268,False,False,False,False,False,False
migu_lora,medical_iu_xray_impression,CXR1288,False,False,False,False,False,False
migu_lora,medical_iu_xray_impression,CXR2961,False,False,False,False,False,False
migu_lora,medical_iu_xray_impression,CXR3507,False,False,False,False,False,False
migu_lora,medical_iu_xray_impression,CXR3773,False,False,False,False,False,False
migu_lora,medical_iu_xray_impression,CXR2813,False,False,False,False,False,False
migu_lora,medical_iu_xray_impression,CXR1769,False,False,False,False,False,False
migu_lora,medical_iu_xray_impression,CXR1514,False,False,False,False,False,False
migu_lora,medical_iu_xray_impression,CXR3485,False,False,False,False,False,False
migu_lora,medical_iu_xray_impression,CXR1273,False,False,False,False,False,False
migu_lora,medical_iu_xray_impression,CXR3988,False,False,False,False,False,False
migu_lora,medical_iu_xray_impression,CXR699,False,False,False,False,False,False
migu_lora,medical_iu_xray_impression,CXR3130,False,False,False,False,False,False
migu_lora,medical_iu_xray_impression,CXR1369,False,False,False,False,False,False
migu_lora,medical_iu_xray_impression,CXR851,False,False,False,False,False,False
migu_lora,medical_iu_xray_impression,CXR3942,False,False,False,False,False,False
migu_lora,medical_iu_xray_impression,CXR1673,False,False,False,False,False,False
migu_lora,natural_vqav2,vqav2_388829000,True,True,True,False,False,False
migu_lora,natural_vqav2,vqav2_356949000,True,True,True,False,False,False
migu_lora,natural_vqav2,vqav2_539937000,True,True,True,False,False,False
migu_lora,natural_vqav2,vqav2_182236000,False,False,False,False,False,False
migu_lora,natural_vqav2,vqav2_490702000,True,True,True,False,False,False
migu_lora,natural_vqav2,vqav2_146042000,False,False,False,False,False,False
migu_lora,natural_vqav2,vqav2_251785000,True,True,True,False,False,False
migu_lora,natural_vqav2,vqav2_89880000,True,False,False,False,True,False
migu_lora,natural_vqav2,vqav2_123410000,True,True,True,False,False,False
migu_lora,natural_vqav2,vqav2_125404000,True,True,True,False,False,False
migu_lora,natural_vqav2,vqav2_248400000,True,True,True,False,False,False
migu_lora,natural_vqav2,vqav2_563185000,True,True,True,False,False,False
migu_lora,natural_vqav2,vqav2_343606000,True,True,True,False,False,False
migu_lora,natural_vqav2,vqav2_70332000,False,False,False,False,False,False
migu_lora,natural_vqav2,vqav2_352151000,True,True,True,False,False,False
migu_lora,natural_vqav2,vqav2_138124000,True,True,True,False,False,False
migu_lora,natural_vqav2,vqav2_272718000,True,True,True,False,False,False
migu_lora,natural_vqav2,vqav2_228541000,True,True,True,False,False,False
migu_lora,natural_vqav2,vqav2_207059000,True,True,True,False,False,False
migu_lora,natural_vqav2,vqav2_1369000,True,True,True,False,False,False
migu_lora,natural_vqav2,vqav2_471641000,True,True,True,False,False,False
migu_lora,natural_vqav2,vqav2_550477000,True,True,True,False,False,False
migu_lora,natural_vqav2,vqav2_30012000,True,True,True,False,False,False
migu_lora,natural_vqav2,vqav2_227882000,True,True,True,False,False,False
migu_lora,natural_vqav2,vqav2_191691000,True,True,True,False,False,False
migu_lora,natural_vqav2,vqav2_137658000,True,True,True,False,False,False
migu_lora,natural_vqav2,vqav2_210144000,True,True,True,False,False,False
migu_lora,natural_vqav2,vqav2_81782000,True,True,True,False,False,False
migu_lora,natural_vqav2,vqav2_362714000,True,True,True,False,False,False
migu_lora,natural_vqav2,vqav2_54355000,True,True,True,False,False,False
migu_lora,natural_vqav2,vqav2_357899000,True,True,True,False,False,False
migu_lora,natural_vqav2,vqav2_450217000,True,True,True,False,False,False
migu_lora,natural_vqav2,vqav2_395182000,True,True,True,False,False,False
migu_lora,natural_vqav2,vqav2_169436000,True,True,True,False,False,False
migu_lora,natural_vqav2,vqav2_291834000,True,True,True,False,False,False
migu_lora,natural_vqav2,vqav2_145750000,False,False,False,False,False,False
migu_lora,natural_vqav2,vqav2_438046000,True,True,True,False,False,False
migu_lora,natural_vqav2,vqav2_357816000,False,False,False,False,False,False
migu_lora,natural_vqav2,vqav2_366137000,True,True,True,False,False,False
migu_lora,natural_vqav2,vqav2_219075000,True,True,True,False,False,False
migu_lora,natural_vqav2,vqav2_258516000,False,False,False,False,False,False
migu_lora,natural_vqav2,vqav2_431256000,True,True,True,False,False,False
migu_lora,natural_vqav2,vqav2_553847000,True,True,True,False,False,False
migu_lora,natural_vqav2,vqav2_546642000,True,True,True,False,False,False
migu_lora,natural_vqav2,vqav2_542962000,True,True,True,False,False,False
migu_lora,natural_vqav2,vqav2_302893000,False,False,False,False,False,False
migu_lora,natural_vqav2,vqav2_494179000,False,False,False,False,False,False
migu_lora,natural_vqav2,vqav2_462953000,True,True,True,False,False,False
migu_lora,natural_vqav2,vqav2_235832000,True,True,True,False,False,False
migu_lora,natural_vqav2,vqav2_346641000,True,True,True,False,False,False
migu_lora,natural_vqav2,vqav2_461993000,True,True,True,False,False,False
migu_lora,natural_vqav2,vqav2_17198000,True,True,True,False,False,False
migu_lora,natural_vqav2,vqav2_179793000,True,True,True,False,False,False
migu_lora,natural_vqav2,vqav2_367128000,False,False,False,False,False,False
migu_lora,natural_vqav2,vqav2_311902000,True,True,True,False,False,False
migu_lora,natural_vqav2,vqav2_488789000,True,True,False,False,False,False
migu_lora,natural_vqav2,vqav2_287506000,False,False,False,False,False,False
migu_lora,natural_vqav2,vqav2_21452000,False,True,True,True,False,True
migu_lora,natural_vqav2,vqav2_264420000,True,True,True,False,False,False
migu_lora,natural_vqav2,vqav2_189365000,True,True,True,False,False,False
migu_lora,natural_vqav2,vqav2_296797000,True,True,True,False,False,False
migu_lora,natural_vqav2,vqav2_421401000,True,False,False,False,True,False
migu_lora,natural_vqav2,vqav2_25508000,True,True,True,False,False,False
migu_lora,natural_vqav2,vqav2_138653000,True,True,True,False,False,False
migu_lora,natural_vqav2,vqav2_376209000,True,True,True,False,False,False
migu_lora,natural_vqav2,vqav2_208549000,True,True,True,False,False,False
migu_lora,natural_vqav2,vqav2_178606000,True,True,True,False,False,False
migu_lora,natural_vqav2,vqav2_295756000,True,True,True,False,False,False
migu_lora,natural_vqav2,vqav2_541132000,False,False,False,False,False,False
migu_lora,natural_vqav2,vqav2_239808000,True,True,True,False,False,False
migu_lora,natural_vqav2,vqav2_135846000,False,False,False,False,False,False
migu_lora,natural_vqav2,vqav2_547858000,False,False,False,False,False,False
migu_lora,natural_vqav2,vqav2_391642000,True,True,True,False,False,False
migu_lora,natural_vqav2,vqav2_527163000,False,False,False,False,False,False
migu_lora,natural_vqav2,vqav2_2685000,True,True,True,False,False,False
migu_lora,natural_vqav2,vqav2_467973000,True,True,True,False,False,False
migu_lora,natural_vqav2,vqav2_206922000,True,True,True,False,False,False
migu_lora,natural_vqav2,vqav2_232115000,False,False,False,False,False,False
migu_lora,natural_vqav2,vqav2_84163000,True,True,True,False,False,False
migu_lora,natural_vqav2,vqav2_403907000,True,True,True,False,False,False
migu_lora,natural_vqav2,vqav2_246809000,True,True,True,False,False,False
migu_lora,natural_vqav2,vqav2_63958000,True,True,True,False,False,False
migu_lora,natural_vqav2,vqav2_492057000,False,True,True,True,False,True
migu_lora,natural_vqav2,vqav2_342271000,True,True,True,False,False,False
migu_lora,natural_vqav2,vqav2_546976000,True,True,True,False,False,False
migu_lora,natural_vqav2,vqav2_477820000,True,True,True,False,False,False
migu_lora,natural_vqav2,vqav2_400567000,True,True,True,False,False,False
migu_lora,natural_vqav2,vqav2_263351000,True,True,True,False,False,False
migu_lora,natural_vqav2,vqav2_419144000,True,True,True,False,False,False
migu_lora,natural_vqav2,vqav2_537574000,True,True,True,False,False,False
migu_lora,natural_vqav2,vqav2_476491000,True,True,True,False,False,False
migu_lora,natural_vqav2,vqav2_378548000,True,True,True,False,False,False
migu_lora,natural_vqav2,vqav2_115793000,False,False,False,False,False,False
migu_lora,natural_vqav2,vqav2_560312000,True,True,True,False,False,False
migu_lora,natural_vqav2,vqav2_205834000,True,True,True,False,False,False
migu_lora,natural_vqav2,vqav2_521285000,True,True,True,False,False,False
migu_lora,natural_vqav2,vqav2_345560000,True,True,True,False,False,False
migu_lora,natural_vqav2,vqav2_134328000,True,True,True,False,False,False
migu_lora,natural_vqav2,vqav2_233140000,False,False,False,False,False,False
migu_lora,natural_vqav2,vqav2_400994000,True,True,True,False,False,False
migu_lora,natural_vqav2,vqav2_249785000,True,True,True,False,False,False
migu_lora,natural_vqav2,vqav2_16733000,True,True,True,False,False,False
migu_lora,natural_vqav2,vqav2_441468000,True,True,True,False,False,False
migu_lora,natural_vqav2,vqav2_475159000,False,False,False,False,False,False
migu_lora,natural_vqav2,vqav2_366295000,True,True,True,False,False,False
migu_lora,natural_vqav2,vqav2_283380000,True,True,True,False,False,False
migu_lora,natural_vqav2,vqav2_37367000,True,True,True,False,False,False
migu_lora,natural_vqav2,vqav2_506224000,True,True,True,False,False,False
migu_lora,natural_vqav2,vqav2_363830000,True,True,True,False,False,False
migu_lora,natural_vqav2,vqav2_23895000,True,True,True,False,False,False
migu_lora,natural_vqav2,vqav2_492420000,True,True,True,False,False,False
migu_lora,natural_vqav2,vqav2_208050000,True,True,True,False,False,False
migu_lora,natural_vqav2,vqav2_510636000,True,True,True,False,False,False
migu_lora,natural_vqav2,vqav2_102644000,True,True,True,False,False,False
migu_lora,natural_vqav2,vqav2_331937000,True,True,True,False,False,False
migu_lora,natural_vqav2,vqav2_305873000,True,True,True,False,False,False
migu_lora,natural_vqav2,vqav2_555009000,True,True,True,False,False,False
migu_lora,natural_vqav2,vqav2_553747000,True,True,True,False,False,False
migu_lora,natural_vqav2,vqav2_390841000,True,True,True,False,False,False
migu_lora,natural_vqav2,vqav2_282296000,True,True,True,False,False,False
migu_lora,natural_vqav2,vqav2_431746000,True,True,True,False,False,False
migu_lora,natural_vqav2,vqav2_71549000,False,False,False,False,False,False
migu_lora,natural_vqav2,vqav2_542856000,True,True,True,False,False,False
migu_lora,natural_vqav2,vqav2_415714000,True,True,True,False,False,False
migu_lora,natural_vqav2,vqav2_460837000,True,True,True,False,False,False
migu_lora,natural_vqav2,vqav2_213162000,True,True,True,False,False,False
migu_lora,natural_vqav2,vqav2_261779000,False,False,False,False,False,False
migu_lora,natural_vqav2,vqav2_505845000,True,True,True,False,False,False
migu_lora,natural_vqav2,vqav2_271143000,True,True,True,False,False,False
migu_lora,natural_vqav2,vqav2_496379000,True,True,True,False,False,False
migu_lora,natural_vqav2,vqav2_222283000,True,True,True,False,False,False
migu_lora,natural_vqav2,vqav2_415647000,True,True,True,False,False,False
migu_lora,natural_vqav2,vqav2_289640000,True,True,True,False,False,False
migu_lora,natural_vqav2,vqav2_391371000,True,True,True,False,False,False
migu_lora,natural_vqav2,vqav2_35807000,True,True,True,False,False,False
migu_lora,natural_vqav2,vqav2_568611000,True,True,True,False,False,False
migu_lora,natural_vqav2,vqav2_90448000,True,True,True,False,False,False
migu_lora,natural_vqav2,vqav2_128110000,True,True,True,False,False,False
migu_lora,natural_vqav2,vqav2_170041000,True,True,True,False,False,False
migu_lora,natural_vqav2,vqav2_227884000,True,True,True,False,False,False
migu_lora,natural_vqav2,vqav2_8589000,True,True,True,False,False,False
migu_lora,natural_vqav2,vqav2_431897000,False,False,False,False,False,False
migu_lora,natural_vqav2,vqav2_360540000,True,True,True,False,False,False
migu_lora,natural_vqav2,vqav2_294487000,True,True,True,False,False,False
migu_lora,natural_vqav2,vqav2_68814000,True,True,True,False,False,False
migu_lora,natural_vqav2,vqav2_411241000,True,True,True,False,False,False
migu_lora,natural_vqav2,vqav2_476939000,True,True,True,False,False,False
migu_lora,natural_vqav2,vqav2_454161000,True,True,True,False,False,False
migu_lora,natural_vqav2,vqav2_7253000,True,True,True,False,False,False
migu_lora,natural_vqav2,vqav2_132024000,True,True,True,False,False,False
migu_lora,natural_vqav2,vqav2_308235000,False,True,True,True,False,True
migu_lora,natural_vqav2,vqav2_13420000,True,True,True,False,False,False
migu_lora,natural_vqav2,vqav2_328728000,True,True,True,False,False,False
migu_lora,natural_vqav2,vqav2_21971000,False,True,True,True,False,True
migu_lora,natural_vqav2,vqav2_432657000,True,True,True,False,False,False
migu_lora,natural_vqav2,vqav2_185432000,False,False,False,False,False,False
migu_lora,natural_vqav2,vqav2_158279000,True,True,True,False,False,False
migu_lora,natural_vqav2,vqav2_117374000,True,True,True,False,False,False
migu_lora,natural_vqav2,vqav2_214349000,True,True,True,False,False,False
migu_lora,natural_vqav2,vqav2_365385000,True,True,True,False,False,False
migu_lora,natural_vqav2,vqav2_51500000,True,True,True,False,False,False
migu_lora,natural_vqav2,vqav2_111086000,True,True,True,False,False,False
migu_lora,natural_vqav2,vqav2_543719000,True,True,True,False,False,False
migu_lora,natural_vqav2,vqav2_262987000,True,True,True,False,False,False
migu_lora,natural_vqav2,vqav2_484938000,True,True,True,False,False,False
migu_lora,natural_vqav2,vqav2_27440000,True,False,False,False,True,False
migu_lora,natural_vqav2,vqav2_120285000,True,True,True,False,False,False
migu_lora,natural_vqav2,vqav2_120388000,True,True,True,False,False,False
migu_lora,natural_vqav2,vqav2_522443000,False,True,True,True,False,True
migu_lora,natural_vqav2,vqav2_489248000,True,True,True,False,False,False
migu_lora,natural_vqav2,vqav2_354278000,True,True,True,False,False,False
migu_lora,natural_vqav2,vqav2_194411000,True,True,True,False,False,False
migu_lora,natural_vqav2,vqav2_494855000,True,True,True,False,False,False
migu_lora,natural_vqav2,vqav2_563605000,True,True,True,False,False,False
migu_lora,natural_vqav2,vqav2_574402000,True,True,True,False,False,False
migu_lora,natural_vqav2,vqav2_518249000,False,False,False,False,False,False
migu_lora,natural_vqav2,vqav2_468121000,True,True,True,False,False,False
migu_lora,natural_vqav2,vqav2_194216000,True,True,True,False,False,False
migu_lora,natural_vqav2,vqav2_337180000,False,False,False,False,False,False
migu_lora,natural_vqav2,vqav2_417410000,True,True,True,False,False,False
migu_lora,natural_vqav2,vqav2_418070000,True,True,True,False,False,False
migu_lora,natural_vqav2,vqav2_402410000,True,True,True,False,False,False
migu_lora,natural_vqav2,vqav2_491947000,True,True,True,False,False,False
migu_lora,natural_vqav2,vqav2_430467000,True,True,True,False,False,False
migu_lora,natural_vqav2,vqav2_160820000,True,True,True,False,False,False
migu_lora,natural_vqav2,vqav2_268018000,True,True,True,False,False,False
migu_lora,natural_vqav2,vqav2_162685000,True,True,True,False,False,False
migu_lora,natural_vqav2,vqav2_213453000,True,True,True,False,False,False
migu_lora,natural_vqav2,vqav2_134290000,True,True,True,False,False,False
migu_lora,natural_vqav2,vqav2_118507000,True,True,True,False,False,False
migu_lora,natural_vqav2,vqav2_80974000,True,True,True,False,False,False
migu_lora,natural_vqav2,vqav2_87419000,False,False,False,False,False,False
migu_lora,natural_vqav2,vqav2_349616000,True,True,True,False,False,False
migu_lora,natural_vqav2,vqav2_253421000,True,True,True,False,False,False
migu_lora,natural_vqav2,vqav2_191687000,True,True,False,False,False,False
migu_lora,natural_vqav2,vqav2_279176000,True,True,True,False,False,False
migu_lora,natural_vqav2,vqav2_505818000,True,True,True,False,False,False
migu_lora,natural_vqav2,vqav2_154057000,True,True,True,False,False,False
migu_lora,natural_vqav2,vqav2_324500000,True,True,True,False,False,False
migu_lora,natural_vqav2,vqav2_555942000,False,False,False,False,False,False
migu_lora,medical_vqa_rad,vqarad_0001,False,True,True,True,False,True
migu_lora,medical_vqa_rad,vqarad_0002,True,True,True,False,False,False
migu_lora,medical_vqa_rad,vqarad_0004,True,True,True,False,False,False
migu_lora,medical_vqa_rad,vqarad_0012,True,True,True,False,False,False
migu_lora,medical_vqa_rad,vqarad_0018,True,True,True,False,False,False
migu_lora,medical_vqa_rad,vqarad_0019,False,False,False,False,False,False
migu_lora,medical_vqa_rad,vqarad_0025,True,False,False,False,True,False
migu_lora,medical_vqa_rad,vqarad_0033,True,True,True,False,False,False
migu_lora,medical_vqa_rad,vqarad_0034,True,True,True,False,False,False
migu_lora,medical_vqa_rad,vqarad_0035,False,False,False,False,False,False
migu_lora,medical_vqa_rad,vqarad_0036,False,False,False,False,False,False
migu_lora,medical_vqa_rad,vqarad_0039,False,False,False,False,False,False
migu_lora,medical_vqa_rad,vqarad_0040,True,True,True,False,False,False
migu_lora,medical_vqa_rad,vqarad_0043,True,True,True,False,False,False
migu_lora,medical_vqa_rad,vqarad_0044,True,True,True,False,False,False
migu_lora,medical_vqa_rad,vqarad_0047,False,False,False,False,False,False
migu_lora,medical_vqa_rad,vqarad_0048,False,False,False,False,False,False
migu_lora,medical_vqa_rad,vqarad_0056,False,False,False,False,False,False
migu_lora,medical_vqa_rad,vqarad_0057,False,False,False,False,False,False
migu_lora,medical_vqa_rad,vqarad_0060,False,False,False,False,False,False
migu_lora,medical_vqa_rad,vqarad_0061,True,True,True,False,False,False
migu_lora,medical_vqa_rad,vqarad_0071,True,False,False,False,True,False
migu_lora,medical_vqa_rad,vqarad_0072,True,False,False,False,True,False
migu_lora,medical_vqa_rad,vqarad_0082,True,True,True,False,False,False
migu_lora,medical_vqa_rad,vqarad_0083,False,False,False,False,False,False
migu_lora,medical_vqa_rad,vqarad_0084,True,True,True,False,False,False
migu_lora,medical_vqa_rad,vqarad_0085,True,True,True,False,False,False
migu_lora,medical_vqa_rad,vqarad_0122,True,True,True,False,False,False
migu_lora,medical_vqa_rad,vqarad_0125,True,True,True,False,False,False
migu_lora,medical_vqa_rad,vqarad_0126,False,True,True,True,False,True
migu_lora,medical_vqa_rad,vqarad_0130,True,True,True,False,False,False
migu_lora,medical_vqa_rad,vqarad_0131,False,False,False,False,False,False
migu_lora,medical_vqa_rad,vqarad_0142,True,True,True,False,False,False
migu_lora,medical_vqa_rad,vqarad_0147,True,False,False,False,True,False
migu_lora,medical_vqa_rad,vqarad_0148,True,False,False,False,True,False
migu_lora,medical_vqa_rad,vqarad_0151,True,True,True,False,False,False
migu_lora,medical_vqa_rad,vqarad_0152,True,True,True,False,False,False
migu_lora,medical_vqa_rad,vqarad_0153,False,False,False,False,False,False
migu_lora,medical_vqa_rad,vqarad_0154,True,True,True,False,False,False
migu_lora,medical_vqa_rad,vqarad_0164,True,True,True,False,False,False
migu_lora,medical_vqa_rad,vqarad_0203,True,True,True,False,False,False
migu_lora,medical_vqa_rad,vqarad_0204,True,True,True,False,False,False
migu_lora,medical_vqa_rad,vqarad_0296,False,False,False,False,False,False
migu_lora,medical_vqa_rad,vqarad_0297,False,False,False,False,False,False
migu_lora,medical_vqa_rad,vqarad_0310,False,False,False,False,False,False
migu_lora,medical_vqa_rad,vqarad_0311,False,False,False,False,False,False
migu_lora,medical_vqa_rad,vqarad_0322,False,False,False,False,False,False
migu_lora,medical_vqa_rad,vqarad_0323,False,False,False,False,False,False
migu_lora,medical_vqa_rad,vqarad_0324,False,False,False,False,False,False
migu_lora,medical_vqa_rad,vqarad_0325,True,True,True,False,False,False
migu_lora,medical_vqa_rad,vqarad_0326,True,True,True,False,False,False
migu_lora,medical_vqa_rad,vqarad_0327,True,True,True,False,False,False
migu_lora,medical_vqa_rad,vqarad_0328,True,True,True,False,False,False
migu_lora,medical_vqa_rad,vqarad_0331,False,False,False,False,False,False
migu_lora,medical_vqa_rad,vqarad_0332,True,True,True,False,False,False
migu_lora,medical_vqa_rad,vqarad_0352,False,False,False,False,False,False
migu_lora,medical_vqa_rad,vqarad_0353,True,True,True,False,False,False
migu_lora,medical_vqa_rad,vqarad_0354,True,True,True,False,False,False
migu_lora,medical_vqa_rad,vqarad_0355,True,True,True,False,False,False
migu_lora,medical_vqa_rad,vqarad_0356,False,False,False,False,False,False
migu_lora,medical_vqa_rad,vqarad_0357,False,True,True,True,False,True
migu_lora,medical_vqa_rad,vqarad_0358,True,True,True,False,False,False
migu_lora,medical_vqa_rad,vqarad_0359,False,False,False,False,False,False
migu_lora,medical_vqa_rad,vqarad_0360,False,False,False,False,False,False
migu_lora,medical_vqa_rad,vqarad_0361,False,False,False,False,False,False
migu_lora,medical_vqa_rad,vqarad_0362,True,True,True,False,False,False
migu_lora,medical_vqa_rad,vqarad_0370,True,True,True,False,False,False
migu_lora,medical_vqa_rad,vqarad_0371,False,False,False,False,False,False
migu_lora,medical_vqa_rad,vqarad_0374,False,True,True,True,False,True
migu_lora,medical_vqa_rad,vqarad_0375,False,False,False,False,False,False
migu_lora,medical_vqa_rad,vqarad_0376,True,True,True,False,False,False
migu_lora,medical_vqa_rad,vqarad_0377,True,True,True,False,False,False
migu_lora,medical_vqa_rad,vqarad_0380,False,False,False,False,False,False
migu_lora,medical_vqa_rad,vqarad_0398,True,True,True,False,False,False
migu_lora,medical_vqa_rad,vqarad_0399,False,False,False,False,False,False
migu_lora,medical_vqa_rad,vqarad_0400,False,False,False,False,False,False
migu_lora,medical_vqa_rad,vqarad_0407,False,True,True,True,False,True
migu_lora,medical_vqa_rad,vqarad_0408,False,False,False,False,False,False
migu_lora,medical_vqa_rad,vqarad_0409,False,False,False,False,False,False
migu_lora,medical_vqa_rad,vqarad_0412,False,False,False,False,False,False
migu_lora,medical_vqa_rad,vqarad_0418,False,False,False,False,False,False
migu_lora,medical_vqa_rad,vqarad_0419,True,True,True,False,False,False
migu_lora,medical_vqa_rad,vqarad_0420,False,False,False,False,False,False
migu_lora,medical_vqa_rad,vqarad_0421,False,False,False,False,False,False
migu_lora,medical_vqa_rad,vqarad_0422,False,False,False,False,False,False
migu_lora,medical_vqa_rad,vqarad_0423,False,False,False,False,False,False
migu_lora,medical_vqa_rad,vqarad_0430,True,True,True,False,False,False
migu_lora,medical_vqa_rad,vqarad_0431,False,True,True,True,False,True
migu_lora,medical_vqa_rad,vqarad_0436,False,True,True,True,False,True
migu_lora,medical_vqa_rad,vqarad_0437,False,True,True,True,False,True
migu_lora,medical_vqa_rad,vqarad_0447,False,False,False,False,False,False
migu_lora,medical_vqa_rad,vqarad_0448,False,True,True,True,False,True
migu_lora,medical_vqa_rad,vqarad_0454,False,False,False,False,False,False
migu_lora,medical_vqa_rad,vqarad_0455,False,False,False,False,False,False
migu_lora,medical_vqa_rad,vqarad_0461,False,False,False,False,False,False
migu_lora,medical_vqa_rad,vqarad_0463,False,False,False,False,False,False
migu_lora,medical_vqa_rad,vqarad_0467,False,False,False,False,False,False
migu_lora,medical_vqa_rad,vqarad_0468,False,False,False,False,False,False
migu_lora,medical_vqa_rad,vqarad_0471,False,False,False,False,False,False
migu_lora,medical_vqa_rad,vqarad_0473,True,True,True,False,False,False
migu_lora,medical_vqa_rad,vqarad_0480,False,True,True,True,False,True
migu_lora,medical_vqa_rad,vqarad_0481,False,False,False,False,False,False
migu_lora,medical_vqa_rad,vqarad_0485,False,True,True,True,False,True
migu_lora,medical_vqa_rad,vqarad_0487,False,False,False,False,False,False
migu_lora,medical_vqa_rad,vqarad_0489,False,False,False,False,False,False
migu_lora,medical_vqa_rad,vqarad_0492,False,True,True,True,False,True
migu_lora,medical_vqa_rad,vqarad_0494,False,True,True,True,False,True
migu_lora,medical_vqa_rad,vqarad_0497,False,False,False,False,False,False
migu_lora,medical_vqa_rad,vqarad_0499,False,True,True,True,False,True
migu_lora,medical_vqa_rad,vqarad_0502,True,True,True,False,False,False
migu_lora,medical_vqa_rad,vqarad_0503,False,True,True,True,False,True
migu_lora,medical_vqa_rad,vqarad_0504,False,False,False,False,False,False
migu_lora,medical_vqa_rad,vqarad_0516,True,False,False,False,True,False
migu_lora,medical_vqa_rad,vqarad_0517,False,False,False,False,False,False
migu_lora,medical_vqa_rad,vqarad_0528,False,False,False,False,False,False
migu_lora,medical_vqa_rad,vqarad_0529,False,False,False,False,False,False
migu_lora,medical_vqa_rad,vqarad_0536,False,False,False,False,False,False
migu_lora,medical_vqa_rad,vqarad_0539,True,True,True,False,False,False
migu_lora,medical_vqa_rad,vqarad_0546,False,False,False,False,False,False
migu_lora,medical_vqa_rad,vqarad_0547,False,False,False,False,False,False
migu_lora,medical_vqa_rad,vqarad_0550,True,True,True,False,False,False
migu_lora,medical_vqa_rad,vqarad_0560,False,False,False,False,False,False
migu_lora,medical_vqa_rad,vqarad_0561,False,False,False,False,False,False
migu_lora,medical_vqa_rad,vqarad_0562,False,True,True,True,False,True
migu_lora,medical_vqa_rad,vqarad_0563,False,True,True,True,False,True
migu_lora,medical_vqa_rad,vqarad_0565,False,False,False,False,False,False
migu_lora,medical_vqa_rad,vqarad_0566,False,False,False,False,False,False
migu_lora,medical_vqa_rad,vqarad_0571,False,False,False,False,False,False
migu_lora,medical_vqa_rad,vqarad_0574,False,False,False,False,False,False
migu_lora,medical_vqa_rad,vqarad_0577,False,False,False,False,False,False
migu_lora,medical_vqa_rad,vqarad_0578,True,True,True,False,False,False
migu_lora,medical_vqa_rad,vqarad_0583,True,True,True,False,False,False
migu_lora,medical_vqa_rad,vqarad_0584,False,False,False,False,False,False
migu_lora,medical_vqa_rad,vqarad_0588,False,False,False,False,False,False
migu_lora,medical_vqa_rad,vqarad_0589,False,False,False,False,False,False
migu_lora,medical_vqa_rad,vqarad_0594,False,False,False,False,False,False
migu_lora,medical_vqa_rad,vqarad_0595,True,True,True,False,False,False
migu_lora,medical_vqa_rad,vqarad_0600,True,True,True,False,False,False
migu_lora,medical_vqa_rad,vqarad_0601,True,False,False,False,True,False
migu_lora,medical_vqa_rad,vqarad_0604,False,False,False,False,False,False
migu_lora,medical_vqa_rad,vqarad_0605,False,False,False,False,False,False
migu_lora,medical_vqa_rad,vqarad_0606,False,False,False,False,False,False
migu_lora,medical_vqa_rad,vqarad_0618,True,True,True,False,False,False
migu_lora,medical_vqa_rad,vqarad_0619,True,True,True,False,False,False
migu_lora,medical_vqa_rad,vqarad_0640,True,True,True,False,False,False
migu_lora,medical_vqa_rad,vqarad_0641,True,True,True,False,False,False
migu_lora,medical_vqa_rad,vqarad_0661,False,False,False,False,False,False
migu_lora,medical_vqa_rad,vqarad_0662,False,False,False,False,False,False
migu_lora,medical_vqa_rad,vqarad_0676,True,True,True,False,False,False
migu_lora,medical_vqa_rad,vqarad_0677,True,True,True,False,False,False
migu_lora,medical_vqa_rad,vqarad_0746,True,True,True,False,False,False
migu_lora,medical_vqa_rad,vqarad_0747,True,True,True,False,False,False
migu_lora,medical_vqa_rad,vqarad_0773,False,False,False,False,False,False
migu_lora,medical_vqa_rad,vqarad_0774,False,False,False,False,False,False
migu_lora,medical_vqa_rad,vqarad_0779,True,True,True,False,False,False
migu_lora,medical_vqa_rad,vqarad_0782,True,True,True,False,False,False
migu_lora,medical_vqa_rad,vqarad_0783,False,False,False,False,False,False
migu_lora,medical_vqa_rad,vqarad_0784,False,False,False,False,False,False
migu_lora,medical_vqa_rad,vqarad_0788,False,True,True,True,False,True
migu_lora,medical_vqa_rad,vqarad_0798,True,False,False,False,True,False
migu_lora,medical_vqa_rad,vqarad_0800,False,False,False,False,False,False
migu_lora,medical_vqa_rad,vqarad_0804,True,True,True,False,False,False
migu_lora,medical_vqa_rad,vqarad_0808,True,True,True,False,False,False
migu_lora,medical_vqa_rad,vqarad_0819,True,True,True,False,False,False
migu_lora,medical_vqa_rad,vqarad_0820,False,True,True,True,False,True
migu_lora,medical_vqa_rad,vqarad_0822,False,False,False,False,False,False
migu_lora,medical_vqa_rad,vqarad_0825,False,False,False,False,False,False
migu_lora,medical_vqa_rad,vqarad_0836,True,True,True,False,False,False
migu_lora,medical_vqa_rad,vqarad_0843,True,True,True,False,False,False
migu_lora,medical_vqa_rad,vqarad_0847,False,False,False,False,False,False
migu_lora,medical_vqa_rad,vqarad_0857,True,True,True,False,False,False
migu_lora,medical_vqa_rad,vqarad_0858,True,True,True,False,False,False
migu_lora,medical_vqa_rad,vqarad_0862,False,False,False,False,False,False
migu_lora,medical_vqa_rad,vqarad_0863,True,True,True,False,False,False
migu_lora,medical_vqa_rad,vqarad_0864,True,True,True,False,False,False
migu_lora,medical_vqa_rad,vqarad_0867,True,True,True,False,False,False
migu_lora,medical_vqa_rad,vqarad_0868,True,True,True,False,False,False
migu_lora,medical_vqa_rad,vqarad_0872,True,True,True,False,False,False
migu_lora,medical_vqa_rad,vqarad_0873,True,True,True,False,False,False
migu_lora,medical_vqa_rad,vqarad_0874,False,False,False,False,False,False
migu_lora,medical_vqa_rad,vqarad_0875,False,False,False,False,False,False
migu_lora,medical_vqa_rad,vqarad_0877,False,False,False,False,False,False
migu_lora,medical_vqa_rad,vqarad_0878,False,False,False,False,False,False
migu_lora,medical_vqa_rad,vqarad_0879,True,True,True,False,False,False
migu_lora,medical_vqa_rad,vqarad_0880,True,True,True,False,False,False
migu_lora,medical_vqa_rad,vqarad_0887,False,True,True,True,False,True
migu_lora,medical_vqa_rad,vqarad_0888,True,True,True,False,False,False
migu_lora,medical_vqa_rad,vqarad_0889,False,False,False,False,False,False
migu_lora,medical_vqa_rad,vqarad_0890,False,False,False,False,False,False
migu_lora,medical_vqa_rad,vqarad_0892,False,False,False,False,False,False
migu_lora,medical_vqa_rad,vqarad_0893,True,True,True,False,False,False
migu_lora,medical_vqa_rad,vqarad_0894,False,False,False,False,False,False
migu_lora,medical_vqa_rad,vqarad_0895,False,False,False,False,False,False
migu_lora,medical_vqa_rad,vqarad_0905,False,False,False,False,False,False
migu_lora,medical_vqa_rad,vqarad_0906,False,False,False,False,False,False
migu_lora,medical_vqa_rad,vqarad_0911,False,False,False,False,False,False
migu_lora,medical_vqa_rad,vqarad_0912,False,True,True,True,False,True
migu_lora,medical_vqa_rad,vqarad_0913,True,False,False,False,True,False
migu_lora,medical_vqa_rad,vqarad_0914,True,True,True,False,False,False
migu_lora,medical_vqa_rad,vqarad_0922,False,False,False,False,False,False
olora,task1290_xsum_summarization,task1290-fdb2129f72f349019654d8b07a72c90b,False,False,False,False,False,False
olora,task1290_xsum_summarization,task1290-ebf1832abdd1479b8ee9fcf3a9ddad84,False,False,False,False,False,False
olora,task1290_xsum_summarization,task1290-908f5b6e8f714a9e8cf226c9303ae074,False,False,False,False,False,False
olora,task1290_xsum_summarization,task1290-8fcb0d0f42ce491c8c26baa4090b5d00,False,False,False,False,False,False
olora,task1290_xsum_summarization,task1290-264c5d1f35d546a0abffd668684c3eb6,False,False,False,False,False,False
olora,task1290_xsum_summarization,task1290-acf53ae7c73d48ccb46c264f070308fb,False,False,False,False,False,False
olora,task1290_xsum_summarization,task1290-38e22ce36ed04b9c95ad45c91495d57b,False,False,False,False,False,False
olora,task1290_xsum_summarization,task1290-91063a310a5242aba64c62adc6514565,False,False,False,False,False,False
olora,task1290_xsum_summarization,task1290-8fbd6aa0bb204c58aef029d14b54bb60,False,False,False,False,False,False
olora,task1290_xsum_summarization,task1290-4f9dd4339fd648518c6dbdfbf8826c3e,False,False,False,False,False,False
olora,task1290_xsum_summarization,task1290-dea89c3b49224003a3056f18aef02d08,False,False,False,False,False,False
olora,task1290_xsum_summarization,task1290-7c6c19d9966e4dd482653550bc03b5eb,False,False,False,False,False,False
olora,task1290_xsum_summarization,task1290-804adda5203a46c0ae1f65da8d5f98dc,False,False,False,False,False,False
olora,task1290_xsum_summarization,task1290-aec925c965a349f29656d100705dc4f7,False,False,False,False,False,False
olora,task1290_xsum_summarization,task1290-f588ad4056724f37a381fdd408381ed1,False,False,False,False,False,False
olora,task1290_xsum_summarization,task1290-3b8564da3b5e4c969c4fa09eacf82526,False,False,False,False,False,False
olora,task1290_xsum_summarization,task1290-51e5abd9933b43e2a1a8c9d7938cb80c,False,False,False,False,False,False
olora,task1290_xsum_summarization,task1290-6c2ce0e3760d4bdcac8da4bd11cd04f8,False,False,False,False,False,False
olora,task1290_xsum_summarization,task1290-c1352fd3f1704fe0b6b3e5ac74755271,False,False,False,False,False,False
olora,task1290_xsum_summarization,task1290-d4ab34985ec348608da84111dc98a1e0,False,False,False,False,False,False
olora,task1290_xsum_summarization,task1290-b27482aeffed40e8baa7205400cf0902,False,False,False,False,False,False
olora,task1290_xsum_summarization,task1290-8e16e18e7c2c4a2abf589a30a58ce44f,False,False,False,False,False,False
olora,task1290_xsum_summarization,task1290-43b57c60a32e4e96a3c5c382bf4c3fdf,False,False,False,False,False,False
olora,task1290_xsum_summarization,task1290-e28e3d5c2f7640ec868dd5acc78c6f1c,False,False,False,False,False,False
olora,task1290_xsum_summarization,task1290-377a8646f1aa458f940328882e6b1d4c,False,False,False,False,False,False
olora,task1290_xsum_summarization,task1290-ddf3c4bf88f54a1ba5f73679ec1fad3b,False,False,False,False,False,False
olora,task1290_xsum_summarization,task1290-9f9ad67693404af68897617d2cf85188,False,False,False,False,False,False
olora,task1290_xsum_summarization,task1290-d2605bed7cbd454f8b3033bc1d9ccc42,False,False,False,False,False,False
olora,task1290_xsum_summarization,task1290-6c26509571564062b346e51b5c49fd55,False,False,False,False,False,False
olora,task1290_xsum_summarization,task1290-f901e31b75894a728f6255ec66869e12,False,False,False,False,False,False
olora,task1290_xsum_summarization,task1290-4af2e0015a5444c2bf03582429dba136,False,False,False,False,False,False
olora,task1290_xsum_summarization,task1290-b588390b353b407cb67fa70d180946d1,False,False,False,False,False,False
olora,task1290_xsum_summarization,task1290-cefe78e33f6249e6be3c2a667aae2414,False,False,False,False,False,False
olora,task1290_xsum_summarization,task1290-0ac5d47a1c86431daa02ea07cb01e9f3,False,False,False,False,False,False
olora,task1290_xsum_summarization,task1290-cdc5e91285e84821853520a4cebbf7c2,False,False,False,False,False,False
olora,task1290_xsum_summarization,task1290-81d498b1319348ddb344450afbbc04d0,False,False,False,False,False,False
olora,task1290_xsum_summarization,task1290-d757a42880014632ac8ea83041c8c6e2,False,False,False,False,False,False
olora,task1290_xsum_summarization,task1290-16420efa9a924dafb709ec52b5b28e4e,False,False,False,False,False,False
olora,task1290_xsum_summarization,task1290-8f058b22b08345019d3ef7d589776526,False,False,False,False,False,False
olora,task1290_xsum_summarization,task1290-e2462ac8e12942ce97e8ab632df1f0f5,False,False,False,False,False,False
olora,task1290_xsum_summarization,task1290-fd12777d58c44247ad48596830de976a,False,False,False,False,False,False
olora,task1290_xsum_summarization,task1290-e12c0dd28f6e4b9eacb3ca8016514049,False,False,False,False,False,False
olora,task1290_xsum_summarization,task1290-16cefb6f74884722a80a71e93ed6b46c,False,False,False,False,False,False
olora,task1290_xsum_summarization,task1290-d00a8f3ab7dd40f0adbb9999939a2f30,False,False,False,False,False,False
olora,task1290_xsum_summarization,task1290-7cd12bceda2b46b2bdd507d09295b99a,False,False,False,False,False,False
olora,task1290_xsum_summarization,task1290-02937978ec544c8d9c396b5e36b2d51e,False,False,False,False,False,False
olora,task1290_xsum_summarization,task1290-7b91ae37843b48c396c31dfb13bdf2c2,False,False,False,False,False,False
olora,task1290_xsum_summarization,task1290-3c395192b2b44322888947aabcf4c800,False,False,False,False,False,False
olora,task1290_xsum_summarization,task1290-d8363d05f99941fba72091ba7f0c2141,False,False,False,False,False,False
olora,task1290_xsum_summarization,task1290-7bff74964f564bf7bc4fe515552323f1,False,False,False,False,False,False
olora,task1290_xsum_summarization,task1290-bd7ca55c95924ac3adda5bc242771e18,False,False,False,False,False,False
olora,task1290_xsum_summarization,task1290-ed2df910f427439996ad3ab77ab418a3,False,False,False,False,False,False
olora,task1290_xsum_summarization,task1290-ac0d5d2d55794e8a89ab4ee3fd5f7311,False,False,False,False,False,False
olora,task1290_xsum_summarization,task1290-b50d32311d354d15bf52b908af2ae201,False,False,False,False,False,False
olora,task1290_xsum_summarization,task1290-1dcd699df8c84df187ce253e7be2d7b9,False,False,False,False,False,False
olora,task1290_xsum_summarization,task1290-0fe86bbf9f8e4cd7964ddc119cd2f4a6,False,False,False,False,False,False
olora,task1290_xsum_summarization,task1290-a3e7a1dd58d24bc2b539b006e8564958,False,False,False,False,False,False
olora,task1290_xsum_summarization,task1290-197db0fa09d54d6883421c51aceded28,False,False,False,False,False,False
olora,task1290_xsum_summarization,task1290-9fe97bfb40e946c89c10b8fb54c3083e,False,False,False,False,False,False
olora,task1290_xsum_summarization,task1290-e29d7e12209a40e8b50a6a042ddbab48,False,False,False,False,False,False
olora,task1290_xsum_summarization,task1290-14240392805848619848e878968229ad,False,False,False,False,False,False
olora,task1290_xsum_summarization,task1290-c3f597541c804066ba54ef34050deaf1,False,False,False,False,False,False
olora,task1290_xsum_summarization,task1290-829a68d344334b85be2b4c57cb575fec,False,False,False,False,False,False
olora,task1290_xsum_summarization,task1290-75b9abb2eeb74e7fba55365968f51a88,False,False,False,False,False,False
olora,task1290_xsum_summarization,task1290-ec87879c3c7c4c7789c710801ed95ff4,False,False,False,False,False,False
olora,task1290_xsum_summarization,task1290-c636fecf2ce04e1fba553a8e0d66dd19,False,False,False,False,False,False
olora,task1290_xsum_summarization,task1290-3c04936501ea47edbec7559b02434d65,False,False,False,False,False,False
olora,task1290_xsum_summarization,task1290-eae4271d99f04459ab84d2c12c280c17,False,False,False,False,False,False
olora,task1290_xsum_summarization,task1290-a2e3572db7e640fea8b74561e9baacec,False,False,False,False,False,False
olora,task1290_xsum_summarization,task1290-526acbb967724cfbbc2803c32479e488,False,False,False,False,False,False
olora,task1290_xsum_summarization,task1290-58162c2430944e4d8b646eb47978eb9d,False,False,False,False,False,False
olora,task1290_xsum_summarization,task1290-13937d0f164749ea80908aa9f622bd2d,False,False,False,False,False,False
olora,task1290_xsum_summarization,task1290-890ad531ac27472e9bf7b5db4cc84399,False,False,False,False,False,False
olora,task1290_xsum_summarization,task1290-37fee3aebad74b5a94e48278ad738d39,False,False,False,False,False,False
olora,task1290_xsum_summarization,task1290-25581e7c99144a2f89f0097e983bf2c0,False,False,False,False,False,False
olora,task1290_xsum_summarization,task1290-75a9003cbca64c35a99db5a1d3e4389a,False,False,False,False,False,False
olora,task1290_xsum_summarization,task1290-b45ad745b83b4f76b63297da162434af,False,False,False,False,False,False
olora,task1290_xsum_summarization,task1290-9bedfbddee464744863386b71a834b9a,False,False,False,False,False,False
olora,task1290_xsum_summarization,task1290-6bd28d25d8c94322836b3706f9844882,False,False,False,False,False,False
olora,task1290_xsum_summarization,task1290-22ffdf5b3fc0437b9fb8f4b4958d8802,False,False,False,False,False,False
olora,task1290_xsum_summarization,task1290-040a6e80186040f6936f2226a5c120df,False,False,False,False,False,False
olora,task1290_xsum_summarization,task1290-21f54e39e2af401ca41bd50435140056,False,False,False,False,False,False
olora,task1290_xsum_summarization,task1290-04955c67fb3c49bca6f9352619f5e329,False,False,False,False,False,False
olora,task1290_xsum_summarization,task1290-36d899284b614d7bb22d817d4caba19f,False,False,False,False,False,False
olora,task1290_xsum_summarization,task1290-d5d552ae1dd944c2b84fc5f6dbbb3b82,False,False,False,False,False,False
olora,task1290_xsum_summarization,task1290-e9dd35e45c144049853388aef77439cf,False,False,False,False,False,False
olora,task1290_xsum_summarization,task1290-65dc84e019554f9fa158caf2ec680efc,False,False,False,False,False,False
olora,task1290_xsum_summarization,task1290-44ca4eb326264a80aaef7f57f1587250,False,False,False,False,False,False
olora,task1290_xsum_summarization,task1290-ee3ae31ce3b5488789fa904fd8bb1c4c,False,False,False,False,False,False
olora,task1290_xsum_summarization,task1290-7859fbc7c3b14ab5804fd3e7383b1432,False,False,False,False,False,False
olora,task1290_xsum_summarization,task1290-f0b270e61157448b954148f19bc34c8a,False,False,False,False,False,False
olora,task1290_xsum_summarization,task1290-694975a3433c4fd2b4e69074df04600b,False,False,False,False,False,False
olora,task1290_xsum_summarization,task1290-a28263a584b54dc990fe5f4dd7c7db38,False,False,False,False,False,False
olora,task1290_xsum_summarization,task1290-af24d4d3b51d4c6890052002d5aa4d1d,False,False,False,False,False,False
olora,task1290_xsum_summarization,task1290-877d67b64d7441b899d4b4854e44511b,False,False,False,False,False,False
olora,task1290_xsum_summarization,task1290-c47e509ec8454f88800b95a923e65b0a,False,False,False,False,False,False
olora,task1290_xsum_summarization,task1290-67dfb83529404bd9bf9d0dc79e0d0692,False,False,False,False,False,False
olora,task1290_xsum_summarization,task1290-59052c1538344a77bb8f3d208de05bbf,False,False,False,False,False,False
olora,task1290_xsum_summarization,task1290-c12318eea230433aa07f65d9eed719f8,False,False,False,False,False,False
olora,task1290_xsum_summarization,task1290-100b56d691c64e958a3f8d608456b9cd,False,False,False,False,False,False
olora,task1290_xsum_summarization,task1290-c1dfbc6d44a74903a2a9a0997f833eec,False,False,False,False,False,False
olora,task1290_xsum_summarization,task1290-bedbf90552384503841e74b9be6d4333,False,False,False,False,False,False
olora,task1290_xsum_summarization,task1290-52cf6bf2f2d34ec8b4f82a59ea9ea357,False,False,False,False,False,False
olora,task1290_xsum_summarization,task1290-ac2eb0dd930047d49c93a658476e8036,False,False,False,False,False,False
olora,task1290_xsum_summarization,task1290-aae409daed594d75b523ff4d56e11b8c,False,False,False,False,False,False
olora,task1290_xsum_summarization,task1290-b270a403a30e4250b39135fbabf55929,False,False,False,False,False,False
olora,task1290_xsum_summarization,task1290-4ab16092f5a544e9bb60374180be93d5,False,False,False,False,False,False
olora,task1290_xsum_summarization,task1290-a21529c77f7247ea90baec3f17847d3f,False,False,False,False,False,False
olora,task1290_xsum_summarization,task1290-97256b4efed34b899549c0ad09c526fd,False,False,False,False,False,False
olora,task1290_xsum_summarization,task1290-30ba6122b5a443849f1fdf4526faba2a,False,False,False,False,False,False
olora,task1290_xsum_summarization,task1290-e071e85a39ad4e55978655948c4b37d1,False,False,False,False,False,False
olora,task1290_xsum_summarization,task1290-42481a6ac9ff456393e28392f2456f79,False,False,False,False,False,False
olora,task1290_xsum_summarization,task1290-4cb32077efb2446bbd0b524d30c78f6a,False,False,False,False,False,False
olora,task1290_xsum_summarization,task1290-76e58b4d4d964b80ab22b3df48230b77,False,False,False,False,False,False
olora,task1290_xsum_summarization,task1290-c5c1e995c08b4207849ba190adece8bf,False,False,False,False,False,False
olora,task1290_xsum_summarization,task1290-6195c762ef494028b59db6dbaef13db7,False,False,False,False,False,False
olora,task1290_xsum_summarization,task1290-dd3dcea5ebbf4819967cf5ccf3577cc7,False,False,False,False,False,False
olora,task1290_xsum_summarization,task1290-bf5c8713eaf84404873581e3b45a232d,False,False,False,False,False,False
olora,task1290_xsum_summarization,task1290-8dc390967a60464ab0d49b33b2c3e783,False,False,False,False,False,False
olora,task1290_xsum_summarization,task1290-9e5b3c1154a54717b66ef028a9985ab7,False,False,False,False,False,False
olora,task1290_xsum_summarization,task1290-6e91abb4ea3c4154af2a16168d16fc1c,False,False,False,False,False,False
olora,task1290_xsum_summarization,task1290-81e1873b6e1844c98f465161f3c95ac7,False,False,False,False,False,False
olora,task1290_xsum_summarization,task1290-26df0fb266d1425bb34d26b71f2ca439,False,False,False,False,False,False
olora,task1290_xsum_summarization,task1290-9f00586963a3412eb98d0d0a120f3e2c,False,False,False,False,False,False
olora,task1290_xsum_summarization,task1290-bb2da0b66db1492c8ac43e4b5adca9f5,False,False,False,False,False,False
olora,task1290_xsum_summarization,task1290-3c6aade09f604e54bae17facbb540a51,False,False,False,False,False,False
olora,task1290_xsum_summarization,task1290-9d1c440b88b340c2944aecbc2b49946b,False,False,False,False,False,False
olora,task1290_xsum_summarization,task1290-0306aca0172d452ca05fd70be1bbcc37,False,False,False,False,False,False
olora,task1290_xsum_summarization,task1290-b8e42481886c4b5b9a55775b38bfd9a2,False,False,False,False,False,False
olora,task1290_xsum_summarization,task1290-a25cbf099c194d0cb3554fbef02cc316,False,False,False,False,False,False
olora,task1290_xsum_summarization,task1290-9dc50651e9144243b1994fc356683d86,False,False,False,False,False,False
olora,task1290_xsum_summarization,task1290-d07bc313b2a947188164f5c620d66e65,False,False,False,False,False,False
olora,task1290_xsum_summarization,task1290-3e1606f53365434f90bb9bee11feb631,False,False,False,False,False,False
olora,task1290_xsum_summarization,task1290-a6d4f2f5fd25420786a807d992dbc841,False,False,False,False,False,False
olora,task1290_xsum_summarization,task1290-243170f64ffd4282a5340447f2e41328,False,False,False,False,False,False
olora,task1290_xsum_summarization,task1290-a4e0f7bfeb52441ab49f860f976ed9c3,False,False,False,False,False,False
olora,task1290_xsum_summarization,task1290-e97dde4bfb1f40059b026e6cd65ee667,False,False,False,False,False,False
olora,task1290_xsum_summarization,task1290-100f838e8bd44ccb8de9d9672a828c00,False,False,False,False,False,False
olora,task1290_xsum_summarization,task1290-de021285938d4a07a5dcd926a36ce44b,False,False,False,False,False,False
olora,task1290_xsum_summarization,task1290-5c6b602d1dd14df8b722d3784d619025,False,False,False,False,False,False
olora,task1290_xsum_summarization,task1290-379908aba50943669c384b2b795543e2,False,False,False,False,False,False
olora,task1290_xsum_summarization,task1290-31542fa1f37e40f5ae98ac497c501023,False,False,False,False,False,False
olora,task1290_xsum_summarization,task1290-831f93abc9f94cfeb9faa4d9afcc1e2f,False,False,False,False,False,False
olora,task1290_xsum_summarization,task1290-c5497ed11d33497eba14262cb4edd574,False,False,False,False,False,False
olora,task1290_xsum_summarization,task1290-87d35265478e4587b4b945725a8cada6,False,False,False,False,False,False
olora,task1290_xsum_summarization,task1290-c352c1dd10e044bbaa10cebf77b3d106,False,False,False,False,False,False
olora,task1290_xsum_summarization,task1290-3ca980f15d524af9910f293e86b6b794,False,False,False,False,False,False
olora,task1290_xsum_summarization,task1290-00615fc331d646fdac0e9098c8794ecf,False,False,False,False,False,False
olora,task1290_xsum_summarization,task1290-da93d27d0b204022a6acc3e0ab109a39,False,False,False,False,False,False
olora,task1290_xsum_summarization,task1290-79ad47f7eddd4938a03d8d24e6741182,False,False,False,False,False,False
olora,task1290_xsum_summarization,task1290-65059816726b43fe8f943b5ce09d8e94,False,False,False,False,False,False
olora,task1290_xsum_summarization,task1290-1e601041d32248e8b9a3ded893965fc8,False,False,False,False,False,False
olora,task1290_xsum_summarization,task1290-c696aa993b1d454ab0f49678833e197e,False,False,False,False,False,False
olora,task1290_xsum_summarization,task1290-47baed5be0534571b9e15c65dbb6309b,False,False,False,False,False,False
olora,task1290_xsum_summarization,task1290-83188a962763411aa5a3619f3b9bca4e,False,False,False,False,False,False
olora,task1290_xsum_summarization,task1290-9ad9adc4876f4f23bca12faef4f91430,False,False,False,False,False,False
olora,task1290_xsum_summarization,task1290-8483c373dce34c80acad3833e9674520,False,False,False,False,False,False
olora,task1290_xsum_summarization,task1290-82a1a936d386483fa6cee30e06fc55a9,False,False,False,False,False,False
olora,task1290_xsum_summarization,task1290-d46f622c3a4d4a0bad12a3422f2c2153,False,False,False,False,False,False
olora,task1290_xsum_summarization,task1290-e5d95821fd564bb79a370583f1ab1441,False,False,False,False,False,False
olora,task1290_xsum_summarization,task1290-2645486a6a634995bae64883920d4d26,False,False,False,False,False,False
olora,task1290_xsum_summarization,task1290-99026cc1c7a64bbe9c6106dbbac623be,False,False,False,False,False,False
olora,task1290_xsum_summarization,task1290-4922ab09c3124be3bb87c7beb0bca7cd,False,False,False,False,False,False
olora,task1290_xsum_summarization,task1290-9ccb317222fb472cb0012297d844b3af,False,False,False,False,False,False
olora,task1290_xsum_summarization,task1290-cc9b8f6a2f5a49258567d1a5284ff436,False,False,False,False,False,False
olora,task1290_xsum_summarization,task1290-c50bcfdbecb4468a935ed6942c5a65f1,False,False,False,False,False,False
olora,task1290_xsum_summarization,task1290-55829ec8f11845fcaf1a549ae9814d3e,False,False,False,False,False,False
olora,task1290_xsum_summarization,task1290-6244b037eb654fe4bbbdfe8cfab3ee8e,False,False,False,False,False,False
olora,task1290_xsum_summarization,task1290-3af60269e5a1435089d0e746961deb32,False,False,False,False,False,False
olora,task1290_xsum_summarization,task1290-be1878a9479f45ada29c719a879f7eab,False,False,False,False,False,False
olora,task1290_xsum_summarization,task1290-64dee6fc6b4845f7a24230e264b34371,False,False,False,False,False,False
olora,task1290_xsum_summarization,task1290-630170bee4bd4e2eba5c5996e5912a5c,False,False,False,False,False,False
olora,task1290_xsum_summarization,task1290-51889de49e2546c084cf86eaf4fce1e9,False,False,False,False,False,False
olora,task1290_xsum_summarization,task1290-d256c8cab15542308b230bc059d7c071,False,False,False,False,False,False
olora,task1290_xsum_summarization,task1290-1cc85a97d2d0466b9048aa4086101caa,False,False,False,False,False,False
olora,task1290_xsum_summarization,task1290-09e89f744f7a4e218b9e0359e357da23,False,False,False,False,False,False
olora,task1290_xsum_summarization,task1290-a94cc8e5732a40f09f6f6579f8a60e76,False,False,False,False,False,False
olora,task1290_xsum_summarization,task1290-1eeaf26d41d04cc8baeb76e27ce0d869,False,False,False,False,False,False
olora,task1290_xsum_summarization,task1290-92ffebd1396b469c869b5f7c88846a7a,False,False,False,False,False,False
olora,task1290_xsum_summarization,task1290-153b8cfb8f0c471e9fc91e3b580ed994,False,False,False,False,False,False
olora,task1290_xsum_summarization,task1290-9e13b8f8bb914af5bd71d25fd982e71d,False,False,False,False,False,False
olora,task1290_xsum_summarization,task1290-6246b2ed18314cf49fef605c8bf1f6f1,False,False,False,False,False,False
olora,task1290_xsum_summarization,task1290-a86cc10451df425c80c12f22c446d737,False,False,False,False,False,False
olora,task1290_xsum_summarization,task1290-9110c08624624535ab95fed9a39afb47,False,False,False,False,False,False
olora,task1290_xsum_summarization,task1290-7450266b2fea48ddbefc9a0036dfb6e4,False,False,False,False,False,False
olora,task1290_xsum_summarization,task1290-ab061ea6a2aa4465864a48432bcf77b6,False,False,False,False,False,False
olora,task1290_xsum_summarization,task1290-e580574107c245919ab976871c05542e,False,False,False,False,False,False
olora,task1290_xsum_summarization,task1290-3dce860be4df456a8338c5306c61f383,False,False,False,False,False,False
olora,task1290_xsum_summarization,task1290-efedc233848a4690b80b7be15bf032dd,False,False,False,False,False,False
olora,task1290_xsum_summarization,task1290-b5fd854381e34cd3bd0a0e46e511890b,False,False,False,False,False,False
olora,task1290_xsum_summarization,task1290-57f60452bed443e2adeb4bb7eb878710,False,False,False,False,False,False
olora,task1290_xsum_summarization,task1290-8ca8acebffd54e93bff9645241b1f89e,False,False,False,False,False,False
olora,task1290_xsum_summarization,task1290-990d34f780064336b056c46b81999378,False,False,False,False,False,False
olora,task1290_xsum_summarization,task1290-aa5e00c750fb40c8a263935303595f87,False,False,False,False,False,False
olora,task1290_xsum_summarization,task1290-5a4fadf655524c4ab8b26385a9d957e3,False,False,False,False,False,False
olora,task1290_xsum_summarization,task1290-a2e5bcc499c247aba3cddd68eaaf5a22,False,False,False,False,False,False
olora,task1290_xsum_summarization,task1290-2b4d2a367da946cca85a81f517bb4724,False,False,False,False,False,False
olora,task1290_xsum_summarization,task1290-604e93ae4cd44358b449ad94b5eb9842,False,False,False,False,False,False
olora,task1290_xsum_summarization,task1290-244e667305314749bfafb7c6cd3a44d2,False,False,False,False,False,False
olora,task1290_xsum_summarization,task1290-fe292d0eb4f54d71b9a6ea8c8d938636,False,False,False,False,False,False
olora,task002_quoref_answer_generation,task002-0c57e29b81724af1acd6f4265c9b2bcd,False,True,True,True,False,True
olora,task002_quoref_answer_generation,task002-d477756d7e754de299c21d4afad8ebc7,True,True,True,False,False,False
olora,task002_quoref_answer_generation,task002-a525a6838e754c22995085e767bf2ef5,False,False,False,False,False,False
olora,task002_quoref_answer_generation,task002-83fd991001cd401095a50090f2ed063b,False,False,False,False,False,False
olora,task002_quoref_answer_generation,task002-c3fa09185db34e07b43797f3a6e53a58,False,False,False,False,False,False
olora,task002_quoref_answer_generation,task002-8bcdb04ba07b466a87229e2459e38c60,True,True,True,False,False,False
olora,task002_quoref_answer_generation,task002-b19677a2783f41098df137e35d6f2ef1,False,False,False,False,False,False
olora,task002_quoref_answer_generation,task002-726a34fc0ef343f89949d3c4472c558d,False,False,False,False,False,False
olora,task002_quoref_answer_generation,task002-8dd4d88c5e4a4e04965c892aeb03a1fa,True,True,True,False,False,False
olora,task002_quoref_answer_generation,task002-f0eba447fdda49568183fd30413bb344,False,False,False,False,False,False
olora,task002_quoref_answer_generation,task002-1d0183054b744703a49ba36dff9ca885,False,False,False,False,False,False
olora,task002_quoref_answer_generation,task002-c01987a5e5ea4e3491b81f689cddeaa1,False,False,False,False,False,False
olora,task002_quoref_answer_generation,task002-151a09e26fb244a7a518fba4865d39b7,True,False,False,False,True,False
olora,task002_quoref_answer_generation,task002-47c3ddb2a6214b8e995cf5006df97979,True,True,True,False,False,False
olora,task002_quoref_answer_generation,task002-ef2f0c0a9824431892e7f2b61b070a02,True,True,True,False,False,False
olora,task002_quoref_answer_generation,task002-885c95a9bf7b44fb990d658aa8060ab9,False,False,False,False,False,False
olora,task002_quoref_answer_generation,task002-b9deb37d36b04fe9a46bba373fcd1ef7,False,False,True,False,False,False
olora,task002_quoref_answer_generation,task002-8165c3f02ba14eee98df73942ed8e436,False,False,False,False,False,False
olora,task002_quoref_answer_generation,task002-da4f3cc161e14969863c407c66d92ece,False,False,False,False,False,False
olora,task002_quoref_answer_generation,task002-6195f1b84adf477098ac756353f64935,False,False,False,False,False,False
olora,task002_quoref_answer_generation,task002-5b5f12de3c92481a842aee7d5d565c86,False,True,True,True,False,True
olora,task002_quoref_answer_generation,task002-a856e78c3b7643689790024ce76ed205,False,False,False,False,False,False
olora,task002_quoref_answer_generation,task002-723cc8b2e5b2496ca272925b9b1289f2,False,False,False,False,False,False
olora,task002_quoref_answer_generation,task002-31a3d8f55d6b4b74b1d1313977986721,True,True,True,False,False,False
olora,task002_quoref_answer_generation,task002-34fdbf4f0f87435eaf952d7f736fd92d,False,False,False,False,False,False
olora,task002_quoref_answer_generation,task002-2651b7dab0e74ea99e6b9e68a461f17a,False,False,False,False,False,False
olora,task002_quoref_answer_generation,task002-a7afddecd2424839904c583e43ee8239,True,True,True,False,False,False
olora,task002_quoref_answer_generation,task002-85ac2cb0438b4ed7b6f7246ade2142de,True,True,True,False,False,False
olora,task002_quoref_answer_generation,task002-d28ffd5035e84b53a0eec5d177b8f163,False,False,False,False,False,False
olora,task002_quoref_answer_generation,task002-e74a67b0e4244801a368045e51a62ee6,False,False,False,False,False,False
olora,task002_quoref_answer_generation,task002-caeae3baca514b778b39253ea6c4d374,False,False,True,False,False,False
olora,task002_quoref_answer_generation,task002-cabd9557d0734b22b22de0b12bc3adbf,True,True,True,False,False,False
olora,task002_quoref_answer_generation,task002-be352ae8c832406384b76724c591b84d,True,True,True,False,False,False
olora,task002_quoref_answer_generation,task002-15e3f6133cbe4107a95b5eac72306f36,False,True,True,True,False,True
olora,task002_quoref_answer_generation,task002-9c7af4fbd92141519ac521227a146659,False,False,False,False,False,False
olora,task002_quoref_answer_generation,task002-5e2ee5ea53da45adb3b8cee9f59e925d,True,True,True,False,False,False
olora,task002_quoref_answer_generation,task002-a3d58ba80f9a40188483af7a524fc8f6,False,True,False,True,False,False
olora,task002_quoref_answer_generation,task002-efda56ebb6964e5e9e25f179b9fd552b,True,True,True,False,False,False
olora,task002_quoref_answer_generation,task002-65e0509aa04444ff8f59ebf250bc0abb,False,True,True,True,False,True
olora,task002_quoref_answer_generation,task002-0078aa492dcf453084ac5379786963b8,True,True,True,False,False,False
olora,task002_quoref_answer_generation,task002-7b7e6a427f8f44249011574227b95382,False,True,True,True,False,True
olora,task002_quoref_answer_generation,task002-6a6212c4b7f144619fee1d6e172676a3,True,True,True,False,False,False
olora,task002_quoref_answer_generation,task002-bf993a04d25f44038d34fe959969b604,False,False,False,False,False,False
olora,task002_quoref_answer_generation,task002-76c2acc203454c7880b0fcfa01f94134,True,False,False,False,True,False
olora,task002_quoref_answer_generation,task002-1dbcf0a74a5f46cc99be9ae5e8c145ce,True,True,True,False,False,False
olora,task002_quoref_answer_generation,task002-9343055394e94a51b6592f50720bbdc6,False,False,False,False,False,False
olora,task002_quoref_answer_generation,task002-d032708ce147462795dd080117c4062f,False,False,False,False,False,False
olora,task002_quoref_answer_generation,task002-079ef18a476c4b61a8f2717061e6e2cd,True,True,True,False,False,False
olora,task002_quoref_answer_generation,task002-4715b05732f34a078a2d8e324c090dbb,False,False,False,False,False,False
olora,task002_quoref_answer_generation,task002-4ba5373cda1145d2b0fe17bb0f60fa05,True,True,True,False,False,False
olora,task002_quoref_answer_generation,task002-cc72ef7db5844bb5b05b9376ec4724ee,True,True,True,False,False,False
olora,task002_quoref_answer_generation,task002-f44faacdeee44c148ace71a7ef050e37,False,False,False,False,False,False
olora,task002_quoref_answer_generation,task002-d18a5941f4ce48eabb6e4d8f2826501f,False,True,True,True,False,True
olora,task002_quoref_answer_generation,task002-2355bb54ad1541898a7a4883d6eb7798,True,True,True,False,False,False
olora,task002_quoref_answer_generation,task002-a8ce340528074a9e8cb4a6f3f3cb455e,True,True,True,False,False,False
olora,task002_quoref_answer_generation,task002-288a24e371e04fc9a5eac5718c21e60c,True,True,True,False,False,False
olora,task002_quoref_answer_generation,task002-2829730a44e24e498cb94ff56c96dd45,True,True,True,False,False,False
olora,task002_quoref_answer_generation,task002-b49db8ba266d4fcd9bc2ebb886954110,False,False,False,False,False,False
olora,task002_quoref_answer_generation,task002-fe10d7c697704d2486699f529ec6ed3a,True,True,True,False,False,False
olora,task002_quoref_answer_generation,task002-ebe2c83cbb20468c88fefddf466ef956,False,False,False,False,False,False
olora,task002_quoref_answer_generation,task002-b70c290f38584c3f882788c29cb31f32,False,False,False,False,False,False
olora,task002_quoref_answer_generation,task002-c608bace092e4a12b36878d6174d72b7,True,True,True,False,False,False
olora,task002_quoref_answer_generation,task002-90eeef020d3247739869eb4cb7625019,False,False,False,False,False,False
olora,task002_quoref_answer_generation,task002-a8a83158daf94957b828ec4220e7ba0d,True,True,True,False,False,False
olora,task002_quoref_answer_generation,task002-8784a4a02ceb49e7ab2eee3f9041d646,True,True,True,False,False,False
olora,task002_quoref_answer_generation,task002-567adbbd358f4490b98b2f73787cc10f,False,False,False,False,False,False
olora,task002_quoref_answer_generation,task002-551e35fb4137431a9a8181aefde07b06,False,False,False,False,False,False
olora,task002_quoref_answer_generation,task002-bc0c1ff777c949d6bc8673c4e817dfe2,False,False,False,False,False,False
olora,task002_quoref_answer_generation,task002-bb332e062e2a485198a6c50616a0e82a,True,True,True,False,False,False
olora,task002_quoref_answer_generation,task002-2b67444f08ac4d3bbc5ee97e773cd45a,False,False,False,False,False,False
olora,task002_quoref_answer_generation,task002-c5d2a01862824b32ab4164204ec67feb,False,True,True,True,False,True
olora,task002_quoref_answer_generation,task002-7d5e10220a0e43dd8f9096c6b251fc2d,False,False,False,False,False,False
olora,task002_quoref_answer_generation,task002-82fd9f2a27a24e9588aff9d9e5ca41d8,True,True,True,False,False,False
olora,task002_quoref_answer_generation,task002-9f411240c7ac40cc8c20dea48bb10c53,True,True,True,False,False,False
olora,task002_quoref_answer_generation,task002-f788bf1c08c64e0cb0b5d2ae2cb71f52,True,True,True,False,False,False
olora,task002_quoref_answer_generation,task002-d128ffc1d731433387ea5b0d3889a299,True,True,False,False,False,False
olora,task002_quoref_answer_generation,task002-d33b284c95e242ccb04e1b963889bc25,False,False,False,False,False,False
olora,task002_quoref_answer_generation,task002-a498f0b69774424c9214c73a2e82bb09,True,True,False,False,False,False
olora,task002_quoref_answer_generation,task002-f0fe95ad786742098468608c7e6002b5,False,True,True,True,False,True
olora,task002_quoref_answer_generation,task002-e5d1e19fbdae45af88063518568957b8,False,False,False,False,False,False
olora,task002_quoref_answer_generation,task002-c9a383e3ad7d4bdbaa794ff53b1e6f7a,False,False,False,False,False,False
olora,task002_quoref_answer_generation,task002-d81acf607c1049e0b3f4fc3222b746c5,False,False,False,False,False,False
olora,task002_quoref_answer_generation,task002-5dde0d172f7242fb9dafec3b480d6d09,True,True,True,False,False,False
olora,task002_quoref_answer_generation,task002-10307b6924a441acaa9adfaa7d98c98b,True,True,True,False,False,False
olora,task002_quoref_answer_generation,task002-700167e5d55941d3bfd31820ba8fdbce,True,True,True,False,False,False
olora,task002_quoref_answer_generation,task002-2d78d28870b3423b81bac84f28246716,False,False,True,False,False,False
olora,task002_quoref_answer_generation,task002-b63cf05362b248a28c040e1639fc6433,False,False,False,False,False,False
olora,task002_quoref_answer_generation,task002-9269f591bdc24c13b8cf990316cde161,True,True,True,False,False,False
olora,task002_quoref_answer_generation,task002-e6b0c7a664ed44d48e45b29843f69a76,True,True,True,False,False,False
olora,task002_quoref_answer_generation,task002-416ec4182bb04527aeede2812bd71359,True,True,True,False,False,False
olora,task002_quoref_answer_generation,task002-1fc6f565f7cf40cc956d547151a67dd2,False,False,False,False,False,False
olora,task002_quoref_answer_generation,task002-dc5faf09b3d94e0db92551a34dc0810f,False,False,True,False,False,False
olora,task002_quoref_answer_generation,task002-e8cc45888af74e49817c400956c20d07,True,True,True,False,False,False
olora,task002_quoref_answer_generation,task002-aea5007e859646c5b48f37d8e8e38e0c,False,False,False,False,False,False
olora,task002_quoref_answer_generation,task002-41e7565dd4ef49949f29818ba8ac6131,True,True,False,False,False,False
olora,task002_quoref_answer_generation,task002-32672b87c6cd4241bcf96ff019b34f6d,False,False,False,False,False,False
olora,task002_quoref_answer_generation,task002-d3a2e9d499e84488855a082619108b9a,False,False,True,False,False,False
olora,task002_quoref_answer_generation,task002-1faeed6e99704f648f76fd53230264e0,False,False,False,False,False,False
olora,task002_quoref_answer_generation,task002-16dd8a873cb145f6a2ad1c1a6167edf1,True,True,True,False,False,False
olora,task002_quoref_answer_generation,task002-5984b5dd4132461da14cc7aa2ea91c2a,True,True,True,False,False,False
olora,task002_quoref_answer_generation,task002-3a54e965edff4833ad4ef833c4fa5729,False,False,False,False,False,False
olora,task002_quoref_answer_generation,task002-a2ebacc82e5d4392aba66f7976d7a752,False,False,False,False,False,False
olora,task002_quoref_answer_generation,task002-b1020ca05e1249709b87cf6fa672dd44,False,False,False,False,False,False
olora,task002_quoref_answer_generation,task002-d275544174294f9ab2338bfa99fecd6d,False,False,False,False,False,False
olora,task002_quoref_answer_generation,task002-7a25dbffb59c4c999578736dd38aa76b,True,True,True,False,False,False
olora,task002_quoref_answer_generation,task002-5caea659520c4e6e9aa540e9780974ee,False,False,False,False,False,False
olora,task002_quoref_answer_generation,task002-4fe61a938cb94213822057d258574cc4,False,False,False,False,False,False
olora,task002_quoref_answer_generation,task002-33bbec2cadc4486ea3c3eaf91ab71277,False,False,False,False,False,False
olora,task002_quoref_answer_generation,task002-820191405dba4177a050d672452b8d76,True,True,True,False,False,False
olora,task002_quoref_answer_generation,task002-f4b03a78c32f4dd2a8955f02f1372525,False,False,False,False,False,False
olora,task002_quoref_answer_generation,task002-0a23de577c1941ea832bf0d68bd5f236,False,False,False,False,False,False
olora,task002_quoref_answer_generation,task002-a15bd7a51a5b472e847a1b6561ca7912,False,False,False,False,False,False
olora,task002_quoref_answer_generation,task002-cd35c9802e4e44c6a8fd6288edcc9f5f,False,False,False,False,False,False
olora,task002_quoref_answer_generation,task002-0b66bc55e8674df09e32abd97f46ab02,False,False,False,False,False,False
olora,task002_quoref_answer_generation,task002-c8c5e2bb7fc74d99b65c65320d4ffc16,False,True,True,True,False,True
olora,task002_quoref_answer_generation,task002-741cade39f7e4ecba44af9337b3f52a5,True,True,True,False,False,False
olora,task002_quoref_answer_generation,task002-dc45be19527348a4a71b44f4cf143677,True,True,True,False,False,False
olora,task002_quoref_answer_generation,task002-938e695bdbdd456c8599da29dd5587a8,False,False,False,False,False,False
olora,task002_quoref_answer_generation,task002-15b69306072c41758f129446b25bbf81,False,False,False,False,False,False
olora,task002_quoref_answer_generation,task002-4f1f52011e0e43e19f90ba697dd1eef1,True,True,True,False,False,False
olora,task002_quoref_answer_generation,task002-74767ff7725f4b3db92590fcab3a19b1,True,True,True,False,False,False
olora,task002_quoref_answer_generation,task002-153dd4a7879f4285bbc4a52d1c39af73,True,True,True,False,False,False
olora,task002_quoref_answer_generation,task002-99aeaf2bd43146268c27b3a7ad4320ba,False,False,False,False,False,False
olora,task002_quoref_answer_generation,task002-27d6dfad30064564b48cd55780d44968,False,False,False,False,False,False
olora,task002_quoref_answer_generation,task002-12c2f8c354ec4a068ffc17e616baded3,True,True,True,False,False,False
olora,task002_quoref_answer_generation,task002-65ca41618d8b44d393ba9390d1ebbb6c,False,False,False,False,False,False
olora,task002_quoref_answer_generation,task002-f32c59d0972a4fe6b5207ec9fbb030f7,False,False,False,False,False,False
olora,task002_quoref_answer_generation,task002-383f47706220441f931388fbc687b8dd,True,True,True,False,False,False
olora,task002_quoref_answer_generation,task002-2fd884a221ff45938ae50d54191694cc,True,True,True,False,False,False
olora,task002_quoref_answer_generation,task002-29bc73d2585349128c24b8045b179c7f,True,True,True,False,False,False
olora,task002_quoref_answer_generation,task002-2469879c9b604b5e970796f2a87b6e8e,True,True,True,False,False,False
olora,task002_quoref_answer_generation,task002-cea6b3a5659e47fb98e3e7ac2348894a,False,False,False,False,False,False
olora,task002_quoref_answer_generation,task002-ddb0c5b98dfb4898b417d98892c5b2c3,False,False,False,False,False,False
olora,task002_quoref_answer_generation,task002-fe6910e7aca444aab5b499d5a8e313bf,True,True,True,False,False,False
olora,task002_quoref_answer_generation,task002-149fe374004b43f88a2209ae9330b19b,False,False,False,False,False,False
olora,task002_quoref_answer_generation,task002-86f11db02a614a3e92f3d46f1b2c19aa,False,False,False,False,False,False
olora,task002_quoref_answer_generation,task002-3ffd6271441147bb9f78545fb9b8f37b,True,True,True,False,False,False
olora,task002_quoref_answer_generation,task002-4f1dd27c09994c6fa52c2973a4329e24,False,False,False,False,False,False
olora,task002_quoref_answer_generation,task002-d914a61ac3d243519cec8cb266735c2a,False,True,False,True,False,False
olora,task002_quoref_answer_generation,task002-1796bbf7e30d4cdd83026f50b55d06a2,True,False,True,False,True,False
olora,task002_quoref_answer_generation,task002-a60ea6f89f4e4c7f9822734966efdb34,False,False,False,False,False,False
olora,task002_quoref_answer_generation,task002-21206b8f28234f029338d39d464fa648,True,True,True,False,False,False
olora,task002_quoref_answer_generation,task002-3f65f47b298649099b5da5b7c25239f2,True,True,True,False,False,False
olora,task002_quoref_answer_generation,task002-42459eaecfd54af0a7a4c7446a675f08,False,True,True,True,False,True
olora,task002_quoref_answer_generation,task002-3e43641fe67a4e6f8fd2b54da688bfd2,False,False,False,False,False,False
olora,task002_quoref_answer_generation,task002-52913ab3868a4a26810c9efdd86ae591,True,True,True,False,False,False
olora,task002_quoref_answer_generation,task002-be6efcc46741494eb8212d55e739b31b,True,True,True,False,False,False
olora,task002_quoref_answer_generation,task002-93dc91150bcc45e7adc7559ae9817f75,False,False,False,False,False,False
olora,task002_quoref_answer_generation,task002-1f1215163a5d4aec996cd0b1f8e01271,False,False,False,False,False,False
olora,task002_quoref_answer_generation,task002-3ed726bd008b4f9aabf383c311d34c21,True,True,False,False,False,False
olora,task002_quoref_answer_generation,task002-265e7b1f2bc84d1a96881cd7c05cf6ec,False,False,False,False,False,False
olora,task002_quoref_answer_generation,task002-45c9ea9ffdd64a6f8009c3e3c970730a,False,False,False,False,False,False
olora,task002_quoref_answer_generation,task002-f9a9088c87c34aeb8bad24a49138b602,True,True,True,False,False,False
olora,task002_quoref_answer_generation,task002-6ae412b9e8d44a9bb9ab9b2e204c22a0,True,True,True,False,False,False
olora,task002_quoref_answer_generation,task002-8283e7c623ee410f819898ed5c34cd3f,False,False,False,False,False,False
olora,task002_quoref_answer_generation,task002-493413880e90448a815504c25cf47f50,True,True,False,False,False,False
olora,task002_quoref_answer_generation,task002-325a7ad6f34d4e5f80cf0f6fceb83f7d,True,False,False,False,True,False
olora,task002_quoref_answer_generation,task002-3e34148a24884574a7c665b00e10a1c8,False,False,False,False,False,False
olora,task002_quoref_answer_generation,task002-bfe11cd423444ff9b8758cb2cb0b998a,True,True,True,False,False,False
olora,task002_quoref_answer_generation,task002-0f066377624648f89da4130fe743e6a6,True,True,True,False,False,False
olora,task002_quoref_answer_generation,task002-befaad7678524b21af9ec9f7ae4771f2,False,False,False,False,False,False
olora,task002_quoref_answer_generation,task002-733ec58a32264304891eb36e3738d155,True,True,True,False,False,False
olora,task002_quoref_answer_generation,task002-19c30e26be1e429fac3c617f95fd8274,True,True,True,False,False,False
olora,task002_quoref_answer_generation,task002-ade87163cf704679afcb023782becb44,True,True,True,False,False,False
olora,task002_quoref_answer_generation,task002-fa390d458bcc4f208e97f64d098920be,False,False,False,False,False,False
olora,task002_quoref_answer_generation,task002-a2da82c723a7470d80f847831770865b,True,True,False,False,False,False
olora,task002_quoref_answer_generation,task002-6ab6e07453cd458d8980231bc219e8ac,True,True,True,False,False,False
olora,task002_quoref_answer_generation,task002-15ea04bb35704e9bb75a682625d04f9f,False,False,False,False,False,False
olora,task002_quoref_answer_generation,task002-f4fcb4a113a94845b0b48819348701e1,True,True,True,False,False,False
olora,task002_quoref_answer_generation,task002-de5941de9f924a2d8392b00507198d0e,False,True,True,True,False,True
olora,task002_quoref_answer_generation,task002-f064447c1aeb4510a952a432140013ce,False,False,True,False,False,False
olora,task002_quoref_answer_generation,task002-229c32bac4a64206876aba35efce7235,True,True,True,False,False,False
olora,task002_quoref_answer_generation,task002-f51a06be885f4e4ebb306b309f60f3cb,False,False,False,False,False,False
olora,task002_quoref_answer_generation,task002-d9022a28551e45df9fcdd829e1b9fdfd,False,False,False,False,False,False
olora,task002_quoref_answer_generation,task002-4445cbd436a24abd9a52786341e916b1,True,True,True,False,False,False
olora,task002_quoref_answer_generation,task002-4ea925139b6742ceb4ed044518fb870d,True,True,True,False,False,False
olora,task002_quoref_answer_generation,task002-15795e28fc7e4956ba16bdecdd9ea2bd,True,False,False,False,True,False
olora,task002_quoref_answer_generation,task002-21535759cfcd4a5d8aa201de5b03b542,False,False,False,False,False,False
olora,task002_quoref_answer_generation,task002-fb616ee9cd244876b18657b71c702d6c,False,False,True,False,False,False
olora,task002_quoref_answer_generation,task002-9f6333b6493843a7878671ee5c897c84,False,True,True,True,False,True
olora,task002_quoref_answer_generation,task002-b93e7bd5b7d84f9c82b2e84345783322,False,False,True,False,False,False
olora,task002_quoref_answer_generation,task002-5dc26a5c72084e2f99aa711c604d3671,False,False,False,False,False,False
olora,task002_quoref_answer_generation,task002-188a47d5fab74f2e847bdee8d03c764e,False,True,True,True,False,True
olora,task002_quoref_answer_generation,task002-fa6831e8e04e44f2ae2ca2b4606de8ef,False,False,True,False,False,False
olora,task002_quoref_answer_generation,task002-a7ff3bd963524aa08f252432b0f6d729,False,False,False,False,False,False
olora,task002_quoref_answer_generation,task002-54fd4f1381c349a2aaa60a6d6630c6c4,True,True,True,False,False,False
olora,task002_quoref_answer_generation,task002-f3c53e3932344d339556463a765099af,True,True,True,False,False,False
olora,task002_quoref_answer_generation,task002-7e421e3419664a5881486c79308c9789,True,True,True,False,False,False
olora,task002_quoref_answer_generation,task002-c2b0a27c916d4dcfb65e89cbff6848f5,True,True,True,False,False,False
olora,task002_quoref_answer_generation,task002-7966bfdd1d0742f981ccd27d47969ff0,False,False,False,False,False,False
olora,task002_quoref_answer_generation,task002-6840ea0d19204118a40296cf6d25f27a,True,False,False,False,True,False
olora,task002_quoref_answer_generation,task002-459bb4d9d9f84eb4925e83a785376d79,False,True,True,True,False,True
olora,task002_quoref_answer_generation,task002-c1869d681c72406595c56e6b3725e980,True,True,False,False,False,False
olora,task002_quoref_answer_generation,task002-3e27aa4f9d7142089e6e449337cfeb9d,False,False,False,False,False,False
olora,task002_quoref_answer_generation,task002-a701ab93da054ff5a40f6ba5e0f6fbda,True,True,True,False,False,False
olora,task002_quoref_answer_generation,task002-efd638d05d0b43fd972cbfa8bed7c1c2,False,False,False,False,False,False
olora,task002_quoref_answer_generation,task002-a316229414944a579b78f35a79415c84,False,True,True,True,False,True
olora,task002_quoref_answer_generation,task002-c78a230a37694621a1eb665d6b7be4ce,True,True,True,False,False,False
olora,task002_quoref_answer_generation,task002-7956f19e4ade47fbbea2a2db8bd9d572,False,False,False,False,False,False
olora,task002_quoref_answer_generation,task002-63aa0e8f98174885b4962969d3f26b96,False,False,False,False,False,False
olora,task1510_evalution_relation_extraction,task1510-5f9d683cda37406b8581222d07f79df2,False,True,True,True,False,True
olora,task1510_evalution_relation_extraction,task1510-e24fdd1db8b5448ea9962c82e7908345,False,True,True,True,False,True
olora,task1510_evalution_relation_extraction,task1510-08e0112eb6b14048aa4997404d79cbfb,False,False,True,False,False,False
olora,task1510_evalution_relation_extraction,task1510-67a8aa1643c5426d85e0717abf916431,False,True,True,True,False,True
olora,task1510_evalution_relation_extraction,task1510-f75b297eead74db39127c02363f15d85,False,True,True,True,False,True
olora,task1510_evalution_relation_extraction,task1510-69979a226f274e269c68ebf75d5a0573,False,False,False,False,False,False
olora,task1510_evalution_relation_extraction,task1510-ea44d9db56554b78adac63a23fceb28b,False,True,True,True,False,True
olora,task1510_evalution_relation_extraction,task1510-3103efec4a0d4e6d946885b4301e4c34,False,False,False,False,False,False
olora,task1510_evalution_relation_extraction,task1510-238169216fb54f5b86e5ee32e1333e13,False,True,True,True,False,True
olora,task1510_evalution_relation_extraction,task1510-77a4edc93ebd4e6e8f8ab79c80cf8832,False,True,True,True,False,True
olora,task1510_evalution_relation_extraction,task1510-e91d61476d0a4a949f63469d5b37bc96,False,True,True,True,False,True
olora,task1510_evalution_relation_extraction,task1510-405428d6d7a44c9b87a6365c8c93925a,False,False,False,False,False,False
olora,task1510_evalution_relation_extraction,task1510-4a5ee9102d3c41328934710e7f4d06c4,False,True,True,True,False,True
olora,task1510_evalution_relation_extraction,task1510-2a4c8f03e22b49378a9f35f286ef04e6,False,True,True,True,False,True
olora,task1510_evalution_relation_extraction,task1510-41f83bd9eecd488587a4fa205b616228,False,True,False,True,False,False
olora,task1510_evalution_relation_extraction,task1510-fedbe60d60864005aec981573f9bada7,False,True,True,True,False,True
olora,task1510_evalution_relation_extraction,task1510-2782cb1fadc64bca82e848fb052072de,False,False,False,False,False,False
olora,task1510_evalution_relation_extraction,task1510-3e990519e8a44bab952b6a7668c6b796,False,True,True,True,False,True
olora,task1510_evalution_relation_extraction,task1510-528fac3e01ac40b1b77adfba29f2af65,False,False,False,False,False,False
olora,task1510_evalution_relation_extraction,task1510-7bd6c4d5b7d24d7091af3841418afcea,False,True,True,True,False,True
olora,task1510_evalution_relation_extraction,task1510-1f7478fd3f4b41d8aa842e567967a1d4,False,False,False,False,False,False
olora,task1510_evalution_relation_extraction,task1510-b8a9a7e7b9f04b269c2f9579bd12f3f6,False,True,True,True,False,True
olora,task1510_evalution_relation_extraction,task1510-444772a8bae54b9f8cb121da360e1a9b,False,True,False,True,False,False
olora,task1510_evalution_relation_extraction,task1510-b69b805cd11e41659219cce633ec259b,False,True,True,True,False,True
olora,task1510_evalution_relation_extraction,task1510-355b2b1747554de3b54362e64db787c1,False,True,True,True,False,True
olora,task1510_evalution_relation_extraction,task1510-3f242e64501d4004b9cc37e50e0a20af,False,False,False,False,False,False
olora,task1510_evalution_relation_extraction,task1510-a41897eb29e24833a6f0d620c252df50,False,False,False,False,False,False
olora,task1510_evalution_relation_extraction,task1510-431e839707a34d41ae630023903814a0,False,True,False,True,False,False
olora,task1510_evalution_relation_extraction,task1510-c1fe7731ae5e45a3804393779d54fde3,False,True,False,True,False,False
olora,task1510_evalution_relation_extraction,task1510-9351c7654895444d8aa2c3873b2d4914,False,False,False,False,False,False
olora,task1510_evalution_relation_extraction,task1510-c83faa0eefa84afe85144a02915ba191,False,True,True,True,False,True
olora,task1510_evalution_relation_extraction,task1510-cdf410ad513d4ff78d0317e87a3e92b0,False,True,True,True,False,True
olora,task1510_evalution_relation_extraction,task1510-376551cf14184b859cdc4f77d27c9f9a,False,False,False,False,False,False
olora,task1510_evalution_relation_extraction,task1510-cdc1e2b31da1491eaf5d229261455591,False,True,False,True,False,False
olora,task1510_evalution_relation_extraction,task1510-96c167f164dd47f6b87ab542b4eccb6a,False,False,False,False,False,False
olora,task1510_evalution_relation_extraction,task1510-808cd7e7e6c6460ebdd664596870f241,False,True,False,True,False,False
olora,task1510_evalution_relation_extraction,task1510-3c51637443964cbc89d487623af88e05,False,True,True,True,False,True
olora,task1510_evalution_relation_extraction,task1510-d6c1e96aefc842338bda44c74d8fb2fd,False,False,False,False,False,False
olora,task1510_evalution_relation_extraction,task1510-6c944f8636b144a0aff37e7a8a09caa7,False,True,True,True,False,True
olora,task1510_evalution_relation_extraction,task1510-813606934fb04fa7a9e9beafe088b2cf,False,False,False,False,False,False
olora,task1510_evalution_relation_extraction,task1510-82c4c41ec4124c7ba7d824caa8ea675b,False,False,False,False,False,False
olora,task1510_evalution_relation_extraction,task1510-9d151afb01cc4cc1bb8014d759424c01,False,True,True,True,False,True
olora,task1510_evalution_relation_extraction,task1510-feebe86397094cf995e27de5a38c6a1d,False,False,False,False,False,False
olora,task1510_evalution_relation_extraction,task1510-582b5b1ba44f4ceba23d6575087baaab,False,False,False,False,False,False
olora,task1510_evalution_relation_extraction,task1510-2de39884ffbf4cba86af228d596c74d2,False,True,True,True,False,True
olora,task1510_evalution_relation_extraction,task1510-7a55f21c64454addbf032d3e356150da,False,True,False,True,False,False
olora,task1510_evalution_relation_extraction,task1510-cddc87e5e5c54ec2b8fdcbc776ce0e2f,False,True,True,True,False,True
olora,task1510_evalution_relation_extraction,task1510-696be0b2f3c148c79d15bb10a73fe5bb,False,True,True,True,False,True
olora,task1510_evalution_relation_extraction,task1510-533d0103a7f347bebe02381d2b3bd2d6,False,False,False,False,False,False
olora,task1510_evalution_relation_extraction,task1510-05258ae65b1d408f8480f9ababdb85c4,False,False,False,False,False,False
olora,task1510_evalution_relation_extraction,task1510-9ad5ce101ebb47cda04c0899e7ec5d9e,False,False,False,False,False,False
olora,task1510_evalution_relation_extraction,task1510-00ef1f3c43bb43fa9d7a365994f94346,False,True,True,True,False,True
olora,task1510_evalution_relation_extraction,task1510-c01962437317405ebd2605c4ce0c26b2,False,False,False,False,False,False
olora,task1510_evalution_relation_extraction,task1510-c49b32ffb9634b4abf68f3f3602b319f,False,True,True,True,False,True
olora,task1510_evalution_relation_extraction,task1510-5d5f2a1285794e3fb2edd3f8e7b1d818,False,True,True,True,False,True
olora,task1510_evalution_relation_extraction,task1510-4589a128b5f14c47bd791c77dda7118a,False,True,True,True,False,True
olora,task1510_evalution_relation_extraction,task1510-48f2e39434ed4fc2bbc499c4da48668d,False,True,True,True,False,True
olora,task1510_evalution_relation_extraction,task1510-79284933c96b4adc87fd180bb945f0e4,False,True,True,True,False,True
olora,task1510_evalution_relation_extraction,task1510-9c1c58a762bb4ab49e93cdf0ff4846a8,False,True,True,True,False,True
olora,task1510_evalution_relation_extraction,task1510-fc903c0fe24b4a50b50aaa8dd9a3d110,False,False,False,False,False,False
olora,task1510_evalution_relation_extraction,task1510-cc34977689a04c89befbcbe74387550e,False,True,False,True,False,False
olora,task1510_evalution_relation_extraction,task1510-fa3acf895c024f38982f40f192d6044d,False,True,True,True,False,True
olora,task1510_evalution_relation_extraction,task1510-e08b42c924f34154aeb7fcf82156681c,False,False,False,False,False,False
olora,task1510_evalution_relation_extraction,task1510-0929b7f6eaae49c2a39d903d95d354e4,False,True,False,True,False,False
olora,task1510_evalution_relation_extraction,task1510-9e6d282099b64162a5b3e264f2702922,False,False,False,False,False,False
olora,task1510_evalution_relation_extraction,task1510-f7cd61257de049328383f68f7b9fdaee,False,True,True,True,False,True
olora,task1510_evalution_relation_extraction,task1510-45ea6e9241ce405688920e75189c7c52,False,False,True,False,False,False
olora,task1510_evalution_relation_extraction,task1510-29253ee30948406e81f01c2c2148cfb0,False,True,True,True,False,True
olora,task1510_evalution_relation_extraction,task1510-bf2cf9b53e6c4a39a5606a803eef6a1a,False,True,True,True,False,True
olora,task1510_evalution_relation_extraction,task1510-d888fcd286604cb289168e97e4ff0e66,False,False,False,False,False,False
olora,task1510_evalution_relation_extraction,task1510-384999054b484b29a0f426b51e7f636c,False,True,True,True,False,True
olora,task1510_evalution_relation_extraction,task1510-288e0c8e41144c78865e59b57e9684a0,False,True,True,True,False,True
olora,task1510_evalution_relation_extraction,task1510-0e3d3aac93e64a2eb08d19f84486fcce,False,True,True,True,False,True
olora,task1510_evalution_relation_extraction,task1510-d026cd6e9b2c4506b373045bd8636f18,False,True,True,True,False,True
olora,task1510_evalution_relation_extraction,task1510-c30e0edcd19a484bb63aac172e20f112,False,True,True,True,False,True
olora,task1510_evalution_relation_extraction,task1510-8c2356685c8c413f8818238c924ab620,False,True,True,True,False,True
olora,task1510_evalution_relation_extraction,task1510-9403afb3411841a38ca5f2d622613432,False,True,True,True,False,True
olora,task1510_evalution_relation_extraction,task1510-3a9e90ed9f594415b0dfd9f5dfaec6d0,False,False,False,False,False,False
olora,task1510_evalution_relation_extraction,task1510-9cb14ea0a9b94b6eb1307d8947e9ab36,False,False,False,False,False,False
olora,task1510_evalution_relation_extraction,task1510-959031d13cb24589bca6d414bf9c8579,False,True,True,True,False,True
olora,task1510_evalution_relation_extraction,task1510-01e7c347c64542f7a105c8a12cd8cf46,False,True,False,True,False,False
olora,task1510_evalution_relation_extraction,task1510-f8c608797a7c45bb8b6c1b4bb3f854ff,False,True,False,True,False,False
olora,task1510_evalution_relation_extraction,task1510-d71a6ae2290f4a74a18079df0a3fae97,False,True,True,True,False,True
olora,task1510_evalution_relation_extraction,task1510-a10c561f997946718ba13aa0e80ee67a,False,True,True,True,False,True
olora,task1510_evalution_relation_extraction,task1510-5ab4ef8dcce64e878bed18645ca20182,False,False,False,False,False,False
olora,task1510_evalution_relation_extraction,task1510-66a6e9370f02495c93f2b48e9cadf58f,False,True,True,True,False,True
olora,task1510_evalution_relation_extraction,task1510-54d7476281d54ec892e26dff1df2a163,False,True,True,True,False,True
olora,task1510_evalution_relation_extraction,task1510-cf326ac56eee4c3a8625adf3b260dea6,False,True,True,True,False,True
olora,task1510_evalution_relation_extraction,task1510-fa03bbdd54f145e38df533aa648c117d,False,True,True,True,False,True
olora,task1510_evalution_relation_extraction,task1510-de27e7a0cd714f50b268b58321253eb3,False,True,False,True,False,False
olora,task1510_evalution_relation_extraction,task1510-b9fc46625f73415ba992ccb8820a2fa4,False,True,True,True,False,True
olora,task1510_evalution_relation_extraction,task1510-40941d15f2e84bd399b897cba8a8eb31,False,False,True,False,False,False
olora,task1510_evalution_relation_extraction,task1510-7ddc368c36a94eb79a8d935184d4ed22,False,True,True,True,False,True
olora,task1510_evalution_relation_extraction,task1510-95444f0ae12440abadb53db3b5cf2e05,False,True,True,True,False,True
olora,task1510_evalution_relation_extraction,task1510-03e0254c6c3147a39077b00e0f449a9e,False,True,True,True,False,True
olora,task1510_evalution_relation_extraction,task1510-9a0b75e34b0748dda5f4e5c8839d2665,False,True,True,True,False,True
olora,task1510_evalution_relation_extraction,task1510-256a35492e7a4b7c8a536ca6f5e04902,False,True,True,True,False,True
olora,task1510_evalution_relation_extraction,task1510-1577726f4ab1423c9e5749bd0cef2523,False,False,False,False,False,False
olora,task1510_evalution_relation_extraction,task1510-a2fe74b3138f47f0ac335fd4628b5efc,False,False,False,False,False,False
olora,task1510_evalution_relation_extraction,task1510-fef539fb0b694ec5be678c370093c588,False,True,True,True,False,True
olora,task1510_evalution_relation_extraction,task1510-ec6764ab40d24ca69c21d836064c6481,False,True,True,True,False,True
olora,task1510_evalution_relation_extraction,task1510-aedb785fbceb4cf9bd22b31d44dc566d,False,True,True,True,False,True
olora,task1510_evalution_relation_extraction,task1510-06428f58cf1d4d489e8b4e3720c72f8d,False,False,True,False,False,False
olora,task1510_evalution_relation_extraction,task1510-0cc5e12cff4f47bd9449b5946386bcc9,False,True,True,True,False,True
olora,task1510_evalution_relation_extraction,task1510-1f9a3dee69b642498acae58fa7680fe9,False,True,True,True,False,True
olora,task1510_evalution_relation_extraction,task1510-5299e1c9d3554fcba3e41fad480f63d4,False,True,True,True,False,True
olora,task1510_evalution_relation_extraction,task1510-c2160d23a9474ce1b0b0ca147d976f5c,False,True,True,True,False,True
olora,task1510_evalution_relation_extraction,task1510-81876f5626f543eca8731b6fad216c9d,False,True,True,True,False,True
olora,task1510_evalution_relation_extraction,task1510-db6f28808fd84118a0525ebc9f39a964,False,True,True,True,False,True
olora,task1510_evalution_relation_extraction,task1510-13199755437a4c0b984a780eca92604f,False,True,True,True,False,True
olora,task1510_evalution_relation_extraction,task1510-75f367c3695a4457bb063afa8eee2ee2,False,True,False,True,False,False
olora,task1510_evalution_relation_extraction,task1510-415a4f87c08b444d91d99649dc13c750,False,True,True,True,False,True
olora,task1510_evalution_relation_extraction,task1510-484bbc48df2748f0abae62e1a063a1c6,False,True,True,True,False,True
olora,task1510_evalution_relation_extraction,task1510-24c4c5f5117d49dda65fbc918552c1b4,False,True,True,True,False,True
olora,task1510_evalution_relation_extraction,task1510-911907ef26334fc98debc1d776d2d930,False,True,True,True,False,True
olora,task1510_evalution_relation_extraction,task1510-508f595dbd234e7bba1c1f8d5de13229,False,False,False,False,False,False
olora,task1510_evalution_relation_extraction,task1510-638a8be4e3c147e18f55d006c9ed1f1a,False,False,False,False,False,False
olora,task1510_evalution_relation_extraction,task1510-6284b3c49b8b465abef4a8da7563f33a,False,False,True,False,False,False
olora,task1510_evalution_relation_extraction,task1510-d1189a1bc07548309f3a7978cac838fe,False,False,False,False,False,False
olora,task1510_evalution_relation_extraction,task1510-165a62f508ab446099393eeebe363b78,False,True,False,True,False,False
olora,task1510_evalution_relation_extraction,task1510-3713683c9ff54c659514f92760ffd4d2,False,False,False,False,False,False
olora,task1510_evalution_relation_extraction,task1510-670ec7a1afca40cd842ccf4e2aca7eba,False,True,True,True,False,True
olora,task1510_evalution_relation_extraction,task1510-418404171b674485be9a0162763714be,False,False,True,False,False,False
olora,task1510_evalution_relation_extraction,task1510-c94b3a34b0214cafa03a2513bf0024c1,False,False,False,False,False,False
olora,task1510_evalution_relation_extraction,task1510-610d31ce677f447294f2088e2a7d510f,False,False,False,False,False,False
olora,task1510_evalution_relation_extraction,task1510-83874ac86f9d4a789aa1b419f279c6cc,False,False,False,False,False,False
olora,task1510_evalution_relation_extraction,task1510-92f5a64e221a46d6b02bdb9a6c0204a1,False,False,False,False,False,False
olora,task1510_evalution_relation_extraction,task1510-fbe6f17db0cb410fa884213a9b74f9ed,False,True,True,True,False,True
olora,task1510_evalution_relation_extraction,task1510-b1b8876193f441c8beaddd0e82a22fe9,False,False,False,False,False,False
olora,task1510_evalution_relation_extraction,task1510-4c09f978bc254570a84d762c40eb05f6,False,True,True,True,False,True
olora,task1510_evalution_relation_extraction,task1510-1613ff1cef6c4e8a883a76dcf965a65f,False,False,False,False,False,False
olora,task1510_evalution_relation_extraction,task1510-38a6f8cf4a1849e58d69e14bf927a71a,False,False,False,False,False,False
olora,task1510_evalution_relation_extraction,task1510-ed083d08daad4b9fbdb5bb30cfadfe6d,False,True,True,True,False,True
olora,task1510_evalution_relation_extraction,task1510-4d5ceb230f264cd292b980d284d10259,False,True,True,True,False,True
olora,task1510_evalution_relation_extraction,task1510-16ad5db5f1dc48288a1f8394dd3b3b6d,False,True,True,True,False,True
olora,task1510_evalution_relation_extraction,task1510-72cac91a716c44d0b0adbf3f746fd258,False,True,True,True,False,True
olora,task1510_evalution_relation_extraction,task1510-8a956a4d4aa44e11942eab2da2b6eef4,False,False,False,False,False,False
olora,task1510_evalution_relation_extraction,task1510-70f2f0903f6b46f08988aae324a0aff3,False,False,False,False,False,False
olora,task1510_evalution_relation_extraction,task1510-7cc9c7a39a5d4f5f9f2a904613d53435,False,True,False,True,False,False
olora,task1510_evalution_relation_extraction,task1510-6978afe2554b47e9bf951a06760252f4,False,True,True,True,False,True
olora,task1510_evalution_relation_extraction,task1510-425be1c4a9534bec892c6e4aaa8f040f,False,False,False,False,False,False
olora,task1510_evalution_relation_extraction,task1510-18c0a917619344f9a2333af81185b78b,False,False,False,False,False,False
olora,task1510_evalution_relation_extraction,task1510-c7081bd236144b50b0d677aea3a50bfc,False,True,True,True,False,True
olora,task1510_evalution_relation_extraction,task1510-229c7bc0ea274a10abfb8c00dac5b9a1,False,False,False,False,False,False
olora,task1510_evalution_relation_extraction,task1510-2e32509272254e32bc138e7f0aef2ed5,False,False,False,False,False,False
olora,task1510_evalution_relation_extraction,task1510-cf3a9e19f1e94284bb247451e05a8cb7,False,True,True,True,False,True
olora,task1510_evalution_relation_extraction,task1510-276f830a86a54c3bba39f2bd60738d18,False,True,True,True,False,True
olora,task1510_evalution_relation_extraction,task1510-81b9e419f3e64ec7adb951ea763d0023,False,True,True,True,False,True
olora,task1510_evalution_relation_extraction,task1510-c9ad952529ca469883249a23ec34ff8e,False,False,False,False,False,False
olora,task1510_evalution_relation_extraction,task1510-defff1ccb3cf45fd90e66101ff4d51e5,False,False,False,False,False,False
olora,task1510_evalution_relation_extraction,task1510-661a72c20f0746cf87db68dc0476d6fe,False,False,False,False,False,False
olora,task1510_evalution_relation_extraction,task1510-95ef307dbea44c4b9c06513718451da1,False,True,True,True,False,True
olora,task1510_evalution_relation_extraction,task1510-f4590413bd904feaa0f78aef8b66ff69,False,False,False,False,False,False
olora,task1510_evalution_relation_extraction,task1510-67a29b12d48640879ef91b8e64ac6119,False,True,True,True,False,True
olora,task1510_evalution_relation_extraction,task1510-c834792c3fed49e398d4c5ee09be9341,False,False,False,False,False,False
olora,task1510_evalution_relation_extraction,task1510-bdcb1247de5f429fb5c4aed7c8041329,False,True,True,True,False,True
olora,task1510_evalution_relation_extraction,task1510-d0b9528786734a1680a3d17717b4ebba,False,True,True,True,False,True
olora,task1510_evalution_relation_extraction,task1510-ce488508600e465798f71cb7e410ad3d,False,True,False,True,False,False
olora,task1510_evalution_relation_extraction,task1510-b87ecc6c572448ceaae2cc7a7e636da8,False,True,True,True,False,True
olora,task1510_evalution_relation_extraction,task1510-2f4d2e2d2b404e3ba5e18340d0bcf6df,False,False,False,False,False,False
olora,task1510_evalution_relation_extraction,task1510-bd005623a8624df1b526ce589a7679e4,False,False,False,False,False,False
olora,task1510_evalution_relation_extraction,task1510-be67400f435348c180a85cd5ba4f784a,False,False,False,False,False,False
olora,task1510_evalution_relation_extraction,task1510-27600c83ec7348a6a76af5a6fb3aa98b,False,False,False,False,False,False
olora,task1510_evalution_relation_extraction,task1510-3df16076220a4378876e8a7a38832940,False,True,True,True,False,True
olora,task1510_evalution_relation_extraction,task1510-40d91b3461214ac6afce872cb9eb29b9,False,False,False,False,False,False
olora,task1510_evalution_relation_extraction,task1510-fbf1666b203b4db2aa9177bb99b67fdd,False,False,False,False,False,False
olora,task1510_evalution_relation_extraction,task1510-cea0890ebbcf47adb321e8d9225285fc,False,False,False,False,False,False
olora,task1510_evalution_relation_extraction,task1510-0abb5bf7d39e485489db0f2f1754bbde,False,True,True,True,False,True
olora,task1510_evalution_relation_extraction,task1510-87192720b9954755a64460737be8dd32,False,True,False,True,False,False
olora,task1510_evalution_relation_extraction,task1510-af53d45cff5c42d6a42afd6c79ce4f69,False,True,True,True,False,True
olora,task1510_evalution_relation_extraction,task1510-7f45545a6ad14089980fa9d324e24797,False,False,False,False,False,False
olora,task1510_evalution_relation_extraction,task1510-0672eb8ad77d4eaf8af700713c897ef7,False,True,True,True,False,True
olora,task1510_evalution_relation_extraction,task1510-f5dbb9d178504122902231666402a50c,False,False,False,False,False,False
olora,task1510_evalution_relation_extraction,task1510-9f077744d031442aa808bdde53cf3919,False,True,True,True,False,True
olora,task1510_evalution_relation_extraction,task1510-bf05c53eff414855b3a27a529c9996d7,False,True,True,True,False,True
olora,task1510_evalution_relation_extraction,task1510-c3c92d41208e4e61a2517ca9d5ecf897,False,False,False,False,False,False
olora,task1510_evalution_relation_extraction,task1510-8df7d1c25a8445bda5e52f952bb938ac,False,True,True,True,False,True
olora,task1510_evalution_relation_extraction,task1510-8eb8e7a0148d4b259c9b8521246b4880,False,True,True,True,False,True
olora,task1510_evalution_relation_extraction,task1510-a93ab5eeaff3439e981b6b274e826a8b,False,True,True,True,False,True
olora,task1510_evalution_relation_extraction,task1510-0fd4384098d542629980e13c0a218f71,False,False,True,False,False,False
olora,task1510_evalution_relation_extraction,task1510-573b3a5802b74e7fbbf244e655fbac82,False,True,True,True,False,True
olora,task1510_evalution_relation_extraction,task1510-a1c907e195024fab8dbfa37c336c389e,False,False,False,False,False,False
olora,task1510_evalution_relation_extraction,task1510-aca8b494a47b4961b1c9075fd0a7b597,False,True,True,True,False,True
olora,task1510_evalution_relation_extraction,task1510-0beff684f39043c48db03f014d74acdf,False,False,False,False,False,False
olora,task1510_evalution_relation_extraction,task1510-8612ab775b4a432f9305daae02f1ad7a,False,True,True,True,False,True
olora,task1510_evalution_relation_extraction,task1510-2319805135a549ee81c7ab490b5be51e,False,True,True,True,False,True
olora,task1510_evalution_relation_extraction,task1510-cdc7a811bab040a09feac04cc824d488,False,True,True,True,False,True
olora,task1510_evalution_relation_extraction,task1510-dbdbfc56a9eb41539d33cfb85beb778f,False,True,True,True,False,True
olora,task1510_evalution_relation_extraction,task1510-740b65a8b6d34fb598d6bbb413ebd003,False,True,True,True,False,True
olora,task1510_evalution_relation_extraction,task1510-fdb20d5203f74f7ab2dc226572ff7fcb,False,True,True,True,False,True
olora,task1510_evalution_relation_extraction,task1510-5f6f81a16f9a40c1b6ad74a090ca492e,False,True,True,True,False,True
olora,task1510_evalution_relation_extraction,task1510-8bb78af005104d36b940d4de0cad6a69,False,False,False,False,False,False
olora,task1510_evalution_relation_extraction,task1510-303f5ca2b5324df4867b97414c7ae5de,False,False,False,False,False,False
olora,task1510_evalution_relation_extraction,task1510-397433c42dbd4b98ae06eac33cd79f13,False,True,True,True,False,True
olora,task1510_evalution_relation_extraction,task1510-457212e230274e7b865a1edae85db447,False,True,False,True,False,False
olora,task1510_evalution_relation_extraction,task1510-413f46b93c3c4f838694114bc4644958,False,True,True,True,False,True
olora,task1510_evalution_relation_extraction,task1510-585037eba7404031940fd12b3da5de87,False,True,True,True,False,True
olora,task1510_evalution_relation_extraction,task1510-3cc9a628d9364aabbd250ff7e2330ccb,False,False,False,False,False,False
olora,task1510_evalution_relation_extraction,task1510-b13454e1442c4a8ebddfeba7d575f774,False,True,True,True,False,True
olora,task1510_evalution_relation_extraction,task1510-3ea1236f8c6f41d68945d31be33146a1,False,False,False,False,False,False
olora,task1729_personachat_generate_next,task1729-53143860f49c4b868f90de7fd8baa281,False,False,False,False,False,False
olora,task1729_personachat_generate_next,task1729-59fa5715242c408cbebedb578607b39c,False,False,False,False,False,False
olora,task1729_personachat_generate_next,task1729-390f9c64b0f04a0b901ecaaa9f8c9b88,False,False,False,False,False,False
olora,task1729_personachat_generate_next,task1729-071307562328427bb92525937c9ddca1,False,False,False,False,False,False
olora,task1729_personachat_generate_next,task1729-aa0add0999164cb0a74c9af24a20f2e5,False,False,False,False,False,False
olora,task1729_personachat_generate_next,task1729-642113519e9f401ab31ba65bf592e473,False,False,False,False,False,False
olora,task1729_personachat_generate_next,task1729-187565cc03e74345b55be4899107b8e9,False,False,False,False,False,False
olora,task1729_personachat_generate_next,task1729-75df725797594083b3811b339c00b8cf,False,False,False,False,False,False
olora,task1729_personachat_generate_next,task1729-3a9d9d83df7b41b9abb9c86dfb4251eb,False,False,False,False,False,False
olora,task1729_personachat_generate_next,task1729-37f17dac68dd4e8089bf1f7baba855e4,False,False,False,False,False,False
olora,task1729_personachat_generate_next,task1729-57caf467a48f42688745d4a58e1f36f6,False,False,False,False,False,False
olora,task1729_personachat_generate_next,task1729-2e1352f2bb1e4621a27e6b4b78bc93c7,False,False,False,False,False,False
olora,task1729_personachat_generate_next,task1729-50ea4a7033134547817a2916f55bd0e5,False,False,False,False,False,False
olora,task1729_personachat_generate_next,task1729-56fd4c9de4504f6286488570d49a4df4,False,False,False,False,False,False
olora,task1729_personachat_generate_next,task1729-535b2eb645534d7bb9b318f8610debea,False,False,False,False,False,False
olora,task1729_personachat_generate_next,task1729-8951d15b1c4f459e9e1f44becc199a47,False,False,False,False,False,False
olora,task1729_personachat_generate_next,task1729-07f0e3d19a1d4f53980f97c6ecae60a4,False,False,False,False,False,False
olora,task1729_personachat_generate_next,task1729-050bcb16594744b5b076c202cc529119,False,False,False,False,False,False
olora,task1729_personachat_generate_next,task1729-28d1254e80044675bc3f7da1905e6fa9,False,False,False,False,False,False
olora,task1729_personachat_generate_next,task1729-b2fbbdc8766e4f959563b19f18761d06,False,False,False,False,False,False
olora,task1729_personachat_generate_next,task1729-8b5c6cb366794bfd946c75ce22b46884,False,False,False,False,False,False
olora,task1729_personachat_generate_next,task1729-d21a61144acf493b92a73bc6d78c5a05,False,False,False,False,False,False
olora,task1729_personachat_generate_next,task1729-641badee601146a6b025ee0287d182aa,False,False,False,False,False,False
olora,task1729_personachat_generate_next,task1729-0dd40ba8ea26424783181316f2cc1b44,False,False,False,False,False,False
olora,task1729_personachat_generate_next,task1729-8fffccffa086447db9806890bcd7830b,False,False,False,False,False,False
olora,task1729_personachat_generate_next,task1729-5405683f697c48e1ba7ed4984bab838f,False,False,False,False,False,False
olora,task1729_personachat_generate_next,task1729-0169ed04e5a34b37a66f8a75689dd6fb,False,False,False,False,False,False
olora,task1729_personachat_generate_next,task1729-23a658ff6e254ebb95f32d2fb1780ad7,False,False,False,False,False,False
olora,task1729_personachat_generate_next,task1729-02de596466234e8687e85ddd04c94a9e,False,False,False,False,False,False
olora,task1729_personachat_generate_next,task1729-e533e1e8cf30401d842e9f2677995200,False,False,False,False,False,False
olora,task1729_personachat_generate_next,task1729-a775c653c9164486b76b6a97c116bd3d,False,False,False,False,False,False
olora,task1729_personachat_generate_next,task1729-ba18d71799764969be4eabaa3d2e7a38,False,False,False,False,False,False
olora,task1729_personachat_generate_next,task1729-84b90afb06584a188718ede73640154d,False,False,False,False,False,False
olora,task1729_personachat_generate_next,task1729-a963677a2d484463af29d0c37cc22063,False,False,False,False,False,False
olora,task1729_personachat_generate_next,task1729-d49daadceef74057ad5a18ce366c09ad,False,False,False,False,False,False
olora,task1729_personachat_generate_next,task1729-06f0dc885fc240ce9925b9d6cfb83b41,False,False,False,False,False,False
olora,task1729_personachat_generate_next,task1729-2cfb4406b60348629bc64e8377932c27,False,False,False,False,False,False
olora,task1729_personachat_generate_next,task1729-170782a03ecc48bfb6d28049be6bfeb7,False,False,False,False,False,False
olora,task1729_personachat_generate_next,task1729-d6b9476ec821447fa76ac8015111752a,False,False,False,False,False,False
olora,task1729_personachat_generate_next,task1729-31986394ada548c2b8e84389d3cabc01,False,False,False,False,False,False
olora,task1729_personachat_generate_next,task1729-c7538847c42e49f6b5faa5c84c263fb8,False,False,False,False,False,False
olora,task1729_personachat_generate_next,task1729-8569d99102a74900baa79e0960467dca,False,False,False,False,False,False
olora,task1729_personachat_generate_next,task1729-e6594f899d6b4c31b47d46c29c7efdd6,False,False,False,False,False,False
olora,task1729_personachat_generate_next,task1729-366df6aa0a17498da246f16d0df177f0,False,False,False,False,False,False
olora,task1729_personachat_generate_next,task1729-7e9beede95db49748577cea1071f02d7,False,False,False,False,False,False
olora,task1729_personachat_generate_next,task1729-4c2bad170594486aa0b4e4e809fad7da,False,False,False,False,False,False
olora,task1729_personachat_generate_next,task1729-e2036fcf00784542a435a2cc8ba9f940,False,False,False,False,False,False
olora,task1729_personachat_generate_next,task1729-6fce449fc2f945db941f161a54fd92bc,False,False,False,False,False,False
olora,task1729_personachat_generate_next,task1729-9db0f4565257444bb4b7915a7ceb76e3,False,False,False,False,False,False
olora,task1729_personachat_generate_next,task1729-b49fd1e855004bc3a611bfdcf0fc2927,False,False,False,False,False,False
olora,task1729_personachat_generate_next,task1729-39a6fbbed66e433ab5ce537586a3b79a,False,False,False,False,False,False
olora,task1729_personachat_generate_next,task1729-19db73113f17463792346a72f67d6896,False,False,False,False,False,False
olora,task1729_personachat_generate_next,task1729-1711b11256334da893722821c0360339,False,False,False,False,False,False
olora,task1729_personachat_generate_next,task1729-d82f0c1b18d44516a8165c9f2de2467c,False,False,False,False,False,False
olora,task1729_personachat_generate_next,task1729-2a096f91819743e3b6b4a871e845e83e,False,False,False,False,False,False
olora,task1729_personachat_generate_next,task1729-8d7bbf8d4bf24788a70f50716ae161d2,False,False,False,False,False,False
olora,task1729_personachat_generate_next,task1729-006fc4059a3d403ab1c2d16dc2947352,False,False,False,False,False,False
olora,task1729_personachat_generate_next,task1729-e6889e9eeb0f4305b88cec1c535e1896,False,False,False,False,False,False
olora,task1729_personachat_generate_next,task1729-05b10bbedd4c40efbd79d822f1ac0aaa,False,False,False,False,False,False
olora,task1729_personachat_generate_next,task1729-9ec28416c31e49128a1a97b8c4453742,False,False,False,False,False,False
olora,task1729_personachat_generate_next,task1729-1937f2067fb049f5ad69b759c6bd145a,False,False,False,False,False,False
olora,task1729_personachat_generate_next,task1729-291f0bcb6ccc41d285de7cc3832eb8c6,False,False,False,False,False,False
olora,task1729_personachat_generate_next,task1729-da65e60eb5b746d7ae52db2de736ee1a,False,False,False,False,False,False
olora,task1729_personachat_generate_next,task1729-26ca31f9d1bc4336b22490492efb5ff2,False,False,False,False,False,False
olora,task1729_personachat_generate_next,task1729-966878547a954a3d82027e167aa94210,False,False,False,False,False,False
olora,task1729_personachat_generate_next,task1729-ba6ecb3d09fb48d19796d50030368979,False,False,False,False,False,False
olora,task1729_personachat_generate_next,task1729-31774fed071a491cb225ca012a761fbb,False,False,False,False,False,False
olora,task1729_personachat_generate_next,task1729-313260348317472da337f1a36b54306c,False,False,False,False,False,False
olora,task1729_personachat_generate_next,task1729-e398af2655f04badbc31b2997d8b64b5,False,False,False,False,False,False
olora,task1729_personachat_generate_next,task1729-129d4ae913bb40f383e3820bf8c687fa,False,False,False,False,False,False
olora,task1729_personachat_generate_next,task1729-7bdce87b6ded481caa9c598bfe68fb8a,False,False,False,False,False,False
olora,task1729_personachat_generate_next,task1729-9e5ab5a66c4f4fcea72e4fa61523d3e2,False,False,False,False,False,False
olora,task1729_personachat_generate_next,task1729-2dc490764fe04932a714b2c2d9e8018f,False,False,False,False,False,False
olora,task1729_personachat_generate_next,task1729-d411dca74ba1490c80f1f965a5acb7ee,False,False,False,False,False,False
olora,task1729_personachat_generate_next,task1729-8895b0c512984f83b2325908dde30ca4,False,False,False,False,False,False
olora,task1729_personachat_generate_next,task1729-04e30fc9226241898a4261d4961d61eb,False,False,False,False,False,False
olora,task1729_personachat_generate_next,task1729-5bb3f4df55d84865bdbc7c9e4cf90c58,False,False,False,False,False,False
olora,task1729_personachat_generate_next,task1729-34de5d0ca08c46fd9ea9a7811545ff7e,False,False,False,False,False,False
olora,task1729_personachat_generate_next,task1729-f53f6a91362842d38f5af842efc34e26,False,False,False,False,False,False
olora,task1729_personachat_generate_next,task1729-fd2dd388fb6d4e1a91e85034e717601d,False,False,False,False,False,False
olora,task1729_personachat_generate_next,task1729-10b87993d50e49ffb4a921527d585873,False,False,False,False,False,False
olora,task1729_personachat_generate_next,task1729-433302ef49864976a781cadb3e051928,False,False,False,False,False,False
olora,task1729_personachat_generate_next,task1729-358929faef464722abd23ce5d9cc8a9e,False,False,False,False,False,False
olora,task1729_personachat_generate_next,task1729-ca9f9f5018e944388bb404311e1cfdcb,False,False,False,False,False,False
olora,task1729_personachat_generate_next,task1729-70f4008428b242ceab76573b5ebba2cd,False,False,False,False,False,False
olora,task1729_personachat_generate_next,task1729-b84ddf54d68e4074a703edc277a1991a,False,False,False,False,False,False
olora,task1729_personachat_generate_next,task1729-42aff878c1204569affd5ab167b1c39f,False,False,False,False,False,False
olora,task1729_personachat_generate_next,task1729-cf500d5efac94604aae0f0b788b7db7f,False,False,False,False,False,False
olora,task1729_personachat_generate_next,task1729-5321ee68cef7416dbe9731c7e845bd29,False,False,False,False,False,False
olora,task1729_personachat_generate_next,task1729-07ee7c7b5f6e425bbd080f8fd4b1a825,False,False,False,False,False,False
olora,task1729_personachat_generate_next,task1729-54674a67c7b946f8b49136d7986db04a,False,False,False,False,False,False
olora,task1729_personachat_generate_next,task1729-0263974bbfdb47fa95d67b51df2565b0,False,False,False,False,False,False
olora,task1729_personachat_generate_next,task1729-87d818925d2b4997b5167b84b49ebe98,False,False,False,False,False,False
olora,task1729_personachat_generate_next,task1729-001ec7857510435984fb55bcc34a3833,False,False,False,False,False,False
olora,task1729_personachat_generate_next,task1729-7a1db2475a0f4d5186aba6b4fcc836bb,False,False,False,False,False,False
olora,task1729_personachat_generate_next,task1729-dcba8addb15d4f6a80525c41e878c58c,False,False,False,False,False,False
olora,task1729_personachat_generate_next,task1729-0c28929e937f49f3a54e366c0106345b,False,False,False,False,False,False
olora,task1729_personachat_generate_next,task1729-e5b77bb4a03d41ae956039aca46f6832,False,False,False,False,False,False
olora,task1729_personachat_generate_next,task1729-e0a35d3d24084b9cadb3cfd3a074905b,False,False,False,False,False,False
olora,task1729_personachat_generate_next,task1729-5582a36a75284eb7853c565b3ae270d1,False,False,False,False,False,False
olora,task1729_personachat_generate_next,task1729-f58d487f6b854440ac7b6722518c7e2b,False,False,False,False,False,False
olora,task1729_personachat_generate_next,task1729-623255f6882c47e0b26b6bc3a73a4493,False,False,False,False,False,False
olora,task1729_personachat_generate_next,task1729-41a7d44a89284e7ca6b4bcca4ebed908,False,False,False,False,False,False
olora,task1729_personachat_generate_next,task1729-e67d1dcc91e0494c8fb652cad2b67f43,False,False,False,False,False,False
olora,task1729_personachat_generate_next,task1729-02d9f3c9c9eb4d81b28d3decba7ac15b,False,False,False,False,False,False
olora,task1729_personachat_generate_next,task1729-08c5ad3a6e6745d789e42126eb7533f3,False,False,False,False,False,False
olora,task1729_personachat_generate_next,task1729-df1187fc9f7f4f79b6397c1fb0ae8303,False,False,False,False,False,False
olora,task1729_personachat_generate_next,task1729-1f3943e60f8e47b2b5cb51aeca90fe26,False,False,False,False,False,False
olora,task1729_personachat_generate_next,task1729-a7b4cc4efcb54646ac64c1808b107264,False,False,False,False,False,False
olora,task1729_personachat_generate_next,task1729-a5536f6798ad47b387df80c0fb8e65f1,False,False,False,False,False,False
olora,task1729_personachat_generate_next,task1729-01b6b7b0c5454a3c8dbbf66a9c7e9c2c,False,False,False,False,False,False
olora,task1729_personachat_generate_next,task1729-80dc2a9a010c442bb9114c04cba70ece,False,False,False,False,False,False
olora,task1729_personachat_generate_next,task1729-beba0dd4e4f84bc98cf20c9fd86060b4,False,False,False,False,False,False
olora,task1729_personachat_generate_next,task1729-c8139a8e12314b76b2321c3308a39707,False,False,False,False,False,False
olora,task1729_personachat_generate_next,task1729-3bc7a6710f574f35bfe2b9eaf00e6a2b,False,False,False,False,False,False
olora,task1729_personachat_generate_next,task1729-2a905d2cd9ff471597ee37a8e82e29ad,False,False,False,False,False,False
olora,task1729_personachat_generate_next,task1729-b63370130c1048b28f8ddd6eb202d26a,False,False,False,False,False,False
olora,task1729_personachat_generate_next,task1729-916aa97726844e0eb47ce6387d47ec77,False,False,False,False,False,False
olora,task1729_personachat_generate_next,task1729-8f67ee063964460d97e8dfd08b5702df,False,False,False,False,False,False
olora,task1729_personachat_generate_next,task1729-171f8f2a4403489fb359bf1d8f88499a,False,False,False,False,False,False
olora,task1729_personachat_generate_next,task1729-76bf9a217bba4a5d9e7dd3b8e21a57d9,False,False,False,False,False,False
olora,task1729_personachat_generate_next,task1729-c6c2a16f00c142a284175afcf797a775,False,False,False,False,False,False
olora,task1729_personachat_generate_next,task1729-b1934b9d7b174c8da868ec51a30c82c2,False,False,False,False,False,False
olora,task1729_personachat_generate_next,task1729-d4cbed52d0874a89a1cac95d0401ff7c,False,False,False,False,False,False
olora,task1729_personachat_generate_next,task1729-15c51e0d16b14c338cac0ec9a0ad3d3c,False,False,False,False,False,False
olora,task1729_personachat_generate_next,task1729-df1b6e3d1f2b488bb930a8d33a51cb83,False,False,False,False,False,False
olora,task1729_personachat_generate_next,task1729-9f03cb9ef42a43baa78e9a79089a07b8,False,False,False,False,False,False
olora,task1729_personachat_generate_next,task1729-ca1ff54203bb4d1baa32149a571a93f8,False,False,False,False,False,False
olora,task1729_personachat_generate_next,task1729-a317ee577f2546d2b3d861ebee2db593,False,False,False,False,False,False
olora,task1729_personachat_generate_next,task1729-ebff6c03e47d480c9b9e41a70792197a,False,False,False,False,False,False
olora,task1729_personachat_generate_next,task1729-4b1984aa461a4539a4b4097f06310bbd,False,False,False,False,False,False
olora,task1729_personachat_generate_next,task1729-121c460f880d475db561e50212fd1847,False,False,False,False,False,False
olora,task1729_personachat_generate_next,task1729-6714cd75082f423da33e32d4590bccf7,False,False,False,False,False,False
olora,task1729_personachat_generate_next,task1729-d56e745df9424a4287af87ff651be9b4,False,False,False,False,False,False
olora,task1729_personachat_generate_next,task1729-c0dcc53050764c6db6968cc9d0266033,False,False,False,False,False,False
olora,task1729_personachat_generate_next,task1729-bbe6f70d9bb643748613418ba08842d3,False,False,False,False,False,False
olora,task1729_personachat_generate_next,task1729-945e8c4b16ca4d0488de4704e1c87a8d,False,False,False,False,False,False
olora,task1729_personachat_generate_next,task1729-7a7e2460672a4f809355d205d36e2a9a,False,False,False,False,False,False
olora,task1729_personachat_generate_next,task1729-e3c660e16ed4403ca8df09a795ab8a97,False,False,False,False,False,False
olora,task1729_personachat_generate_next,task1729-74893bcc66ba49da84fa1c290689d386,False,False,False,False,False,False
olora,task1729_personachat_generate_next,task1729-cca9ffd8a3da426ea68e52da203fc549,False,False,False,False,False,False
olora,task1729_personachat_generate_next,task1729-ff41968abdf7478fbe7c09f7e8b4f252,False,False,False,False,False,False
olora,task1729_personachat_generate_next,task1729-29779555bc864c30bb9e6bdc8147c25e,False,False,False,False,False,False
olora,task1729_personachat_generate_next,task1729-c4c9ec115ba74d0f85e773fc0cce3c9a,False,False,False,False,False,False
olora,task1729_personachat_generate_next,task1729-ebcd417cde8b4255b511dde45de5b547,False,False,False,False,False,False
olora,task1729_personachat_generate_next,task1729-5e5d3cce08654dad8cda3f2c72f21ca2,False,False,False,False,False,False
olora,task1729_personachat_generate_next,task1729-33aefa8ef55d4622883d7f80a6124d64,False,False,False,False,False,False
olora,task1729_personachat_generate_next,task1729-eaec1985b0684bafaac163fc117e2a3f,False,False,False,False,False,False
olora,task1729_personachat_generate_next,task1729-c7532578fecd49448598b89e171fce7b,False,False,False,False,False,False
olora,task1729_personachat_generate_next,task1729-f108b756dfe04fba8aa57e7c27c7556c,False,False,False,False,False,False
olora,task1729_personachat_generate_next,task1729-65c1919779494cf6805331c0af71f9d5,False,False,False,False,False,False
olora,task1729_personachat_generate_next,task1729-0b44f557f50e493db875c58493b23fac,False,False,False,False,False,False
olora,task1729_personachat_generate_next,task1729-4bc70f098f5540629666b321277faa7e,False,False,False,False,False,False
olora,task1729_personachat_generate_next,task1729-e484af45da234002bf1326bd78a60c5d,False,False,False,False,False,False
olora,task1729_personachat_generate_next,task1729-ccb290a148d248a9a3b79467eb4f5bca,False,False,False,False,False,False
olora,task1729_personachat_generate_next,task1729-5544da88f4454656959441c0197488bd,False,False,False,False,False,False
olora,task1729_personachat_generate_next,task1729-2c21ac58e10240d6b92a79b8a9aa1796,False,False,False,False,False,False
olora,task1729_personachat_generate_next,task1729-f9bc025fcb774d45923d90407653db11,False,False,False,False,False,False
olora,task1729_personachat_generate_next,task1729-b56bc6698fe540318da5752330441191,False,False,False,False,False,False
olora,task1729_personachat_generate_next,task1729-aa0f9a2de9a34271bc1a3e72496509a2,False,False,False,False,False,False
olora,task1729_personachat_generate_next,task1729-8f26242e7a0e409ea6429726874b448c,False,False,False,False,False,False
olora,task1729_personachat_generate_next,task1729-08abfec52d72484db65cc6192cb797bc,False,False,False,False,False,False
olora,task1729_personachat_generate_next,task1729-50d1f4e0dbc940c1b8714c6056f17741,False,False,False,False,False,False
olora,task1729_personachat_generate_next,task1729-a2c25ae71717481da365570d31928dbc,False,False,False,False,False,False
olora,task1729_personachat_generate_next,task1729-500928b0b3774231a851e5ed3943af35,False,False,False,False,False,False
olora,task1729_personachat_generate_next,task1729-64a3046f1cd24821a5fbfdf2ae149e2f,False,False,False,False,False,False
olora,task1729_personachat_generate_next,task1729-13e37c5ad2144c09bfe422802fa18811,False,False,False,False,False,False
olora,task1729_personachat_generate_next,task1729-3c8172ba235749b88311b284dcf4cbd4,False,False,False,False,False,False
olora,task1729_personachat_generate_next,task1729-1b0a3b48554140ac9112de1db8e5e843,False,False,False,False,False,False
olora,task1729_personachat_generate_next,task1729-22de11d552b147f888fa30b26514eddc,False,False,False,False,False,False
olora,task1729_personachat_generate_next,task1729-33aad77bf2f04fe68665c5d53d49fa90,False,False,False,False,False,False
olora,task1729_personachat_generate_next,task1729-292b74cfe2244e39951e9364889a6a4a,False,False,False,False,False,False
olora,task1729_personachat_generate_next,task1729-d7a21108aef243eaa4617c4c1da20906,False,False,False,False,False,False
olora,task1729_personachat_generate_next,task1729-9ab73fa1c6d0485b947488524644c42c,False,False,False,False,False,False
olora,task1729_personachat_generate_next,task1729-fb52e3b6c2e14b91af9fc64403fe618a,False,False,False,False,False,False
olora,task1729_personachat_generate_next,task1729-34492fd9ce6b4347a646943217d97f28,False,False,False,False,False,False
olora,task1729_personachat_generate_next,task1729-c797f9adb9b24e16a34778e49b09d4b3,False,False,False,False,False,False
olora,task1729_personachat_generate_next,task1729-199c28440b28472a94308ce9178eab59,False,False,False,False,False,False
olora,task1729_personachat_generate_next,task1729-700b28402ea448e0ace915381673890e,False,False,False,False,False,False
olora,task1729_personachat_generate_next,task1729-a4cf656be56d41ee8e1269ac526e1c87,False,False,False,False,False,False
olora,task1729_personachat_generate_next,task1729-1f3e4e9f5fb34359bfd7ac5cebbdcc94,False,False,False,False,False,False
olora,task1729_personachat_generate_next,task1729-7449349a22fb421d8f899bb9943fce9f,False,False,False,False,False,False
olora,task1729_personachat_generate_next,task1729-9e4696f9cfb4426c8cfdd670c1855ea3,False,False,False,False,False,False
olora,task1729_personachat_generate_next,task1729-095f2096efa24cffa6c15ef08d25a2a2,False,False,False,False,False,False
olora,task1729_personachat_generate_next,task1729-9be1819695674ec1be9897915ef39de5,False,False,False,False,False,False
olora,task1729_personachat_generate_next,task1729-453251e011884716bbb9b2e0d963d91b,False,False,False,False,False,False
olora,task1729_personachat_generate_next,task1729-19c2b9f44d0c4de89c4601844cfc06f4,False,False,False,False,False,False
olora,task1729_personachat_generate_next,task1729-8c4ae0f696a74d1fb628071be3351618,False,False,False,False,False,False
olora,task1729_personachat_generate_next,task1729-fb98403f153c486aaa933894842026d5,False,False,False,False,False,False
olora,task1729_personachat_generate_next,task1729-078929d6184d48fbb394a03d80e31b8e,False,False,False,False,False,False
olora,task1729_personachat_generate_next,task1729-b615de203c6f45a08fdf034ae0f9a1b1,False,False,False,False,False,False
olora,task1729_personachat_generate_next,task1729-1a46957662af4916b66ce52308744ecf,False,False,False,False,False,False
olora,task1729_personachat_generate_next,task1729-d1322900bf4e49f39d19ef21f7611867,False,False,False,False,False,False
olora,task1729_personachat_generate_next,task1729-0587480608fc4dac96293572e4e5c3bb,False,False,False,False,False,False
olora,task1729_personachat_generate_next,task1729-82758acff6ea4d8ba26f55fcf5549bf6,False,False,False,False,False,False
olora,task1729_personachat_generate_next,task1729-2b04b3b13d884bafa3c7f768e10bfbc2,False,False,False,False,False,False
olora,task1729_personachat_generate_next,task1729-165e240b46b8476bb965232309fe464c,False,False,False,False,False,False
olora,task1729_personachat_generate_next,task1729-0c6dfc6723ed4491a7cbf657d1473713,False,False,False,False,False,False
olora,task1729_personachat_generate_next,task1729-4a2344cae0de4a558fafa30668869128,False,False,False,False,False,False
olora,task1729_personachat_generate_next,task1729-07691102a3454acdbc723be005572349,False,False,False,False,False,False
olora,task748_glucose_reverse_cause_event_detection,task748-2f188cfafd6043ad86d7806cba4a41da,False,False,False,False,False,False
olora,task748_glucose_reverse_cause_event_detection,task748-ea08ef7008cf4bdc91f6ea900f7ce070,False,False,False,False,False,False
olora,task748_glucose_reverse_cause_event_detection,task748-bda06ebdabb74456b082202098633178,False,False,False,False,False,False
olora,task748_glucose_reverse_cause_event_detection,task748-8129cc5c6393413d99c837270132f11d,False,False,False,False,False,False
olora,task748_glucose_reverse_cause_event_detection,task748-556f9f1b23ff47c3912681c43ed8e7db,False,False,False,False,False,False
olora,task748_glucose_reverse_cause_event_detection,task748-3930b704471a4f48a42456713d905187,False,False,False,False,False,False
olora,task748_glucose_reverse_cause_event_detection,task748-6fe5fc2865ab44eb8634bd98b36e1264,False,False,False,False,False,False
olora,task748_glucose_reverse_cause_event_detection,task748-aff4fdc25b0640b7b50e905751d620c4,False,False,False,False,False,False
olora,task748_glucose_reverse_cause_event_detection,task748-02b90dcbe91549be8b79f04578ec2d09,False,False,False,False,False,False
olora,task748_glucose_reverse_cause_event_detection,task748-4171f5066bd4420ebdabdc5a96a0ab03,False,True,False,True,False,False
olora,task748_glucose_reverse_cause_event_detection,task748-17f933f4187b44c79c39feabefaa0dc5,False,False,False,False,False,False
olora,task748_glucose_reverse_cause_event_detection,task748-3487d1879f584902b70364261f88f00d,False,False,False,False,False,False
olora,task748_glucose_reverse_cause_event_detection,task748-91131b6b1ad14404b969477a44ae3837,False,False,False,False,False,False
olora,task748_glucose_reverse_cause_event_detection,task748-e05b3255999a443bb990dd8b93bab919,False,False,False,False,False,False
olora,task748_glucose_reverse_cause_event_detection,task748-60e58717b30e40af96d91469c402897d,False,False,False,False,False,False
olora,task748_glucose_reverse_cause_event_detection,task748-48e79f6b165d475f92afeb916759bab9,False,False,False,False,False,False
olora,task748_glucose_reverse_cause_event_detection,task748-3db61f9dc97e434ba1b83109cd46f34d,False,False,False,False,False,False
olora,task748_glucose_reverse_cause_event_detection,task748-4ed2fda98027456698d21890d58370ff,False,False,False,False,False,False
olora,task748_glucose_reverse_cause_event_detection,task748-2c114491ad5e4fc08fa27b26d3d32a16,False,False,False,False,False,False
olora,task748_glucose_reverse_cause_event_detection,task748-ac968cd951904608b57577f1655296aa,False,False,False,False,False,False
olora,task748_glucose_reverse_cause_event_detection,task748-7e311345214c45ffbcec9e974cc4b63c,False,False,False,False,False,False
olora,task748_glucose_reverse_cause_event_detection,task748-5593528f9bf446a5b4a8ba30c83787ea,False,False,False,False,False,False
olora,task748_glucose_reverse_cause_event_detection,task748-21a67d605dcf4020a9b7b41fe6cb4685,False,False,False,False,False,False
olora,task748_glucose_reverse_cause_event_detection,task748-fe95f87f959a4511857f90211d629e25,False,False,False,False,False,False
olora,task748_glucose_reverse_cause_event_detection,task748-9e9042bad2e847c49aafbe0d69d7ad5d,False,False,False,False,False,False
olora,task748_glucose_reverse_cause_event_detection,task748-5630376a64fd4502910d2badc874d095,False,False,False,False,False,False
olora,task748_glucose_reverse_cause_event_detection,task748-564be43d09cf4bcda09c90e8d4729f50,False,False,False,False,False,False
olora,task748_glucose_reverse_cause_event_detection,task748-099b98d74b9b4201bc09782464b8fe75,False,False,False,False,False,False
olora,task748_glucose_reverse_cause_event_detection,task748-415a12c2dce34b33924a6a26ead9c0cb,False,False,False,False,False,False
olora,task748_glucose_reverse_cause_event_detection,task748-24514ce1d6214886b9cc01b131e810b9,False,False,False,False,False,False
olora,task748_glucose_reverse_cause_event_detection,task748-46ccb91f00874b01ae23b2c386633840,False,False,False,False,False,False
olora,task748_glucose_reverse_cause_event_detection,task748-fc55ad9c2f13416a818403a3df233c1b,False,False,False,False,False,False
olora,task748_glucose_reverse_cause_event_detection,task748-2a3b9768a99740cba3693b8ca12e9180,False,False,False,False,False,False
olora,task748_glucose_reverse_cause_event_detection,task748-764a1ea0003445049f169246521b261a,False,False,False,False,False,False
olora,task748_glucose_reverse_cause_event_detection,task748-c738367e4908465f8d9e36a6650a6de4,False,False,False,False,False,False
olora,task748_glucose_reverse_cause_event_detection,task748-eda83b20404e4c92bdfefe3ef597ea56,False,False,False,False,False,False
olora,task748_glucose_reverse_cause_event_detection,task748-b3492cf67dc8463d925743f946aa9d39,False,False,False,False,False,False
olora,task748_glucose_reverse_cause_event_detection,task748-f189a7fd41fc473b9b819b83d094a9d5,False,False,False,False,False,False
olora,task748_glucose_reverse_cause_event_detection,task748-42de4fa830bc4328b77a944dd59bb7d6,False,False,False,False,False,False
olora,task748_glucose_reverse_cause_event_detection,task748-80fe28ba576d4c4b8d33c2868f7e7c9d,False,False,False,False,False,False
olora,task748_glucose_reverse_cause_event_detection,task748-3e4349f1238344b88c7576ddb083cc9c,False,False,False,False,False,False
olora,task748_glucose_reverse_cause_event_detection,task748-17ccd76dd4e44c69adc767cda6dea9f7,False,False,False,False,False,False
olora,task748_glucose_reverse_cause_event_detection,task748-2730a7d5f5994a7ab93c3d0e1bb81fa6,False,False,False,False,False,False
olora,task748_glucose_reverse_cause_event_detection,task748-0eaa61227f0a4222ba7639d8057f0042,False,False,False,False,False,False
olora,task748_glucose_reverse_cause_event_detection,task748-e03af2c413bb4d0bbe34064a4a32e5bf,False,False,False,False,False,False
olora,task748_glucose_reverse_cause_event_detection,task748-b8472ee96afb4aaa8213a448d06e13ca,False,False,False,False,False,False
olora,task748_glucose_reverse_cause_event_detection,task748-bef89369826b4806aa9c2e7c6a195222,False,False,False,False,False,False
olora,task748_glucose_reverse_cause_event_detection,task748-9faea50fdd6d43f8b14653978ff7cd9c,False,False,False,False,False,False
olora,task748_glucose_reverse_cause_event_detection,task748-2413fbcb9fee4d99a8f1cf97c052cacd,False,False,False,False,False,False
olora,task748_glucose_reverse_cause_event_detection,task748-b76429d915a74543983ab3ae312613cd,False,False,False,False,False,False
olora,task748_glucose_reverse_cause_event_detection,task748-64d2d143e3944b9680c53ef4351dafd9,False,False,False,False,False,False
olora,task748_glucose_reverse_cause_event_detection,task748-c04ac919863e46bc8afeeb1fc333040a,False,False,False,False,False,False
olora,task748_glucose_reverse_cause_event_detection,task748-8d529d9923a24fd89b8d137123d30127,False,False,False,False,False,False
olora,task748_glucose_reverse_cause_event_detection,task748-f6a63344330a4d66af76e348925221c5,False,False,False,False,False,False
olora,task748_glucose_reverse_cause_event_detection,task748-d0f81288248642fcb840a1e4ded26d73,False,False,False,False,False,False
olora,task748_glucose_reverse_cause_event_detection,task748-8677040e009e4a9c8fb26a94305ab32e,False,False,False,False,False,False
olora,task748_glucose_reverse_cause_event_detection,task748-3dc3cc3aee784da98402163e5daead60,False,False,False,False,False,False
olora,task748_glucose_reverse_cause_event_detection,task748-9af14bd0f0214322be2c2265829a088e,False,False,False,False,False,False
olora,task748_glucose_reverse_cause_event_detection,task748-f161f3ecfd80405d805fc05ff3c0a2f5,False,False,False,False,False,False
olora,task748_glucose_reverse_cause_event_detection,task748-54c930fcf0ff4eb4bb0ae262316e6db5,False,False,False,False,False,False
olora,task748_glucose_reverse_cause_event_detection,task748-05fddce85a7d4d349b0302e8b16026bd,False,False,False,False,False,False
olora,task748_glucose_reverse_cause_event_detection,task748-20dac3760c5b412f93a59e9b9a294b24,False,False,False,False,False,False
olora,task748_glucose_reverse_cause_event_detection,task748-5e09d661f26949f78270c49de406b8ee,False,False,False,False,False,False
olora,task748_glucose_reverse_cause_event_detection,task748-2e33e2e222324dfab9b5c33222804c85,False,False,False,False,False,False
olora,task748_glucose_reverse_cause_event_detection,task748-be1b1cbfb9f64673984e1b5a01c4e25b,False,False,False,False,False,False
olora,task748_glucose_reverse_cause_event_detection,task748-6195c56c0dda4475b9891e432b6bb2d2,False,False,False,False,False,False
olora,task748_glucose_reverse_cause_event_detection,task748-4e2d55b7ae574368ab28e927db4b4d53,False,False,False,False,False,False
olora,task748_glucose_reverse_cause_event_detection,task748-4d07632776b043b796914d5fa9e8e9d6,False,False,False,False,False,False
olora,task748_glucose_reverse_cause_event_detection,task748-b2e0a9a7059344edbf0756c4323fc371,False,False,False,False,False,False
olora,task748_glucose_reverse_cause_event_detection,task748-0d0084db121044f29781929f2198f9dd,False,False,False,False,False,False
olora,task748_glucose_reverse_cause_event_detection,task748-a13df7d761f44a548103e10c4fb2bd6b,False,False,False,False,False,False
olora,task748_glucose_reverse_cause_event_detection,task748-d351e9850d0447cf9a3dddcaf1e043ba,False,False,False,False,False,False
olora,task748_glucose_reverse_cause_event_detection,task748-ce0e781c83e047f58b3b4f52cc86528e,False,False,False,False,False,False
olora,task748_glucose_reverse_cause_event_detection,task748-3d255d4fd1734d369b1b4ed44080096f,False,False,False,False,False,False
olora,task748_glucose_reverse_cause_event_detection,task748-6142d6f2ab80450585a052d4bb56297b,False,False,False,False,False,False
olora,task748_glucose_reverse_cause_event_detection,task748-15740c12564e43b489a85fc79989bf7f,False,False,False,False,False,False
olora,task748_glucose_reverse_cause_event_detection,task748-18b37fefadff48499b7af08226574def,False,False,False,False,False,False
olora,task748_glucose_reverse_cause_event_detection,task748-9341dcf36fcc419ca899dc93d0e1ffc4,False,False,False,False,False,False
olora,task748_glucose_reverse_cause_event_detection,task748-a05628670c024be3a1f6a6d81fd95163,False,False,False,False,False,False
olora,task748_glucose_reverse_cause_event_detection,task748-caf3cc9a4b274438b3eed548b0f5381f,False,False,False,False,False,False
olora,task748_glucose_reverse_cause_event_detection,task748-71a4b20778224721a5d4a937a3c6e322,False,False,False,False,False,False
olora,task748_glucose_reverse_cause_event_detection,task748-7c3c381eab6d41809e691d62a875e933,False,False,False,False,False,False
olora,task748_glucose_reverse_cause_event_detection,task748-7215b2ad6f264ac4a5f6055ac4922f95,False,False,False,False,False,False
olora,task748_glucose_reverse_cause_event_detection,task748-9d14794ea33e4a0b9c5a29282898fc2f,False,False,False,False,False,False
olora,task748_glucose_reverse_cause_event_detection,task748-84aac3761c9349f3bcd2cd11a9f4a26e,False,False,False,False,False,False
olora,task748_glucose_reverse_cause_event_detection,task748-3e5c5dc9487a47818feda93380c61c86,False,False,False,False,False,False
olora,task748_glucose_reverse_cause_event_detection,task748-62c0e108b9074d9aa34625fc14bb11c2,False,False,False,False,False,False
olora,task748_glucose_reverse_cause_event_detection,task748-af9c949f666e48199efbb0ef06455cd4,False,False,False,False,False,False
olora,task748_glucose_reverse_cause_event_detection,task748-d814e3e7ab814c15b4d5fe2182df3a32,False,False,False,False,False,False
olora,task748_glucose_reverse_cause_event_detection,task748-03781ed6ab3b4d5e942a0f6b34a3e114,False,False,False,False,False,False
olora,task748_glucose_reverse_cause_event_detection,task748-e454907b4bb34ca6aaf826c526eda2a9,False,False,False,False,False,False
olora,task748_glucose_reverse_cause_event_detection,task748-9576d6c024fa419db985de28f2cecb4e,False,False,False,False,False,False
olora,task748_glucose_reverse_cause_event_detection,task748-05c1548b9a6b423d8e93bfb9c8cd7c53,False,False,False,False,False,False
olora,task748_glucose_reverse_cause_event_detection,task748-98545eca96864020940df70930b969e1,False,False,True,False,False,False
olora,task748_glucose_reverse_cause_event_detection,task748-d3c90e2986e3456eb7c9156d1aedfd7b,False,False,False,False,False,False
olora,task748_glucose_reverse_cause_event_detection,task748-b68ea40eca1f4662aa8d0a15fc290f17,False,False,False,False,False,False
olora,task748_glucose_reverse_cause_event_detection,task748-80097fa6068c432cb688d6fda2cf26b5,False,False,False,False,False,False
olora,task748_glucose_reverse_cause_event_detection,task748-83d362bb14214a81a02710c020d41988,False,False,False,False,False,False
olora,task748_glucose_reverse_cause_event_detection,task748-107ed75bd11944b28c918185b821836d,False,False,False,False,False,False
olora,task748_glucose_reverse_cause_event_detection,task748-54ba208826b845a5a396668d0c400bc4,False,False,False,False,False,False
olora,task748_glucose_reverse_cause_event_detection,task748-41ee722d157c4f6c9194ebf3995e2723,False,False,False,False,False,False
olora,task748_glucose_reverse_cause_event_detection,task748-a3d29e0324f94e82a86c909b7fa7286c,False,False,False,False,False,False
olora,task748_glucose_reverse_cause_event_detection,task748-750344bf27b1424396c4e97f0e5b3f0b,False,False,False,False,False,False
olora,task748_glucose_reverse_cause_event_detection,task748-631490a7c99149d8a6c97b980081865f,False,False,False,False,False,False
olora,task748_glucose_reverse_cause_event_detection,task748-63b0d62fd2854d81be58e69ed8da0889,False,False,False,False,False,False
olora,task748_glucose_reverse_cause_event_detection,task748-f9f58e640ef54bf793e5e0b13e7535c7,False,False,False,False,False,False
olora,task748_glucose_reverse_cause_event_detection,task748-47ad629bb77145a2bb6213827953b18d,False,False,False,False,False,False
olora,task748_glucose_reverse_cause_event_detection,task748-3c715e7350f94489a0886dc2677f132c,False,False,False,False,False,False
olora,task748_glucose_reverse_cause_event_detection,task748-e0f537926a6241ab94af4e9f49de2da5,False,False,False,False,False,False
olora,task748_glucose_reverse_cause_event_detection,task748-694e443d3da74215a7cf2555d402be59,False,False,False,False,False,False
olora,task748_glucose_reverse_cause_event_detection,task748-0c6cd3ccada941eeb9609505723cdc30,False,False,False,False,False,False
olora,task748_glucose_reverse_cause_event_detection,task748-f7fcd806b18c4a8e85abb64b44beda57,False,False,False,False,False,False
olora,task748_glucose_reverse_cause_event_detection,task748-ca80103e7f274ae09f8d2001941bc5db,False,False,False,False,False,False
olora,task748_glucose_reverse_cause_event_detection,task748-d94ef61c2fa34a07a1c21c30ff91ccc6,False,False,False,False,False,False
olora,task748_glucose_reverse_cause_event_detection,task748-6f53810f51ea4eb4be0f55d073396218,False,False,False,False,False,False
olora,task748_glucose_reverse_cause_event_detection,task748-50a79700126e4ef1b31b698e9ffd5b9e,False,False,False,False,False,False
olora,task748_glucose_reverse_cause_event_detection,task748-0c3a60d8456c47c6bb57c26b47c01619,False,False,False,False,False,False
olora,task748_glucose_reverse_cause_event_detection,task748-9201ca38abf04c99886e4dcc052d5199,False,False,False,False,False,False
olora,task748_glucose_reverse_cause_event_detection,task748-2ac8a142dbae47fe919df48cb9e0b4a5,False,False,False,False,False,False
olora,task748_glucose_reverse_cause_event_detection,task748-2c7bc696c1a5435ab57e5d0426849916,False,False,False,False,False,False
olora,task748_glucose_reverse_cause_event_detection,task748-36bfa3ec8c8a4b84a4dfd55ae6d097a9,False,False,False,False,False,False
olora,task748_glucose_reverse_cause_event_detection,task748-a3fba2783f734e7387f6505bdf040ea4,False,False,False,False,False,False
olora,task748_glucose_reverse_cause_event_detection,task748-8e867282adb34e54a06975b6778dbceb,False,False,False,False,False,False
olora,task748_glucose_reverse_cause_event_detection,task748-ebfd6210ef3e4f7a9a519fb631784f69,False,False,False,False,False,False
olora,task748_glucose_reverse_cause_event_detection,task748-92c3e5b2b91842a994467d54c4a7b719,False,True,True,True,False,True
olora,task748_glucose_reverse_cause_event_detection,task748-96d87d9ae2964e1d81ffadb3db63feff,False,False,False,False,False,False
olora,task748_glucose_reverse_cause_event_detection,task748-a42bb98febe34bacba41843330e50b0c,False,False,False,False,False,False
olora,task748_glucose_reverse_cause_event_detection,task748-6eff2b685f554e83adb6c957e0ab0ca8,False,False,False,False,False,False
olora,task748_glucose_reverse_cause_event_detection,task748-734666e3938146d1a82d8878ad0583e5,False,False,False,False,False,False
olora,task748_glucose_reverse_cause_event_detection,task748-2c7a6e0fb1c94376909ea93810832b10,False,False,False,False,False,False
olora,task748_glucose_reverse_cause_event_detection,task748-737355ebec584ad192347b5637e76f34,False,False,False,False,False,False
olora,task748_glucose_reverse_cause_event_detection,task748-d9a06c50090b47c3a118d6c5479e9ea9,False,False,False,False,False,False
olora,task748_glucose_reverse_cause_event_detection,task748-4e6589dd29984f4f867e9dd67384c469,False,False,False,False,False,False
olora,task748_glucose_reverse_cause_event_detection,task748-ddf74ab01912458985850b952b51f1f9,False,False,False,False,False,False
olora,task748_glucose_reverse_cause_event_detection,task748-4f813fb0f79c4d6b926be3b6f68d417a,False,False,False,False,False,False
olora,task748_glucose_reverse_cause_event_detection,task748-6c84b3f719ec4db2bd94ae466f90efde,False,False,False,False,False,False
olora,task748_glucose_reverse_cause_event_detection,task748-ba1f8c3dd3254644b4c3c53ad29fe522,False,False,False,False,False,False
olora,task748_glucose_reverse_cause_event_detection,task748-74e9f8e366de42a7b77f7ffbd2aca664,False,False,False,False,False,False
olora,task748_glucose_reverse_cause_event_detection,task748-4f7b22ff271e4b87a74555698b4b4fd2,False,False,False,False,False,False
olora,task748_glucose_reverse_cause_event_detection,task748-4953e1f0dde24921a18d9a9721b225fc,False,False,False,False,False,False
olora,task748_glucose_reverse_cause_event_detection,task748-447dd24c85914aa3b7a96d620414fc26,False,False,False,False,False,False
olora,task748_glucose_reverse_cause_event_detection,task748-27481d37765e4423b608820ff22298a0,False,False,False,False,False,False
olora,task748_glucose_reverse_cause_event_detection,task748-8ee817de221645abb8bd6360ef51b622,False,False,False,False,False,False
olora,task748_glucose_reverse_cause_event_detection,task748-04f9215c67b14ad49beeb96d828ddcdf,False,False,False,False,False,False
olora,task748_glucose_reverse_cause_event_detection,task748-3390f9fb331641f98bb301365bc027e5,False,False,False,False,False,False
olora,task748_glucose_reverse_cause_event_detection,task748-9b5d14adc33c438fbc0876c8d6e353f2,False,False,False,False,False,False
olora,task748_glucose_reverse_cause_event_detection,task748-2bf68d48e3304f7bb51b6d8f73979eae,False,False,False,False,False,False
olora,task748_glucose_reverse_cause_event_detection,task748-592f38c6518b47d8931f5e688a41a270,False,False,False,False,False,False
olora,task748_glucose_reverse_cause_event_detection,task748-98deea9227804b4789d3c2e12c2556e9,False,False,False,False,False,False
olora,task748_glucose_reverse_cause_event_detection,task748-67656818bcf84fb59a04c1fce029bc0a,False,False,False,False,False,False
olora,task748_glucose_reverse_cause_event_detection,task748-bf72c6d3955b4688abb7dc907b535fe3,False,False,False,False,False,False
olora,task748_glucose_reverse_cause_event_detection,task748-c69a7151239d407a94752fc3c10e14dd,False,False,False,False,False,False
olora,task748_glucose_reverse_cause_event_detection,task748-5d36cf63f77a431db4956f9c9b182bda,False,False,False,False,False,False
olora,task748_glucose_reverse_cause_event_detection,task748-afa20be3e39b40b899bec11e56558a65,False,False,False,False,False,False
olora,task748_glucose_reverse_cause_event_detection,task748-e648501d82fd4b04a8c2768f0bc3e351,False,False,False,False,False,False
olora,task748_glucose_reverse_cause_event_detection,task748-35c8cdec4dcd44b7835df46623831814,False,False,False,False,False,False
olora,task748_glucose_reverse_cause_event_detection,task748-c1ed1cb8dd92466dba054700d5750a18,False,False,False,False,False,False
olora,task748_glucose_reverse_cause_event_detection,task748-44e520a12e9446a798e98e4cf934e4ef,False,False,False,False,False,False
olora,task748_glucose_reverse_cause_event_detection,task748-4cb2b8b03cb34b29b970974e0847978c,False,False,False,False,False,False
olora,task748_glucose_reverse_cause_event_detection,task748-dd0232029b004047a5f1b259d6b60bff,False,False,False,False,False,False
olora,task748_glucose_reverse_cause_event_detection,task748-d69df0313b9247f78b6c44af58797322,False,False,False,False,False,False
olora,task748_glucose_reverse_cause_event_detection,task748-00e27d8504194bf786935b3218b9ddf0,False,False,False,False,False,False
olora,task748_glucose_reverse_cause_event_detection,task748-0ee6f668840a480d9af4099fa7f56a80,False,False,False,False,False,False
olora,task748_glucose_reverse_cause_event_detection,task748-485c4922524f4393a31864b42d15c765,False,False,False,False,False,False
olora,task748_glucose_reverse_cause_event_detection,task748-e586995ecc9743cca94e07f596a70de8,False,False,False,False,False,False
olora,task748_glucose_reverse_cause_event_detection,task748-e832fe0895994a8682388145790a2dce,False,False,False,False,False,False
olora,task748_glucose_reverse_cause_event_detection,task748-43213d12ae4141fbbe999aef8aa1251b,False,False,False,False,False,False
olora,task748_glucose_reverse_cause_event_detection,task748-70aed17f261147ccac483d5aa02f9d73,False,True,True,True,False,True
olora,task748_glucose_reverse_cause_event_detection,task748-97b0ce1e915e4accb1c19cab559a35d9,False,False,False,False,False,False
olora,task748_glucose_reverse_cause_event_detection,task748-105a44b6ba324d9b84dd8ff2bf37b058,False,False,False,False,False,False
olora,task748_glucose_reverse_cause_event_detection,task748-0b0d373840fe4eba9ea0648f99835ed6,False,False,False,False,False,False
olora,task748_glucose_reverse_cause_event_detection,task748-c3b5b7d59633419c85f07267fcab5467,False,False,False,False,False,False
olora,task748_glucose_reverse_cause_event_detection,task748-98f694223434496486241dd4dec4dcb0,False,False,False,False,False,False
olora,task748_glucose_reverse_cause_event_detection,task748-e2d99c9015aa44dcaeb74534a678cdaa,False,False,False,False,False,False
olora,task748_glucose_reverse_cause_event_detection,task748-498984e624874015977d615634f03d2a,False,False,False,False,False,False
olora,task748_glucose_reverse_cause_event_detection,task748-e5dcdea23ba34984ab28ac058a6b7be2,False,False,False,False,False,False
olora,task748_glucose_reverse_cause_event_detection,task748-4e6dc13a68b341979e8a106e8d85dfc3,False,False,False,False,False,False
olora,task748_glucose_reverse_cause_event_detection,task748-e3b22e39a31d47c280dd4d848959a6c0,False,False,False,False,False,False
olora,task748_glucose_reverse_cause_event_detection,task748-9325bd727f1540caa6105d1a61601800,False,False,False,False,False,False
olora,task748_glucose_reverse_cause_event_detection,task748-70dcfb3e2983466d82302989b8a77225,False,False,False,False,False,False
olora,task748_glucose_reverse_cause_event_detection,task748-3f08ef7b751f47f0ab7a845807e98f9f,False,False,False,False,False,False
olora,task748_glucose_reverse_cause_event_detection,task748-3aa64a207645435384f0c52b04a1e7ee,False,False,False,False,False,False
olora,task748_glucose_reverse_cause_event_detection,task748-4eb52805d1894b86b7e1a061072c6d39,False,False,False,False,False,False
olora,task748_glucose_reverse_cause_event_detection,task748-0bffaeab0fe44e21827807172774a7bc,False,False,False,False,False,False
olora,task748_glucose_reverse_cause_event_detection,task748-8ba8fd098a0643188ea5df0a316e7097,False,False,False,False,False,False
olora,task748_glucose_reverse_cause_event_detection,task748-7fccd8af07374aa4aaede63db80c2527,False,False,False,False,False,False
olora,task748_glucose_reverse_cause_event_detection,task748-d9be6a38e74f4c869cdb091c3228ce1e,False,False,False,False,False,False
olora,task748_glucose_reverse_cause_event_detection,task748-127bb8374e1f414c9dc7a3946fffce62,False,False,False,False,False,False
olora,task748_glucose_reverse_cause_event_detection,task748-24b834763d9e42baa054e2beddb17f44,False,False,False,False,False,False
olora,task748_glucose_reverse_cause_event_detection,task748-55d8f389a1034cdebc1762f8d6d24fe2,False,False,False,False,False,False
olora,task748_glucose_reverse_cause_event_detection,task748-4a7c559b28bc4f8f868bb63133639a5f,False,False,False,False,False,False
olora,task748_glucose_reverse_cause_event_detection,task748-8d0e5799cfcc46f98f859c37f42364ee,False,False,False,False,False,False
olora,task748_glucose_reverse_cause_event_detection,task748-2af4fb05bce74640861b1801bd10c235,False,False,False,False,False,False
olora,task748_glucose_reverse_cause_event_detection,task748-83778252e98145d39a7f013f9c668796,False,False,False,False,False,False
olora,task748_glucose_reverse_cause_event_detection,task748-c23205d48e4742889111055c806a4e04,False,False,False,False,False,False
olora,task748_glucose_reverse_cause_event_detection,task748-04b60ac9b7ed42fda02fcdeeea64361c,False,False,False,False,False,False
olora,task748_glucose_reverse_cause_event_detection,task748-5ea78963086442f2a7aaaf1da331929f,False,False,False,False,False,False
olora,task748_glucose_reverse_cause_event_detection,task748-d492e2405df74c0bba53d9ef7f529a92,False,False,False,False,False,False
olora,task748_glucose_reverse_cause_event_detection,task748-1c38e46e7751450e907229320472a6d1,False,False,False,False,False,False
olora,task748_glucose_reverse_cause_event_detection,task748-29f422e6c5bc42c2a9edbdd2d88b146d,False,False,False,False,False,False
olora,medical_mts_dialog_note,mts_test_32,False,False,False,False,False,False
olora,medical_mts_dialog_note,mts_test_24,False,False,False,False,False,False
olora,medical_mts_dialog_note,mts_test_138,False,False,False,False,False,False
olora,medical_mts_dialog_note,mts_test_178,False,True,True,True,False,True
olora,medical_mts_dialog_note,mts_test_122,False,False,False,False,False,False
olora,medical_mts_dialog_note,mts_test_108,False,False,False,False,False,False
olora,medical_mts_dialog_note,mts_test_2,False,False,False,False,False,False
olora,medical_mts_dialog_note,mts_test_165,False,False,False,False,False,False
olora,medical_mts_dialog_note,mts_test_137,False,False,False,False,False,False
olora,medical_mts_dialog_note,mts_test_67,False,False,False,False,False,False
olora,medical_mts_dialog_note,mts_test_52,False,False,False,False,False,False
olora,medical_mts_dialog_note,mts_test_146,False,False,False,False,False,False
olora,medical_mts_dialog_note,mts_test_152,False,False,False,False,False,False
olora,medical_mts_dialog_note,mts_test_172,False,False,False,False,False,False
olora,medical_mts_dialog_note,mts_test_85,False,False,False,False,False,False
olora,medical_mts_dialog_note,mts_test_171,False,False,False,False,False,False
olora,medical_mts_dialog_note,mts_test_53,False,False,False,False,False,False
olora,medical_mts_dialog_note,mts_test_129,False,False,False,False,False,False
olora,medical_mts_dialog_note,mts_test_100,False,False,False,False,False,False
olora,medical_mts_dialog_note,mts_test_65,False,False,False,False,False,False
olora,medical_mts_dialog_note,mts_test_33,False,False,False,False,False,False
olora,medical_mts_dialog_note,mts_test_177,False,False,False,False,False,False
olora,medical_mts_dialog_note,mts_test_61,False,False,False,False,False,False
olora,medical_mts_dialog_note,mts_test_195,False,False,False,False,False,False
olora,medical_mts_dialog_note,mts_test_66,False,False,False,False,False,False
olora,medical_mts_dialog_note,mts_test_64,False,False,False,False,False,False
olora,medical_mts_dialog_note,mts_test_0,False,False,False,False,False,False
olora,medical_mts_dialog_note,mts_test_27,False,False,False,False,False,False
olora,medical_mts_dialog_note,mts_test_192,False,False,False,False,False,False
olora,medical_mts_dialog_note,mts_test_144,False,False,False,False,False,False
olora,medical_mts_dialog_note,mts_test_118,False,False,False,False,False,False
olora,medical_mts_dialog_note,mts_test_126,False,False,False,False,False,False
olora,medical_mts_dialog_note,mts_test_21,False,False,False,False,False,False
olora,medical_mts_dialog_note,mts_test_154,False,False,False,False,False,False
olora,medical_mts_dialog_note,mts_test_13,False,False,False,False,False,False
olora,medical_mts_dialog_note,mts_test_180,False,False,False,False,False,False
olora,medical_mts_dialog_note,mts_test_106,False,False,False,False,False,False
olora,medical_mts_dialog_note,mts_test_10,False,False,False,False,False,False
olora,medical_mts_dialog_note,mts_test_157,False,False,False,False,False,False
olora,medical_mts_dialog_note,mts_test_145,False,False,False,False,False,False
olora,medical_mts_dialog_note,mts_test_104,False,False,False,False,False,False
olora,medical_mts_dialog_note,mts_test_142,False,False,False,False,False,False
olora,medical_mts_dialog_note,mts_test_63,False,False,False,False,False,False
olora,medical_mts_dialog_note,mts_test_44,False,False,False,False,False,False
olora,medical_mts_dialog_note,mts_test_69,False,False,False,False,False,False
olora,medical_mts_dialog_note,mts_test_50,False,False,False,False,False,False
olora,medical_mts_dialog_note,mts_test_86,False,False,False,False,False,False
olora,medical_mts_dialog_note,mts_test_17,False,False,False,False,False,False
olora,medical_mts_dialog_note,mts_test_37,False,False,False,False,False,False
olora,medical_mts_dialog_note,mts_test_89,False,False,False,False,False,False
olora,medical_mts_dialog_note,mts_test_72,False,False,False,False,False,False
olora,medical_mts_dialog_note,mts_test_40,False,False,False,False,False,False
olora,medical_mts_dialog_note,mts_test_14,False,False,False,False,False,False
olora,medical_mts_dialog_note,mts_test_160,False,True,True,True,False,True
olora,medical_mts_dialog_note,mts_test_23,False,False,False,False,False,False
olora,medical_mts_dialog_note,mts_test_76,False,False,False,False,False,False
olora,medical_mts_dialog_note,mts_test_30,False,False,False,False,False,False
olora,medical_mts_dialog_note,mts_test_166,False,False,False,False,False,False
olora,medical_mts_dialog_note,mts_test_163,False,False,False,False,False,False
olora,medical_mts_dialog_note,mts_test_128,False,False,False,False,False,False
olora,medical_mts_dialog_note,mts_test_18,False,False,False,False,False,False
olora,medical_mts_dialog_note,mts_test_115,False,False,False,False,False,False
olora,medical_mts_dialog_note,mts_test_114,False,False,False,False,False,False
olora,medical_mts_dialog_note,mts_test_198,False,False,False,False,False,False
olora,medical_mts_dialog_note,mts_test_151,False,False,False,False,False,False
olora,medical_mts_dialog_note,mts_test_130,False,False,False,False,False,False
olora,medical_mts_dialog_note,mts_test_26,False,False,False,False,False,False
olora,medical_mts_dialog_note,mts_test_173,False,False,False,False,False,False
olora,medical_mts_dialog_note,mts_test_22,False,False,False,False,False,False
olora,medical_mts_dialog_note,mts_test_31,False,False,False,False,False,False
olora,medical_mts_dialog_note,mts_test_99,False,False,False,False,False,False
olora,medical_mts_dialog_note,mts_test_81,False,False,False,False,False,False
olora,medical_mts_dialog_note,mts_test_183,False,False,False,False,False,False
olora,medical_mts_dialog_note,mts_test_181,False,False,False,False,False,False
olora,medical_mts_dialog_note,mts_test_7,False,False,False,False,False,False
olora,medical_mts_dialog_note,mts_test_94,False,False,False,False,False,False
olora,medical_mts_dialog_note,mts_test_43,False,False,False,False,False,False
olora,medical_mts_dialog_note,mts_test_6,False,False,False,False,False,False
olora,medical_mts_dialog_note,mts_test_19,False,False,False,False,False,False
olora,medical_mts_dialog_note,mts_test_159,False,False,False,False,False,False
olora,medical_mts_dialog_note,mts_test_78,False,False,False,False,False,False
olora,medical_mts_dialog_note,mts_test_123,False,False,False,False,False,False
olora,medical_mts_dialog_note,mts_test_42,False,False,False,False,False,False
olora,medical_mts_dialog_note,mts_test_49,False,False,False,False,False,False
olora,medical_mts_dialog_note,mts_test_162,False,False,False,False,False,False
olora,medical_mts_dialog_note,mts_test_127,False,False,False,False,False,False
olora,medical_mts_dialog_note,mts_test_193,False,False,False,False,False,False
olora,medical_mts_dialog_note,mts_test_15,False,False,False,False,False,False
olora,medical_mts_dialog_note,mts_test_48,False,False,False,False,False,False
olora,medical_mts_dialog_note,mts_test_113,False,False,False,False,False,False
olora,medical_mts_dialog_note,mts_test_190,False,False,False,False,False,False
olora,medical_mts_dialog_note,mts_test_68,False,False,False,False,False,False
olora,medical_mts_dialog_note,mts_test_75,False,False,False,False,False,False
olora,medical_mts_dialog_note,mts_test_125,False,False,False,False,False,False
olora,medical_mts_dialog_note,mts_test_131,False,False,False,False,False,False
olora,medical_mts_dialog_note,mts_test_83,False,False,False,False,False,False
olora,medical_mts_dialog_note,mts_test_35,False,False,False,False,False,False
olora,medical_mts_dialog_note,mts_test_1,False,False,False,False,False,False
olora,medical_mts_dialog_note,mts_test_16,False,False,False,False,False,False
olora,medical_mts_dialog_note,mts_test_184,False,False,False,False,False,False
olora,medical_mts_dialog_note,mts_test_47,False,False,False,False,False,False
olora,medical_mts_dialog_note,mts_test_20,False,False,False,False,False,False
olora,medical_mts_dialog_note,mts_test_71,False,False,False,False,False,False
olora,medical_mts_dialog_note,mts_test_46,False,False,False,False,False,False
olora,medical_mts_dialog_note,mts_test_185,False,False,False,False,False,False
olora,medical_mts_dialog_note,mts_test_38,False,False,False,False,False,False
olora,medical_mts_dialog_note,mts_test_169,False,False,False,False,False,False
olora,medical_mts_dialog_note,mts_test_167,False,False,False,False,False,False
olora,medical_mts_dialog_note,mts_test_176,False,False,False,False,False,False
olora,medical_mts_dialog_note,mts_test_150,False,False,False,False,False,False
olora,medical_mts_dialog_note,mts_test_132,False,False,False,False,False,False
olora,medical_mts_dialog_note,mts_test_107,False,False,False,False,False,False
olora,medical_mts_dialog_note,mts_test_182,False,False,False,False,False,False
olora,medical_mts_dialog_note,mts_test_189,False,False,False,False,False,False
olora,medical_mts_dialog_note,mts_test_73,False,False,False,False,False,False
olora,medical_mts_dialog_note,mts_test_112,False,False,False,False,False,False
olora,medical_mts_dialog_note,mts_test_97,False,False,False,False,False,False
olora,medical_mts_dialog_note,mts_test_56,False,False,False,False,False,False
olora,medical_mts_dialog_note,mts_test_133,False,False,False,False,False,False
olora,medical_mts_dialog_note,mts_test_79,False,False,False,False,False,False
olora,medical_mts_dialog_note,mts_test_59,False,False,False,False,False,False
olora,medical_mts_dialog_note,mts_test_39,False,False,False,False,False,False
olora,medical_mts_dialog_note,mts_test_9,False,False,False,False,False,False
olora,medical_mts_dialog_note,mts_test_80,False,False,False,False,False,False
olora,medical_mts_dialog_note,mts_test_155,False,False,False,False,False,False
olora,medical_mts_dialog_note,mts_test_134,False,False,False,False,False,False
olora,medical_mts_dialog_note,mts_test_8,False,False,False,False,False,False
olora,medical_mts_dialog_note,mts_test_135,False,False,False,False,False,False
olora,medical_mts_dialog_note,mts_test_60,False,False,False,False,False,False
olora,medical_mts_dialog_note,mts_test_88,False,False,False,False,False,False
olora,medical_mts_dialog_note,mts_test_124,False,False,False,False,False,False
olora,medical_mts_dialog_note,mts_test_120,False,False,False,False,False,False
olora,medical_mts_dialog_note,mts_test_170,False,False,False,False,False,False
olora,medical_mts_dialog_note,mts_test_110,False,False,False,False,False,False
olora,medical_mts_dialog_note,mts_test_196,False,False,False,False,False,False
olora,medical_mts_dialog_note,mts_test_148,False,False,False,False,False,False
olora,medical_mts_dialog_note,mts_test_51,False,False,False,False,False,False
olora,medical_mts_dialog_note,mts_test_119,False,False,False,False,False,False
olora,medical_mts_dialog_note,mts_test_103,False,False,False,False,False,False
olora,medical_mts_dialog_note,mts_test_82,False,False,False,False,False,False
olora,medical_mts_dialog_note,mts_test_90,False,False,False,False,False,False
olora,medical_mts_dialog_note,mts_test_36,False,False,False,False,False,False
olora,medical_mts_dialog_note,mts_test_29,False,False,False,False,False,False
olora,medical_mts_dialog_note,mts_test_156,False,False,False,False,False,False
olora,medical_mts_dialog_note,mts_test_149,False,False,False,False,False,False
olora,medical_mts_dialog_note,mts_test_12,False,False,False,False,False,False
olora,medical_mts_dialog_note,mts_test_25,False,False,False,False,False,False
olora,medical_mts_dialog_note,mts_test_186,False,False,False,False,False,False
olora,medical_mts_dialog_note,mts_test_91,False,False,False,False,False,False
olora,medical_mts_dialog_note,mts_test_62,False,False,False,False,False,False
olora,medical_mts_dialog_note,mts_test_161,False,False,False,False,False,False
olora,medical_mts_dialog_note,mts_test_98,False,False,False,False,False,False
olora,medical_mts_dialog_note,mts_test_28,False,False,False,False,False,False
olora,medical_mts_dialog_note,mts_test_58,False,False,False,False,False,False
olora,medical_mts_dialog_note,mts_test_187,False,False,False,False,False,False
olora,medical_mts_dialog_note,mts_test_136,False,False,False,False,False,False
olora,medical_mts_dialog_note,mts_test_175,False,False,False,False,False,False
olora,medical_mts_dialog_note,mts_test_96,False,False,False,False,False,False
olora,medical_mts_dialog_note,mts_test_116,False,False,False,False,False,False
olora,medical_mts_dialog_note,mts_test_84,False,False,False,False,False,False
olora,medical_mts_dialog_note,mts_test_3,False,False,False,False,False,False
olora,medical_mts_dialog_note,mts_test_141,False,False,False,False,False,False
olora,medical_mts_dialog_note,mts_test_111,False,False,False,False,False,False
olora,medical_mts_dialog_note,mts_test_194,False,False,False,False,False,False
olora,medical_mts_dialog_note,mts_test_102,False,False,False,False,False,False
olora,medical_mts_dialog_note,mts_test_105,False,False,False,False,False,False
olora,medical_mts_dialog_note,mts_test_41,False,False,False,False,False,False
olora,medical_mts_dialog_note,mts_test_57,False,False,False,False,False,False
olora,medical_mts_dialog_note,mts_test_147,False,False,False,False,False,False
olora,medical_mts_dialog_note,mts_test_87,False,False,False,False,False,False
olora,medical_mts_dialog_note,mts_test_143,False,False,False,False,False,False
olora,medical_mts_dialog_note,mts_test_109,False,True,True,True,False,True
olora,medical_mts_dialog_note,mts_test_153,False,False,False,False,False,False
olora,medical_mts_dialog_note,mts_test_179,False,False,False,False,False,False
olora,medical_mts_dialog_note,mts_test_197,False,False,False,False,False,False
olora,medical_mts_dialog_note,mts_test_140,False,False,False,False,False,False
olora,medical_mts_dialog_note,mts_test_55,False,False,False,False,False,False
olora,medical_mts_dialog_note,mts_test_11,False,False,False,False,False,False
olora,medical_mts_dialog_note,mts_test_77,False,False,False,False,False,False
olora,medical_mts_dialog_note,mts_test_92,False,False,False,False,False,False
olora,medical_mts_dialog_note,mts_test_93,False,False,False,False,False,False
olora,medical_mts_dialog_note,mts_test_34,False,False,False,False,False,False
olora,medical_mts_dialog_note,mts_test_95,False,False,False,False,False,False
olora,medical_mts_dialog_note,mts_test_158,False,False,False,False,False,False
olora,medical_mts_dialog_note,mts_test_74,False,False,False,False,False,False
olora,medical_mts_dialog_note,mts_test_188,False,False,False,False,False,False
olora,medical_mts_dialog_note,mts_test_121,False,False,False,False,False,False
olora,medical_mts_dialog_note,mts_test_54,False,False,False,False,False,False
olora,medical_mts_dialog_note,mts_test_139,False,False,False,False,False,False
olora,medical_mts_dialog_note,mts_test_191,False,False,False,False,False,False
olora,medical_mts_dialog_note,mts_test_164,False,False,False,False,False,False
olora,medical_mts_dialog_note,mts_test_5,False,False,False,False,False,False
olora,medical_mts_dialog_note,mts_test_101,False,False,False,False,False,False
olora,medical_mts_dialog_note,mts_test_45,False,False,False,False,False,False
olora,medical_mts_dialog_note,mts_test_4,False,False,False,False,False,False
olora,medical_mts_dialog_note,mts_test_199,False,False,False,False,False,False
olora,medical_mts_dialog_note,mts_test_174,False,False,False,False,False,False
olora,medical_mts_dialog_note,mts_test_168,False,False,False,False,False,False
olora,medical_mts_dialog_note,mts_test_70,False,False,False,False,False,False
olora,medical_mts_dialog_note,mts_test_117,False,False,False,False,False,False
olora,medical_iu_xray_impression,CXR979,False,False,False,False,False,False
olora,medical_iu_xray_impression,CXR2513,False,False,False,False,False,False
olora,medical_iu_xray_impression,CXR350,False,False,False,False,False,False
olora,medical_iu_xray_impression,CXR1348,False,False,False,False,False,False
olora,medical_iu_xray_impression,CXR3725,False,False,False,False,False,False
olora,medical_iu_xray_impression,CXR3468,False,False,False,False,False,False
olora,medical_iu_xray_impression,CXR3211,False,False,False,False,False,False
olora,medical_iu_xray_impression,CXR297,False,False,False,False,False,False
olora,medical_iu_xray_impression,CXR783,False,False,False,False,False,False
olora,medical_iu_xray_impression,CXR1070,False,False,False,False,False,False
olora,medical_iu_xray_impression,CXR1233,False,False,False,False,False,False
olora,medical_iu_xray_impression,CXR2158,False,False,False,False,False,False
olora,medical_iu_xray_impression,CXR1306,False,False,False,False,False,False
olora,medical_iu_xray_impression,CXR3091,False,False,False,False,False,False
olora,medical_iu_xray_impression,CXR260,False,False,False,False,False,False
olora,medical_iu_xray_impression,CXR1218,False,True,True,True,False,True
olora,medical_iu_xray_impression,CXR930,False,False,False,False,False,False
olora,medical_iu_xray_impression,CXR1593,False,False,False,False,False,False
olora,medical_iu_xray_impression,CXR3369,False,False,False,False,False,False
olora,medical_iu_xray_impression,CXR2797,False,False,False,False,False,False
olora,medical_iu_xray_impression,CXR805,False,False,False,False,False,False
olora,medical_iu_xray_impression,CXR1629,False,False,False,False,False,False
olora,medical_iu_xray_impression,CXR535,False,False,False,False,False,False
olora,medical_iu_xray_impression,CXR2465,False,False,False,False,False,False
olora,medical_iu_xray_impression,CXR2890,False,False,False,False,False,False
olora,medical_iu_xray_impression,CXR14,False,False,False,False,False,False
olora,medical_iu_xray_impression,CXR3332,False,False,False,False,False,False
olora,medical_iu_xray_impression,CXR2139,False,False,False,False,False,False
olora,medical_iu_xray_impression,CXR3455,False,False,False,False,False,False
olora,medical_iu_xray_impression,CXR619,False,False,False,False,False,False
olora,medical_iu_xray_impression,CXR2267,False,False,False,False,False,False
olora,medical_iu_xray_impression,CXR1731,False,True,True,True,False,True
olora,medical_iu_xray_impression,CXR1072,False,False,False,False,False,False
olora,medical_iu_xray_impression,CXR2531,False,False,False,False,False,False
olora,medical_iu_xray_impression,CXR3748,False,False,False,False,False,False
olora,medical_iu_xray_impression,CXR2610,False,False,False,False,False,False
olora,medical_iu_xray_impression,CXR2538,False,False,False,False,False,False
olora,medical_iu_xray_impression,CXR3436,False,False,False,False,False,False
olora,medical_iu_xray_impression,CXR2826,False,False,False,False,False,False
olora,medical_iu_xray_impression,CXR1643,False,False,False,False,False,False
olora,medical_iu_xray_impression,CXR2644,False,False,False,False,False,False
olora,medical_iu_xray_impression,CXR789,False,False,False,False,False,False
olora,medical_iu_xray_impression,CXR1472,False,False,False,False,False,False
olora,medical_iu_xray_impression,CXR692,False,False,False,False,False,False
olora,medical_iu_xray_impression,CXR2746,False,False,False,False,False,False
olora,medical_iu_xray_impression,CXR3565,False,False,False,False,False,False
olora,medical_iu_xray_impression,CXR3494,False,False,False,False,False,False
olora,medical_iu_xray_impression,CXR3905,False,False,False,False,False,False
olora,medical_iu_xray_impression,CXR3339,False,False,False,False,False,False
olora,medical_iu_xray_impression,CXR3456,False,False,False,False,False,False
olora,medical_iu_xray_impression,CXR3787,False,False,False,False,False,False
olora,medical_iu_xray_impression,CXR2056,False,False,False,False,False,False
olora,medical_iu_xray_impression,CXR818,False,False,False,False,False,False
olora,medical_iu_xray_impression,CXR3085,False,False,False,False,False,False
olora,medical_iu_xray_impression,CXR2029,False,False,False,False,False,False
olora,medical_iu_xray_impression,CXR3539,False,False,False,False,False,False
olora,medical_iu_xray_impression,CXR3785,False,False,False,False,False,False
olora,medical_iu_xray_impression,CXR1940,False,False,False,False,False,False
olora,medical_iu_xray_impression,CXR2239,False,False,False,False,False,False
olora,medical_iu_xray_impression,CXR1181,False,False,False,False,False,False
olora,medical_iu_xray_impression,CXR1600,False,False,False,False,False,False
olora,medical_iu_xray_impression,CXR820,False,True,True,True,False,True
olora,medical_iu_xray_impression,CXR1565,False,False,False,False,False,False
olora,medical_iu_xray_impression,CXR2902,False,False,False,False,False,False
olora,medical_iu_xray_impression,CXR2935,False,False,False,False,False,False
olora,medical_iu_xray_impression,CXR199,False,False,False,False,False,False
olora,medical_iu_xray_impression,CXR2546,False,False,False,False,False,False
olora,medical_iu_xray_impression,CXR3217,False,False,False,False,False,False
olora,medical_iu_xray_impression,CXR1436,False,False,False,False,False,False
olora,medical_iu_xray_impression,CXR1012,False,False,False,False,False,False
olora,medical_iu_xray_impression,CXR251,False,False,False,False,False,False
olora,medical_iu_xray_impression,CXR724,False,False,False,False,False,False
olora,medical_iu_xray_impression,CXR2655,False,False,False,False,False,False
olora,medical_iu_xray_impression,CXR1499,False,False,False,False,False,False
olora,medical_iu_xray_impression,CXR1802,False,False,False,False,False,False
olora,medical_iu_xray_impression,CXR3154,False,False,False,False,False,False
olora,medical_iu_xray_impression,CXR3820,False,False,False,False,False,False
olora,medical_iu_xray_impression,CXR2865,False,False,False,False,False,False
olora,medical_iu_xray_impression,CXR1607,False,False,False,False,False,False
olora,medical_iu_xray_impression,CXR404,False,False,False,False,False,False
olora,medical_iu_xray_impression,CXR1571,False,False,False,False,False,False
olora,medical_iu_xray_impression,CXR2021,False,False,False,False,False,False
olora,medical_iu_xray_impression,CXR1235,False,False,False,False,False,False
olora,medical_iu_xray_impression,CXR152,False,False,False,False,False,False
olora,medical_iu_xray_impression,CXR808,False,False,False,False,False,False
olora,medical_iu_xray_impression,CXR3127,False,False,False,False,False,False
olora,medical_iu_xray_impression,CXR3941,False,False,False,False,False,False
olora,medical_iu_xray_impression,CXR636,False,False,False,False,False,False
olora,medical_iu_xray_impression,CXR28,False,False,False,False,False,False
olora,medical_iu_xray_impression,CXR2952,False,False,False,False,False,False
olora,medical_iu_xray_impression,CXR1498,False,False,False,False,False,False
olora,medical_iu_xray_impression,CXR3740,False,False,False,False,False,False
olora,medical_iu_xray_impression,CXR3678,False,False,False,False,False,False
olora,medical_iu_xray_impression,CXR1089,False,False,False,False,False,False
olora,medical_iu_xray_impression,CXR3003,False,False,False,False,False,False
olora,medical_iu_xray_impression,CXR809,False,True,True,True,False,True
olora,medical_iu_xray_impression,CXR1437,False,False,False,False,False,False
olora,medical_iu_xray_impression,CXR2195,False,False,False,False,False,False
olora,medical_iu_xray_impression,CXR1392,False,False,False,False,False,False
olora,medical_iu_xray_impression,CXR3092,False,False,False,False,False,False
olora,medical_iu_xray_impression,CXR1794,False,False,False,False,False,False
olora,medical_iu_xray_impression,CXR689,False,False,False,False,False,False
olora,medical_iu_xray_impression,CXR2206,False,False,False,False,False,False
olora,medical_iu_xray_impression,CXR3541,False,False,False,False,False,False
olora,medical_iu_xray_impression,CXR1035,False,False,False,False,False,False
olora,medical_iu_xray_impression,CXR1098,False,False,False,False,False,False
olora,medical_iu_xray_impression,CXR3028,False,False,False,False,False,False
olora,medical_iu_xray_impression,CXR2907,False,False,False,False,False,False
olora,medical_iu_xray_impression,CXR767,False,False,False,False,False,False
olora,medical_iu_xray_impression,CXR3650,False,False,False,False,False,False
olora,medical_iu_xray_impression,CXR2968,False,False,False,False,False,False
olora,medical_iu_xray_impression,CXR85,False,False,False,False,False,False
olora,medical_iu_xray_impression,CXR1131,False,False,False,False,False,False
olora,medical_iu_xray_impression,CXR397,False,False,False,False,False,False
olora,medical_iu_xray_impression,CXR611,False,False,False,False,False,False
olora,medical_iu_xray_impression,CXR72,False,False,False,False,False,False
olora,medical_iu_xray_impression,CXR371,False,False,False,False,False,False
olora,medical_iu_xray_impression,CXR2307,False,False,False,False,False,False
olora,medical_iu_xray_impression,CXR3856,False,False,False,False,False,False
olora,medical_iu_xray_impression,CXR1100,False,False,False,False,False,False
olora,medical_iu_xray_impression,CXR740,False,False,False,False,False,False
olora,medical_iu_xray_impression,CXR3230,False,False,False,False,False,False
olora,medical_iu_xray_impression,CXR2192,False,False,False,False,False,False
olora,medical_iu_xray_impression,CXR1407,False,False,False,False,False,False
olora,medical_iu_xray_impression,CXR2464,False,False,False,False,False,False
olora,medical_iu_xray_impression,CXR417,False,False,False,False,False,False
olora,medical_iu_xray_impression,CXR1256,False,False,False,False,False,False
olora,medical_iu_xray_impression,CXR3689,False,False,False,False,False,False
olora,medical_iu_xray_impression,CXR1340,False,False,False,False,False,False
olora,medical_iu_xray_impression,CXR1419,False,False,False,False,False,False
olora,medical_iu_xray_impression,CXR2570,False,False,False,False,False,False
olora,medical_iu_xray_impression,CXR1879,False,False,False,False,False,False
olora,medical_iu_xray_impression,CXR1034,False,False,False,False,False,False
olora,medical_iu_xray_impression,CXR1881,False,False,False,False,False,False
olora,medical_iu_xray_impression,CXR1513,False,False,False,False,False,False
olora,medical_iu_xray_impression,CXR1289,False,False,False,False,False,False
olora,medical_iu_xray_impression,CXR430,False,False,False,False,False,False
olora,medical_iu_xray_impression,CXR2696,False,False,False,False,False,False
olora,medical_iu_xray_impression,CXR984,False,False,False,False,False,False
olora,medical_iu_xray_impression,CXR3683,False,False,False,False,False,False
olora,medical_iu_xray_impression,CXR2271,False,False,False,False,False,False
olora,medical_iu_xray_impression,CXR1645,False,False,False,False,False,False
olora,medical_iu_xray_impression,CXR2622,False,True,True,True,False,True
olora,medical_iu_xray_impression,CXR3018,False,False,False,False,False,False
olora,medical_iu_xray_impression,CXR2309,False,False,False,False,False,False
olora,medical_iu_xray_impression,CXR3847,False,False,False,False,False,False
olora,medical_iu_xray_impression,CXR819,False,False,False,False,False,False
olora,medical_iu_xray_impression,CXR521,False,False,False,False,False,False
olora,medical_iu_xray_impression,CXR591,False,False,False,False,False,False
olora,medical_iu_xray_impression,CXR1154,False,False,False,False,False,False
olora,medical_iu_xray_impression,CXR1467,False,True,True,True,False,True
olora,medical_iu_xray_impression,CXR2241,False,False,False,False,False,False
olora,medical_iu_xray_impression,CXR1077,False,False,False,False,False,False
olora,medical_iu_xray_impression,CXR2628,False,False,False,False,False,False
olora,medical_iu_xray_impression,CXR1124,False,False,False,False,False,False
olora,medical_iu_xray_impression,CXR2416,False,False,False,False,False,False
olora,medical_iu_xray_impression,CXR2578,False,False,False,False,False,False
olora,medical_iu_xray_impression,CXR370,False,False,False,False,False,False
olora,medical_iu_xray_impression,CXR1474,False,False,False,False,False,False
olora,medical_iu_xray_impression,CXR1753,False,False,False,False,False,False
olora,medical_iu_xray_impression,CXR1290,False,False,False,False,False,False
olora,medical_iu_xray_impression,CXR2646,False,False,False,False,False,False
olora,medical_iu_xray_impression,CXR2858,False,False,False,False,False,False
olora,medical_iu_xray_impression,CXR1526,False,False,False,False,False,False
olora,medical_iu_xray_impression,CXR1050,False,False,False,False,False,False
olora,medical_iu_xray_impression,CXR3206,False,False,False,False,False,False
olora,medical_iu_xray_impression,CXR1584,False,False,False,False,False,False
olora,medical_iu_xray_impression,CXR3184,False,True,True,True,False,True
olora,medical_iu_xray_impression,CXR3045,False,False,False,False,False,False
olora,medical_iu_xray_impression,CXR1939,False,False,False,False,False,False
olora,medical_iu_xray_impression,CXR916,False,False,False,False,False,False
olora,medical_iu_xray_impression,CXR1724,False,False,False,False,False,False
olora,medical_iu_xray_impression,CXR2840,False,False,False,False,False,False
olora,medical_iu_xray_impression,CXR87,False,False,False,False,False,False
olora,medical_iu_xray_impression,CXR2477,False,False,False,False,False,False
olora,medical_iu_xray_impression,CXR3118,False,False,False,False,False,False
olora,medical_iu_xray_impression,CXR2382,False,False,False,False,False,False
olora,medical_iu_xray_impression,CXR2023,False,False,False,False,False,False
olora,medical_iu_xray_impression,CXR1656,False,False,False,False,False,False
olora,medical_iu_xray_impression,CXR3960,False,False,False,False,False,False
olora,medical_iu_xray_impression,CXR1572,False,False,False,False,False,False
olora,medical_iu_xray_impression,CXR3044,False,False,False,False,False,False
olora,medical_iu_xray_impression,CXR569,False,False,False,False,False,False
olora,medical_iu_xray_impression,CXR1268,False,False,False,False,False,False
olora,medical_iu_xray_impression,CXR1288,False,False,False,False,False,False
olora,medical_iu_xray_impression,CXR2961,False,False,False,False,False,False
olora,medical_iu_xray_impression,CXR3507,False,False,False,False,False,False
olora,medical_iu_xray_impression,CXR3773,False,False,False,False,False,False
olora,medical_iu_xray_impression,CXR2813,False,False,False,False,False,False
olora,medical_iu_xray_impression,CXR1769,False,False,False,False,False,False
olora,medical_iu_xray_impression,CXR1514,False,False,False,False,False,False
olora,medical_iu_xray_impression,CXR3485,False,False,False,False,False,False
olora,medical_iu_xray_impression,CXR1273,False,False,False,False,False,False
olora,medical_iu_xray_impression,CXR3988,False,False,False,False,False,False
olora,medical_iu_xray_impression,CXR699,False,False,False,False,False,False
olora,medical_iu_xray_impression,CXR3130,False,False,False,False,False,False
olora,medical_iu_xray_impression,CXR1369,False,False,False,False,False,False
olora,medical_iu_xray_impression,CXR851,False,False,False,False,False,False
olora,medical_iu_xray_impression,CXR3942,False,False,False,False,False,False
olora,medical_iu_xray_impression,CXR1673,False,False,False,False,False,False
olora,natural_vqav2,vqav2_388829000,True,True,True,False,False,False
olora,natural_vqav2,vqav2_356949000,True,True,True,False,False,False
olora,natural_vqav2,vqav2_539937000,True,True,True,False,False,False
olora,natural_vqav2,vqav2_182236000,False,False,False,False,False,False
olora,natural_vqav2,vqav2_490702000,True,True,True,False,False,False
olora,natural_vqav2,vqav2_146042000,False,False,False,False,False,False
olora,natural_vqav2,vqav2_251785000,True,True,True,False,False,False
olora,natural_vqav2,vqav2_89880000,True,False,False,False,True,False
olora,natural_vqav2,vqav2_123410000,True,True,True,False,False,False
olora,natural_vqav2,vqav2_125404000,True,True,True,False,False,False
olora,natural_vqav2,vqav2_248400000,True,True,True,False,False,False
olora,natural_vqav2,vqav2_563185000,True,True,True,False,False,False
olora,natural_vqav2,vqav2_343606000,True,True,True,False,False,False
olora,natural_vqav2,vqav2_70332000,False,False,False,False,False,False
olora,natural_vqav2,vqav2_352151000,True,True,True,False,False,False
olora,natural_vqav2,vqav2_138124000,True,True,True,False,False,False
olora,natural_vqav2,vqav2_272718000,True,True,True,False,False,False
olora,natural_vqav2,vqav2_228541000,True,True,True,False,False,False
olora,natural_vqav2,vqav2_207059000,True,True,True,False,False,False
olora,natural_vqav2,vqav2_1369000,True,True,True,False,False,False
olora,natural_vqav2,vqav2_471641000,True,True,True,False,False,False
olora,natural_vqav2,vqav2_550477000,True,True,True,False,False,False
olora,natural_vqav2,vqav2_30012000,True,True,True,False,False,False
olora,natural_vqav2,vqav2_227882000,True,True,True,False,False,False
olora,natural_vqav2,vqav2_191691000,True,True,True,False,False,False
olora,natural_vqav2,vqav2_137658000,True,True,True,False,False,False
olora,natural_vqav2,vqav2_210144000,True,True,True,False,False,False
olora,natural_vqav2,vqav2_81782000,True,True,True,False,False,False
olora,natural_vqav2,vqav2_362714000,True,True,True,False,False,False
olora,natural_vqav2,vqav2_54355000,True,True,True,False,False,False
olora,natural_vqav2,vqav2_357899000,True,True,True,False,False,False
olora,natural_vqav2,vqav2_450217000,True,True,True,False,False,False
olora,natural_vqav2,vqav2_395182000,True,True,True,False,False,False
olora,natural_vqav2,vqav2_169436000,True,True,True,False,False,False
olora,natural_vqav2,vqav2_291834000,True,True,True,False,False,False
olora,natural_vqav2,vqav2_145750000,False,False,False,False,False,False
olora,natural_vqav2,vqav2_438046000,True,True,True,False,False,False
olora,natural_vqav2,vqav2_357816000,False,False,False,False,False,False
olora,natural_vqav2,vqav2_366137000,True,True,True,False,False,False
olora,natural_vqav2,vqav2_219075000,True,True,True,False,False,False
olora,natural_vqav2,vqav2_258516000,False,False,False,False,False,False
olora,natural_vqav2,vqav2_431256000,True,True,True,False,False,False
olora,natural_vqav2,vqav2_553847000,True,True,True,False,False,False
olora,natural_vqav2,vqav2_546642000,True,True,True,False,False,False
olora,natural_vqav2,vqav2_542962000,True,True,True,False,False,False
olora,natural_vqav2,vqav2_302893000,False,False,False,False,False,False
olora,natural_vqav2,vqav2_494179000,False,False,False,False,False,False
olora,natural_vqav2,vqav2_462953000,True,True,True,False,False,False
olora,natural_vqav2,vqav2_235832000,True,True,True,False,False,False
olora,natural_vqav2,vqav2_346641000,True,True,True,False,False,False
olora,natural_vqav2,vqav2_461993000,True,True,True,False,False,False
olora,natural_vqav2,vqav2_17198000,True,True,True,False,False,False
olora,natural_vqav2,vqav2_179793000,True,True,True,False,False,False
olora,natural_vqav2,vqav2_367128000,False,False,False,False,False,False
olora,natural_vqav2,vqav2_311902000,True,True,True,False,False,False
olora,natural_vqav2,vqav2_488789000,False,False,False,False,False,False
olora,natural_vqav2,vqav2_287506000,False,False,False,False,False,False
olora,natural_vqav2,vqav2_21452000,False,True,True,True,False,True
olora,natural_vqav2,vqav2_264420000,True,True,True,False,False,False
olora,natural_vqav2,vqav2_189365000,True,True,True,False,False,False
olora,natural_vqav2,vqav2_296797000,True,True,True,False,False,False
olora,natural_vqav2,vqav2_421401000,True,False,True,False,True,False
olora,natural_vqav2,vqav2_25508000,True,True,True,False,False,False
olora,natural_vqav2,vqav2_138653000,True,True,True,False,False,False
olora,natural_vqav2,vqav2_376209000,True,True,True,False,False,False
olora,natural_vqav2,vqav2_208549000,True,True,True,False,False,False
olora,natural_vqav2,vqav2_178606000,True,True,True,False,False,False
olora,natural_vqav2,vqav2_295756000,True,True,True,False,False,False
olora,natural_vqav2,vqav2_541132000,False,False,False,False,False,False
olora,natural_vqav2,vqav2_239808000,True,True,True,False,False,False
olora,natural_vqav2,vqav2_135846000,False,False,False,False,False,False
olora,natural_vqav2,vqav2_547858000,False,False,False,False,False,False
olora,natural_vqav2,vqav2_391642000,True,True,True,False,False,False
olora,natural_vqav2,vqav2_527163000,False,False,False,False,False,False
olora,natural_vqav2,vqav2_2685000,True,True,True,False,False,False
olora,natural_vqav2,vqav2_467973000,True,True,True,False,False,False
olora,natural_vqav2,vqav2_206922000,True,True,True,False,False,False
olora,natural_vqav2,vqav2_232115000,False,False,False,False,False,False
olora,natural_vqav2,vqav2_84163000,True,True,True,False,False,False
olora,natural_vqav2,vqav2_403907000,True,True,True,False,False,False
olora,natural_vqav2,vqav2_246809000,True,True,True,False,False,False
olora,natural_vqav2,vqav2_63958000,True,True,True,False,False,False
olora,natural_vqav2,vqav2_492057000,False,True,True,True,False,True
olora,natural_vqav2,vqav2_342271000,True,True,True,False,False,False
olora,natural_vqav2,vqav2_546976000,True,True,True,False,False,False
olora,natural_vqav2,vqav2_477820000,True,True,True,False,False,False
olora,natural_vqav2,vqav2_400567000,True,True,True,False,False,False
olora,natural_vqav2,vqav2_263351000,True,True,True,False,False,False
olora,natural_vqav2,vqav2_419144000,True,True,True,False,False,False
olora,natural_vqav2,vqav2_537574000,True,True,True,False,False,False
olora,natural_vqav2,vqav2_476491000,True,True,True,False,False,False
olora,natural_vqav2,vqav2_378548000,True,True,True,False,False,False
olora,natural_vqav2,vqav2_115793000,False,False,False,False,False,False
olora,natural_vqav2,vqav2_560312000,True,True,True,False,False,False
olora,natural_vqav2,vqav2_205834000,True,True,True,False,False,False
olora,natural_vqav2,vqav2_521285000,True,True,True,False,False,False
olora,natural_vqav2,vqav2_345560000,True,True,True,False,False,False
olora,natural_vqav2,vqav2_134328000,True,True,True,False,False,False
olora,natural_vqav2,vqav2_233140000,False,False,False,False,False,False
olora,natural_vqav2,vqav2_400994000,True,True,True,False,False,False
olora,natural_vqav2,vqav2_249785000,True,True,True,False,False,False
olora,natural_vqav2,vqav2_16733000,True,True,True,False,False,False
olora,natural_vqav2,vqav2_441468000,True,True,True,False,False,False
olora,natural_vqav2,vqav2_475159000,False,False,False,False,False,False
olora,natural_vqav2,vqav2_366295000,True,True,True,False,False,False
olora,natural_vqav2,vqav2_283380000,True,True,True,False,False,False
olora,natural_vqav2,vqav2_37367000,True,True,True,False,False,False
olora,natural_vqav2,vqav2_506224000,True,True,True,False,False,False
olora,natural_vqav2,vqav2_363830000,True,True,True,False,False,False
olora,natural_vqav2,vqav2_23895000,True,True,True,False,False,False
olora,natural_vqav2,vqav2_492420000,True,True,True,False,False,False
olora,natural_vqav2,vqav2_208050000,True,True,True,False,False,False
olora,natural_vqav2,vqav2_510636000,True,True,True,False,False,False
olora,natural_vqav2,vqav2_102644000,True,True,True,False,False,False
olora,natural_vqav2,vqav2_331937000,True,True,True,False,False,False
olora,natural_vqav2,vqav2_305873000,True,True,True,False,False,False
olora,natural_vqav2,vqav2_555009000,True,True,True,False,False,False
olora,natural_vqav2,vqav2_553747000,True,True,True,False,False,False
olora,natural_vqav2,vqav2_390841000,True,True,True,False,False,False
olora,natural_vqav2,vqav2_282296000,True,True,True,False,False,False
olora,natural_vqav2,vqav2_431746000,True,True,True,False,False,False
olora,natural_vqav2,vqav2_71549000,False,False,True,False,False,False
olora,natural_vqav2,vqav2_542856000,True,True,True,False,False,False
olora,natural_vqav2,vqav2_415714000,True,True,True,False,False,False
olora,natural_vqav2,vqav2_460837000,True,True,True,False,False,False
olora,natural_vqav2,vqav2_213162000,True,True,True,False,False,False
olora,natural_vqav2,vqav2_261779000,False,False,False,False,False,False
olora,natural_vqav2,vqav2_505845000,True,True,True,False,False,False
olora,natural_vqav2,vqav2_271143000,True,True,True,False,False,False
olora,natural_vqav2,vqav2_496379000,True,True,True,False,False,False
olora,natural_vqav2,vqav2_222283000,True,True,True,False,False,False
olora,natural_vqav2,vqav2_415647000,True,True,True,False,False,False
olora,natural_vqav2,vqav2_289640000,True,True,True,False,False,False
olora,natural_vqav2,vqav2_391371000,True,True,True,False,False,False
olora,natural_vqav2,vqav2_35807000,True,True,True,False,False,False
olora,natural_vqav2,vqav2_568611000,True,True,True,False,False,False
olora,natural_vqav2,vqav2_90448000,True,True,True,False,False,False
olora,natural_vqav2,vqav2_128110000,True,True,True,False,False,False
olora,natural_vqav2,vqav2_170041000,True,True,True,False,False,False
olora,natural_vqav2,vqav2_227884000,True,True,True,False,False,False
olora,natural_vqav2,vqav2_8589000,True,True,True,False,False,False
olora,natural_vqav2,vqav2_431897000,False,False,False,False,False,False
olora,natural_vqav2,vqav2_360540000,True,True,True,False,False,False
olora,natural_vqav2,vqav2_294487000,True,True,True,False,False,False
olora,natural_vqav2,vqav2_68814000,True,True,True,False,False,False
olora,natural_vqav2,vqav2_411241000,True,True,True,False,False,False
olora,natural_vqav2,vqav2_476939000,True,True,True,False,False,False
olora,natural_vqav2,vqav2_454161000,True,True,True,False,False,False
olora,natural_vqav2,vqav2_7253000,True,True,True,False,False,False
olora,natural_vqav2,vqav2_132024000,True,True,True,False,False,False
olora,natural_vqav2,vqav2_308235000,False,True,True,True,False,True
olora,natural_vqav2,vqav2_13420000,True,True,True,False,False,False
olora,natural_vqav2,vqav2_328728000,True,True,True,False,False,False
olora,natural_vqav2,vqav2_21971000,True,True,True,False,False,False
olora,natural_vqav2,vqav2_432657000,True,True,True,False,False,False
olora,natural_vqav2,vqav2_185432000,False,False,False,False,False,False
olora,natural_vqav2,vqav2_158279000,True,True,True,False,False,False
olora,natural_vqav2,vqav2_117374000,True,True,True,False,False,False
olora,natural_vqav2,vqav2_214349000,True,True,True,False,False,False
olora,natural_vqav2,vqav2_365385000,True,True,True,False,False,False
olora,natural_vqav2,vqav2_51500000,True,True,True,False,False,False
olora,natural_vqav2,vqav2_111086000,True,True,True,False,False,False
olora,natural_vqav2,vqav2_543719000,True,True,True,False,False,False
olora,natural_vqav2,vqav2_262987000,True,True,True,False,False,False
olora,natural_vqav2,vqav2_484938000,True,True,True,False,False,False
olora,natural_vqav2,vqav2_27440000,False,False,False,False,False,False
olora,natural_vqav2,vqav2_120285000,True,True,True,False,False,False
olora,natural_vqav2,vqav2_120388000,True,True,True,False,False,False
olora,natural_vqav2,vqav2_522443000,False,True,True,True,False,True
olora,natural_vqav2,vqav2_489248000,True,True,True,False,False,False
olora,natural_vqav2,vqav2_354278000,True,True,True,False,False,False
olora,natural_vqav2,vqav2_194411000,True,True,True,False,False,False
olora,natural_vqav2,vqav2_494855000,True,True,True,False,False,False
olora,natural_vqav2,vqav2_563605000,True,True,True,False,False,False
olora,natural_vqav2,vqav2_574402000,True,True,True,False,False,False
olora,natural_vqav2,vqav2_518249000,False,False,False,False,False,False
olora,natural_vqav2,vqav2_468121000,False,True,True,True,False,True
olora,natural_vqav2,vqav2_194216000,True,True,True,False,False,False
olora,natural_vqav2,vqav2_337180000,False,False,False,False,False,False
olora,natural_vqav2,vqav2_417410000,True,True,True,False,False,False
olora,natural_vqav2,vqav2_418070000,True,True,True,False,False,False
olora,natural_vqav2,vqav2_402410000,True,True,True,False,False,False
olora,natural_vqav2,vqav2_491947000,True,True,True,False,False,False
olora,natural_vqav2,vqav2_430467000,True,True,True,False,False,False
olora,natural_vqav2,vqav2_160820000,True,True,True,False,False,False
olora,natural_vqav2,vqav2_268018000,True,True,True,False,False,False
olora,natural_vqav2,vqav2_162685000,True,True,True,False,False,False
olora,natural_vqav2,vqav2_213453000,True,True,True,False,False,False
olora,natural_vqav2,vqav2_134290000,True,True,True,False,False,False
olora,natural_vqav2,vqav2_118507000,True,True,True,False,False,False
olora,natural_vqav2,vqav2_80974000,True,True,True,False,False,False
olora,natural_vqav2,vqav2_87419000,False,False,False,False,False,False
olora,natural_vqav2,vqav2_349616000,True,True,True,False,False,False
olora,natural_vqav2,vqav2_253421000,True,True,True,False,False,False
olora,natural_vqav2,vqav2_191687000,False,True,True,True,False,True
olora,natural_vqav2,vqav2_279176000,True,True,True,False,False,False
olora,natural_vqav2,vqav2_505818000,True,True,True,False,False,False
olora,natural_vqav2,vqav2_154057000,True,True,True,False,False,False
olora,natural_vqav2,vqav2_324500000,True,True,True,False,False,False
olora,natural_vqav2,vqav2_555942000,False,False,False,False,False,False
olora,medical_vqa_rad,vqarad_0001,False,True,True,True,False,True
olora,medical_vqa_rad,vqarad_0002,True,True,True,False,False,False
olora,medical_vqa_rad,vqarad_0004,True,True,True,False,False,False
olora,medical_vqa_rad,vqarad_0012,True,True,True,False,False,False
olora,medical_vqa_rad,vqarad_0018,True,True,True,False,False,False
olora,medical_vqa_rad,vqarad_0019,False,False,False,False,False,False
olora,medical_vqa_rad,vqarad_0025,True,True,True,False,False,False
olora,medical_vqa_rad,vqarad_0033,True,True,True,False,False,False
olora,medical_vqa_rad,vqarad_0034,True,True,True,False,False,False
olora,medical_vqa_rad,vqarad_0035,False,False,False,False,False,False
olora,medical_vqa_rad,vqarad_0036,False,False,False,False,False,False
olora,medical_vqa_rad,vqarad_0039,False,False,False,False,False,False
olora,medical_vqa_rad,vqarad_0040,True,True,True,False,False,False
olora,medical_vqa_rad,vqarad_0043,True,True,True,False,False,False
olora,medical_vqa_rad,vqarad_0044,True,False,False,False,True,False
olora,medical_vqa_rad,vqarad_0047,False,False,False,False,False,False
olora,medical_vqa_rad,vqarad_0048,False,False,False,False,False,False
olora,medical_vqa_rad,vqarad_0056,False,False,False,False,False,False
olora,medical_vqa_rad,vqarad_0057,False,False,False,False,False,False
olora,medical_vqa_rad,vqarad_0060,False,False,False,False,False,False
olora,medical_vqa_rad,vqarad_0061,True,True,True,False,False,False
olora,medical_vqa_rad,vqarad_0071,True,False,False,False,True,False
olora,medical_vqa_rad,vqarad_0072,True,False,False,False,True,False
olora,medical_vqa_rad,vqarad_0082,True,True,True,False,False,False
olora,medical_vqa_rad,vqarad_0083,False,False,False,False,False,False
olora,medical_vqa_rad,vqarad_0084,True,True,True,False,False,False
olora,medical_vqa_rad,vqarad_0085,True,True,True,False,False,False
olora,medical_vqa_rad,vqarad_0122,True,True,True,False,False,False
olora,medical_vqa_rad,vqarad_0125,True,True,True,False,False,False
olora,medical_vqa_rad,vqarad_0126,False,False,False,False,False,False
olora,medical_vqa_rad,vqarad_0130,True,True,True,False,False,False
olora,medical_vqa_rad,vqarad_0131,False,False,False,False,False,False
olora,medical_vqa_rad,vqarad_0142,True,True,True,False,False,False
olora,medical_vqa_rad,vqarad_0147,False,False,False,False,False,False
olora,medical_vqa_rad,vqarad_0148,True,False,False,False,True,False
olora,medical_vqa_rad,vqarad_0151,True,True,True,False,False,False
olora,medical_vqa_rad,vqarad_0152,True,True,True,False,False,False
olora,medical_vqa_rad,vqarad_0153,True,False,False,False,True,False
olora,medical_vqa_rad,vqarad_0154,True,True,True,False,False,False
olora,medical_vqa_rad,vqarad_0164,True,True,True,False,False,False
olora,medical_vqa_rad,vqarad_0203,True,False,False,False,True,False
olora,medical_vqa_rad,vqarad_0204,True,True,True,False,False,False
olora,medical_vqa_rad,vqarad_0296,False,False,False,False,False,False
olora,medical_vqa_rad,vqarad_0297,False,False,False,False,False,False
olora,medical_vqa_rad,vqarad_0310,False,False,False,False,False,False
olora,medical_vqa_rad,vqarad_0311,False,False,False,False,False,False
olora,medical_vqa_rad,vqarad_0322,False,True,True,True,False,True
olora,medical_vqa_rad,vqarad_0323,False,False,False,False,False,False
olora,medical_vqa_rad,vqarad_0324,False,False,False,False,False,False
olora,medical_vqa_rad,vqarad_0325,True,True,True,False,False,False
olora,medical_vqa_rad,vqarad_0326,True,True,True,False,False,False
olora,medical_vqa_rad,vqarad_0327,True,True,True,False,False,False
olora,medical_vqa_rad,vqarad_0328,True,True,True,False,False,False
olora,medical_vqa_rad,vqarad_0331,False,False,False,False,False,False
olora,medical_vqa_rad,vqarad_0332,True,True,True,False,False,False
olora,medical_vqa_rad,vqarad_0352,False,False,False,False,False,False
olora,medical_vqa_rad,vqarad_0353,True,True,True,False,False,False
olora,medical_vqa_rad,vqarad_0354,True,True,True,False,False,False
olora,medical_vqa_rad,vqarad_0355,False,True,True,True,False,True
olora,medical_vqa_rad,vqarad_0356,False,True,True,True,False,True
olora,medical_vqa_rad,vqarad_0357,False,True,True,True,False,True
olora,medical_vqa_rad,vqarad_0358,True,False,False,False,True,False
olora,medical_vqa_rad,vqarad_0359,False,False,False,False,False,False
olora,medical_vqa_rad,vqarad_0360,False,False,False,False,False,False
olora,medical_vqa_rad,vqarad_0361,False,False,False,False,False,False
olora,medical_vqa_rad,vqarad_0362,True,True,True,False,False,False
olora,medical_vqa_rad,vqarad_0370,True,True,True,False,False,False
olora,medical_vqa_rad,vqarad_0371,False,False,False,False,False,False
olora,medical_vqa_rad,vqarad_0374,False,True,True,True,False,True
olora,medical_vqa_rad,vqarad_0375,False,False,False,False,False,False
olora,medical_vqa_rad,vqarad_0376,True,True,True,False,False,False
olora,medical_vqa_rad,vqarad_0377,True,True,True,False,False,False
olora,medical_vqa_rad,vqarad_0380,False,False,False,False,False,False
olora,medical_vqa_rad,vqarad_0398,True,True,True,False,False,False
olora,medical_vqa_rad,vqarad_0399,False,False,False,False,False,False
olora,medical_vqa_rad,vqarad_0400,False,False,False,False,False,False
olora,medical_vqa_rad,vqarad_0407,False,True,True,True,False,True
olora,medical_vqa_rad,vqarad_0408,False,False,False,False,False,False
olora,medical_vqa_rad,vqarad_0409,False,False,False,False,False,False
olora,medical_vqa_rad,vqarad_0412,False,True,True,True,False,True
olora,medical_vqa_rad,vqarad_0418,False,False,False,False,False,False
olora,medical_vqa_rad,vqarad_0419,True,True,True,False,False,False
olora,medical_vqa_rad,vqarad_0420,False,False,False,False,False,False
olora,medical_vqa_rad,vqarad_0421,False,False,False,False,False,False
olora,medical_vqa_rad,vqarad_0422,False,False,False,False,False,False
olora,medical_vqa_rad,vqarad_0423,False,False,False,False,False,False
olora,medical_vqa_rad,vqarad_0430,True,True,True,False,False,False
olora,medical_vqa_rad,vqarad_0431,True,True,True,False,False,False
olora,medical_vqa_rad,vqarad_0436,False,True,True,True,False,True
olora,medical_vqa_rad,vqarad_0437,True,True,True,False,False,False
olora,medical_vqa_rad,vqarad_0447,False,False,False,False,False,False
olora,medical_vqa_rad,vqarad_0448,False,True,True,True,False,True
olora,medical_vqa_rad,vqarad_0454,False,False,False,False,False,False
olora,medical_vqa_rad,vqarad_0455,False,False,False,False,False,False
olora,medical_vqa_rad,vqarad_0461,False,False,False,False,False,False
olora,medical_vqa_rad,vqarad_0463,False,False,False,False,False,False
olora,medical_vqa_rad,vqarad_0467,False,False,False,False,False,False
olora,medical_vqa_rad,vqarad_0468,False,False,False,False,False,False
olora,medical_vqa_rad,vqarad_0471,False,True,True,True,False,True
olora,medical_vqa_rad,vqarad_0473,False,True,True,True,False,True
olora,medical_vqa_rad,vqarad_0480,False,True,True,True,False,True
olora,medical_vqa_rad,vqarad_0481,False,False,False,False,False,False
olora,medical_vqa_rad,vqarad_0485,False,True,True,True,False,True
olora,medical_vqa_rad,vqarad_0487,False,False,False,False,False,False
olora,medical_vqa_rad,vqarad_0489,False,False,False,False,False,False
olora,medical_vqa_rad,vqarad_0492,False,True,True,True,False,True
olora,medical_vqa_rad,vqarad_0494,False,True,True,True,False,True
olora,medical_vqa_rad,vqarad_0497,False,False,False,False,False,False
olora,medical_vqa_rad,vqarad_0499,False,True,True,True,False,True
olora,medical_vqa_rad,vqarad_0502,True,True,True,False,False,False
olora,medical_vqa_rad,vqarad_0503,False,True,True,True,False,True
olora,medical_vqa_rad,vqarad_0504,False,False,False,False,False,False
olora,medical_vqa_rad,vqarad_0516,True,False,False,False,True,False
olora,medical_vqa_rad,vqarad_0517,False,False,False,False,False,False
olora,medical_vqa_rad,vqarad_0528,False,False,False,False,False,False
olora,medical_vqa_rad,vqarad_0529,False,False,False,False,False,False
olora,medical_vqa_rad,vqarad_0536,False,False,False,False,False,False
olora,medical_vqa_rad,vqarad_0539,True,True,True,False,False,False
olora,medical_vqa_rad,vqarad_0546,False,False,False,False,False,False
olora,medical_vqa_rad,vqarad_0547,False,False,False,False,False,False
olora,medical_vqa_rad,vqarad_0550,True,True,True,False,False,False
olora,medical_vqa_rad,vqarad_0560,False,False,False,False,False,False
olora,medical_vqa_rad,vqarad_0561,False,False,False,False,False,False
olora,medical_vqa_rad,vqarad_0562,False,True,True,True,False,True
olora,medical_vqa_rad,vqarad_0563,False,True,True,True,False,True
olora,medical_vqa_rad,vqarad_0565,False,False,False,False,False,False
olora,medical_vqa_rad,vqarad_0566,False,False,False,False,False,False
olora,medical_vqa_rad,vqarad_0571,False,False,False,False,False,False
olora,medical_vqa_rad,vqarad_0574,False,False,False,False,False,False
olora,medical_vqa_rad,vqarad_0577,False,False,False,False,False,False
olora,medical_vqa_rad,vqarad_0578,True,True,True,False,False,False
olora,medical_vqa_rad,vqarad_0583,True,True,True,False,False,False
olora,medical_vqa_rad,vqarad_0584,False,False,False,False,False,False
olora,medical_vqa_rad,vqarad_0588,False,False,False,False,False,False
olora,medical_vqa_rad,vqarad_0589,False,False,False,False,False,False
olora,medical_vqa_rad,vqarad_0594,False,False,False,False,False,False
olora,medical_vqa_rad,vqarad_0595,True,False,False,False,True,False
olora,medical_vqa_rad,vqarad_0600,True,True,True,False,False,False
olora,medical_vqa_rad,vqarad_0601,True,False,False,False,True,False
olora,medical_vqa_rad,vqarad_0604,False,False,False,False,False,False
olora,medical_vqa_rad,vqarad_0605,False,False,False,False,False,False
olora,medical_vqa_rad,vqarad_0606,False,False,False,False,False,False
olora,medical_vqa_rad,vqarad_0618,True,False,False,False,True,False
olora,medical_vqa_rad,vqarad_0619,True,True,True,False,False,False
olora,medical_vqa_rad,vqarad_0640,True,True,True,False,False,False
olora,medical_vqa_rad,vqarad_0641,True,True,True,False,False,False
olora,medical_vqa_rad,vqarad_0661,False,False,False,False,False,False
olora,medical_vqa_rad,vqarad_0662,False,False,False,False,False,False
olora,medical_vqa_rad,vqarad_0676,True,True,True,False,False,False
olora,medical_vqa_rad,vqarad_0677,True,True,True,False,False,False
olora,medical_vqa_rad,vqarad_0746,True,True,True,False,False,False
olora,medical_vqa_rad,vqarad_0747,True,True,True,False,False,False
olora,medical_vqa_rad,vqarad_0773,False,False,False,False,False,False
olora,medical_vqa_rad,vqarad_0774,False,False,False,False,False,False
olora,medical_vqa_rad,vqarad_0779,True,True,True,False,False,False
olora,medical_vqa_rad,vqarad_0782,True,True,True,False,False,False
olora,medical_vqa_rad,vqarad_0783,False,False,False,False,False,False
olora,medical_vqa_rad,vqarad_0784,False,False,False,False,False,False
olora,medical_vqa_rad,vqarad_0788,True,True,True,False,False,False
olora,medical_vqa_rad,vqarad_0798,False,False,False,False,False,False
olora,medical_vqa_rad,vqarad_0800,False,False,False,False,False,False
olora,medical_vqa_rad,vqarad_0804,False,True,True,True,False,True
olora,medical_vqa_rad,vqarad_0808,True,True,True,False,False,False
olora,medical_vqa_rad,vqarad_0819,True,False,False,False,True,False
olora,medical_vqa_rad,vqarad_0820,False,False,False,False,False,False
olora,medical_vqa_rad,vqarad_0822,False,False,False,False,False,False
olora,medical_vqa_rad,vqarad_0825,False,False,False,False,False,False
olora,medical_vqa_rad,vqarad_0836,True,True,True,False,False,False
olora,medical_vqa_rad,vqarad_0843,True,True,True,False,False,False
olora,medical_vqa_rad,vqarad_0847,False,False,False,False,False,False
olora,medical_vqa_rad,vqarad_0857,True,True,True,False,False,False
olora,medical_vqa_rad,vqarad_0858,True,True,True,False,False,False
olora,medical_vqa_rad,vqarad_0862,False,False,False,False,False,False
olora,medical_vqa_rad,vqarad_0863,True,True,True,False,False,False
olora,medical_vqa_rad,vqarad_0864,True,True,True,False,False,False
olora,medical_vqa_rad,vqarad_0867,True,False,False,False,True,False
olora,medical_vqa_rad,vqarad_0868,True,True,True,False,False,False
olora,medical_vqa_rad,vqarad_0872,True,True,True,False,False,False
olora,medical_vqa_rad,vqarad_0873,True,True,True,False,False,False
olora,medical_vqa_rad,vqarad_0874,False,False,False,False,False,False
olora,medical_vqa_rad,vqarad_0875,False,False,False,False,False,False
olora,medical_vqa_rad,vqarad_0877,False,False,False,False,False,False
olora,medical_vqa_rad,vqarad_0878,False,False,False,False,False,False
olora,medical_vqa_rad,vqarad_0879,True,True,True,False,False,False
olora,medical_vqa_rad,vqarad_0880,True,True,True,False,False,False
olora,medical_vqa_rad,vqarad_0887,True,True,True,False,False,False
olora,medical_vqa_rad,vqarad_0888,True,True,True,False,False,False
olora,medical_vqa_rad,vqarad_0889,False,False,False,False,False,False
olora,medical_vqa_rad,vqarad_0890,False,False,False,False,False,False
olora,medical_vqa_rad,vqarad_0892,False,False,False,False,False,False
olora,medical_vqa_rad,vqarad_0893,True,True,True,False,False,False
olora,medical_vqa_rad,vqarad_0894,False,False,False,False,False,False
olora,medical_vqa_rad,vqarad_0895,False,False,False,False,False,False
olora,medical_vqa_rad,vqarad_0905,False,False,False,False,False,False
olora,medical_vqa_rad,vqarad_0906,False,False,False,False,False,False
olora,medical_vqa_rad,vqarad_0911,False,False,False,False,False,False
olora,medical_vqa_rad,vqarad_0912,False,True,True,True,False,True
olora,medical_vqa_rad,vqarad_0913,True,False,False,False,True,False
olora,medical_vqa_rad,vqarad_0914,True,True,True,False,False,False
olora,medical_vqa_rad,vqarad_0922,False,False,False,False,False,False
sapt_lora,task1290_xsum_summarization,task1290-fdb2129f72f349019654d8b07a72c90b,False,False,False,False,False,False
sapt_lora,task1290_xsum_summarization,task1290-ebf1832abdd1479b8ee9fcf3a9ddad84,False,False,False,False,False,False
sapt_lora,task1290_xsum_summarization,task1290-908f5b6e8f714a9e8cf226c9303ae074,False,False,False,False,False,False
sapt_lora,task1290_xsum_summarization,task1290-8fcb0d0f42ce491c8c26baa4090b5d00,False,False,False,False,False,False
sapt_lora,task1290_xsum_summarization,task1290-264c5d1f35d546a0abffd668684c3eb6,False,False,False,False,False,False
sapt_lora,task1290_xsum_summarization,task1290-acf53ae7c73d48ccb46c264f070308fb,False,False,False,False,False,False
sapt_lora,task1290_xsum_summarization,task1290-38e22ce36ed04b9c95ad45c91495d57b,False,False,False,False,False,False
sapt_lora,task1290_xsum_summarization,task1290-91063a310a5242aba64c62adc6514565,False,False,False,False,False,False
sapt_lora,task1290_xsum_summarization,task1290-8fbd6aa0bb204c58aef029d14b54bb60,False,False,False,False,False,False
sapt_lora,task1290_xsum_summarization,task1290-4f9dd4339fd648518c6dbdfbf8826c3e,False,False,False,False,False,False
sapt_lora,task1290_xsum_summarization,task1290-dea89c3b49224003a3056f18aef02d08,False,False,False,False,False,False
sapt_lora,task1290_xsum_summarization,task1290-7c6c19d9966e4dd482653550bc03b5eb,False,False,False,False,False,False
sapt_lora,task1290_xsum_summarization,task1290-804adda5203a46c0ae1f65da8d5f98dc,False,False,False,False,False,False
sapt_lora,task1290_xsum_summarization,task1290-aec925c965a349f29656d100705dc4f7,False,False,False,False,False,False
sapt_lora,task1290_xsum_summarization,task1290-f588ad4056724f37a381fdd408381ed1,False,False,False,False,False,False
sapt_lora,task1290_xsum_summarization,task1290-3b8564da3b5e4c969c4fa09eacf82526,False,False,False,False,False,False
sapt_lora,task1290_xsum_summarization,task1290-51e5abd9933b43e2a1a8c9d7938cb80c,False,False,False,False,False,False
sapt_lora,task1290_xsum_summarization,task1290-6c2ce0e3760d4bdcac8da4bd11cd04f8,False,False,False,False,False,False
sapt_lora,task1290_xsum_summarization,task1290-c1352fd3f1704fe0b6b3e5ac74755271,False,False,False,False,False,False
sapt_lora,task1290_xsum_summarization,task1290-d4ab34985ec348608da84111dc98a1e0,False,False,False,False,False,False
sapt_lora,task1290_xsum_summarization,task1290-b27482aeffed40e8baa7205400cf0902,False,False,False,False,False,False
sapt_lora,task1290_xsum_summarization,task1290-8e16e18e7c2c4a2abf589a30a58ce44f,False,False,False,False,False,False
sapt_lora,task1290_xsum_summarization,task1290-43b57c60a32e4e96a3c5c382bf4c3fdf,False,False,False,False,False,False
sapt_lora,task1290_xsum_summarization,task1290-e28e3d5c2f7640ec868dd5acc78c6f1c,False,False,False,False,False,False
sapt_lora,task1290_xsum_summarization,task1290-377a8646f1aa458f940328882e6b1d4c,False,False,False,False,False,False
sapt_lora,task1290_xsum_summarization,task1290-ddf3c4bf88f54a1ba5f73679ec1fad3b,False,False,False,False,False,False
sapt_lora,task1290_xsum_summarization,task1290-9f9ad67693404af68897617d2cf85188,False,False,False,False,False,False
sapt_lora,task1290_xsum_summarization,task1290-d2605bed7cbd454f8b3033bc1d9ccc42,False,False,False,False,False,False
sapt_lora,task1290_xsum_summarization,task1290-6c26509571564062b346e51b5c49fd55,False,False,False,False,False,False
sapt_lora,task1290_xsum_summarization,task1290-f901e31b75894a728f6255ec66869e12,False,False,False,False,False,False
sapt_lora,task1290_xsum_summarization,task1290-4af2e0015a5444c2bf03582429dba136,False,False,False,False,False,False
sapt_lora,task1290_xsum_summarization,task1290-b588390b353b407cb67fa70d180946d1,False,False,False,False,False,False
sapt_lora,task1290_xsum_summarization,task1290-cefe78e33f6249e6be3c2a667aae2414,False,False,False,False,False,False
sapt_lora,task1290_xsum_summarization,task1290-0ac5d47a1c86431daa02ea07cb01e9f3,False,False,False,False,False,False
sapt_lora,task1290_xsum_summarization,task1290-cdc5e91285e84821853520a4cebbf7c2,False,False,False,False,False,False
sapt_lora,task1290_xsum_summarization,task1290-81d498b1319348ddb344450afbbc04d0,False,False,False,False,False,False
sapt_lora,task1290_xsum_summarization,task1290-d757a42880014632ac8ea83041c8c6e2,False,False,False,False,False,False
sapt_lora,task1290_xsum_summarization,task1290-16420efa9a924dafb709ec52b5b28e4e,False,False,False,False,False,False
sapt_lora,task1290_xsum_summarization,task1290-8f058b22b08345019d3ef7d589776526,False,False,False,False,False,False
sapt_lora,task1290_xsum_summarization,task1290-e2462ac8e12942ce97e8ab632df1f0f5,False,False,False,False,False,False
sapt_lora,task1290_xsum_summarization,task1290-fd12777d58c44247ad48596830de976a,False,False,False,False,False,False
sapt_lora,task1290_xsum_summarization,task1290-e12c0dd28f6e4b9eacb3ca8016514049,False,False,False,False,False,False
sapt_lora,task1290_xsum_summarization,task1290-16cefb6f74884722a80a71e93ed6b46c,False,False,False,False,False,False
sapt_lora,task1290_xsum_summarization,task1290-d00a8f3ab7dd40f0adbb9999939a2f30,False,False,False,False,False,False
sapt_lora,task1290_xsum_summarization,task1290-7cd12bceda2b46b2bdd507d09295b99a,False,False,False,False,False,False
sapt_lora,task1290_xsum_summarization,task1290-02937978ec544c8d9c396b5e36b2d51e,False,False,False,False,False,False
sapt_lora,task1290_xsum_summarization,task1290-7b91ae37843b48c396c31dfb13bdf2c2,False,False,False,False,False,False
sapt_lora,task1290_xsum_summarization,task1290-3c395192b2b44322888947aabcf4c800,False,False,False,False,False,False
sapt_lora,task1290_xsum_summarization,task1290-d8363d05f99941fba72091ba7f0c2141,False,False,False,False,False,False
sapt_lora,task1290_xsum_summarization,task1290-7bff74964f564bf7bc4fe515552323f1,False,False,False,False,False,False
sapt_lora,task1290_xsum_summarization,task1290-bd7ca55c95924ac3adda5bc242771e18,False,False,False,False,False,False
sapt_lora,task1290_xsum_summarization,task1290-ed2df910f427439996ad3ab77ab418a3,False,False,False,False,False,False
sapt_lora,task1290_xsum_summarization,task1290-ac0d5d2d55794e8a89ab4ee3fd5f7311,False,False,False,False,False,False
sapt_lora,task1290_xsum_summarization,task1290-b50d32311d354d15bf52b908af2ae201,False,False,False,False,False,False
sapt_lora,task1290_xsum_summarization,task1290-1dcd699df8c84df187ce253e7be2d7b9,False,False,False,False,False,False
sapt_lora,task1290_xsum_summarization,task1290-0fe86bbf9f8e4cd7964ddc119cd2f4a6,False,False,False,False,False,False
sapt_lora,task1290_xsum_summarization,task1290-a3e7a1dd58d24bc2b539b006e8564958,False,False,False,False,False,False
sapt_lora,task1290_xsum_summarization,task1290-197db0fa09d54d6883421c51aceded28,False,False,False,False,False,False
sapt_lora,task1290_xsum_summarization,task1290-9fe97bfb40e946c89c10b8fb54c3083e,False,False,False,False,False,False
sapt_lora,task1290_xsum_summarization,task1290-e29d7e12209a40e8b50a6a042ddbab48,False,False,False,False,False,False
sapt_lora,task1290_xsum_summarization,task1290-14240392805848619848e878968229ad,False,False,False,False,False,False
sapt_lora,task1290_xsum_summarization,task1290-c3f597541c804066ba54ef34050deaf1,False,False,False,False,False,False
sapt_lora,task1290_xsum_summarization,task1290-829a68d344334b85be2b4c57cb575fec,False,False,False,False,False,False
sapt_lora,task1290_xsum_summarization,task1290-75b9abb2eeb74e7fba55365968f51a88,False,False,False,False,False,False
sapt_lora,task1290_xsum_summarization,task1290-ec87879c3c7c4c7789c710801ed95ff4,False,False,False,False,False,False
sapt_lora,task1290_xsum_summarization,task1290-c636fecf2ce04e1fba553a8e0d66dd19,False,False,False,False,False,False
sapt_lora,task1290_xsum_summarization,task1290-3c04936501ea47edbec7559b02434d65,False,False,False,False,False,False
sapt_lora,task1290_xsum_summarization,task1290-eae4271d99f04459ab84d2c12c280c17,False,False,False,False,False,False
sapt_lora,task1290_xsum_summarization,task1290-a2e3572db7e640fea8b74561e9baacec,False,False,False,False,False,False
sapt_lora,task1290_xsum_summarization,task1290-526acbb967724cfbbc2803c32479e488,False,False,False,False,False,False
sapt_lora,task1290_xsum_summarization,task1290-58162c2430944e4d8b646eb47978eb9d,False,False,False,False,False,False
sapt_lora,task1290_xsum_summarization,task1290-13937d0f164749ea80908aa9f622bd2d,False,False,False,False,False,False
sapt_lora,task1290_xsum_summarization,task1290-890ad531ac27472e9bf7b5db4cc84399,False,False,False,False,False,False
sapt_lora,task1290_xsum_summarization,task1290-37fee3aebad74b5a94e48278ad738d39,False,False,False,False,False,False
sapt_lora,task1290_xsum_summarization,task1290-25581e7c99144a2f89f0097e983bf2c0,False,False,False,False,False,False
sapt_lora,task1290_xsum_summarization,task1290-75a9003cbca64c35a99db5a1d3e4389a,False,False,False,False,False,False
sapt_lora,task1290_xsum_summarization,task1290-b45ad745b83b4f76b63297da162434af,False,False,False,False,False,False
sapt_lora,task1290_xsum_summarization,task1290-9bedfbddee464744863386b71a834b9a,False,False,False,False,False,False
sapt_lora,task1290_xsum_summarization,task1290-6bd28d25d8c94322836b3706f9844882,False,False,False,False,False,False
sapt_lora,task1290_xsum_summarization,task1290-22ffdf5b3fc0437b9fb8f4b4958d8802,False,False,False,False,False,False
sapt_lora,task1290_xsum_summarization,task1290-040a6e80186040f6936f2226a5c120df,False,False,False,False,False,False
sapt_lora,task1290_xsum_summarization,task1290-21f54e39e2af401ca41bd50435140056,False,False,False,False,False,False
sapt_lora,task1290_xsum_summarization,task1290-04955c67fb3c49bca6f9352619f5e329,False,False,False,False,False,False
sapt_lora,task1290_xsum_summarization,task1290-36d899284b614d7bb22d817d4caba19f,False,False,False,False,False,False
sapt_lora,task1290_xsum_summarization,task1290-d5d552ae1dd944c2b84fc5f6dbbb3b82,False,False,False,False,False,False
sapt_lora,task1290_xsum_summarization,task1290-e9dd35e45c144049853388aef77439cf,False,False,False,False,False,False
sapt_lora,task1290_xsum_summarization,task1290-65dc84e019554f9fa158caf2ec680efc,False,False,False,False,False,False
sapt_lora,task1290_xsum_summarization,task1290-44ca4eb326264a80aaef7f57f1587250,False,False,False,False,False,False
sapt_lora,task1290_xsum_summarization,task1290-ee3ae31ce3b5488789fa904fd8bb1c4c,False,False,False,False,False,False
sapt_lora,task1290_xsum_summarization,task1290-7859fbc7c3b14ab5804fd3e7383b1432,False,False,False,False,False,False
sapt_lora,task1290_xsum_summarization,task1290-f0b270e61157448b954148f19bc34c8a,False,False,False,False,False,False
sapt_lora,task1290_xsum_summarization,task1290-694975a3433c4fd2b4e69074df04600b,False,False,False,False,False,False
sapt_lora,task1290_xsum_summarization,task1290-a28263a584b54dc990fe5f4dd7c7db38,False,False,False,False,False,False
sapt_lora,task1290_xsum_summarization,task1290-af24d4d3b51d4c6890052002d5aa4d1d,False,False,False,False,False,False
sapt_lora,task1290_xsum_summarization,task1290-877d67b64d7441b899d4b4854e44511b,False,False,False,False,False,False
sapt_lora,task1290_xsum_summarization,task1290-c47e509ec8454f88800b95a923e65b0a,False,False,False,False,False,False
sapt_lora,task1290_xsum_summarization,task1290-67dfb83529404bd9bf9d0dc79e0d0692,False,False,False,False,False,False
sapt_lora,task1290_xsum_summarization,task1290-59052c1538344a77bb8f3d208de05bbf,False,False,False,False,False,False
sapt_lora,task1290_xsum_summarization,task1290-c12318eea230433aa07f65d9eed719f8,False,False,False,False,False,False
sapt_lora,task1290_xsum_summarization,task1290-100b56d691c64e958a3f8d608456b9cd,False,False,False,False,False,False
sapt_lora,task1290_xsum_summarization,task1290-c1dfbc6d44a74903a2a9a0997f833eec,False,False,False,False,False,False
sapt_lora,task1290_xsum_summarization,task1290-bedbf90552384503841e74b9be6d4333,False,False,False,False,False,False
sapt_lora,task1290_xsum_summarization,task1290-52cf6bf2f2d34ec8b4f82a59ea9ea357,False,False,False,False,False,False
sapt_lora,task1290_xsum_summarization,task1290-ac2eb0dd930047d49c93a658476e8036,False,False,False,False,False,False
sapt_lora,task1290_xsum_summarization,task1290-aae409daed594d75b523ff4d56e11b8c,False,False,False,False,False,False
sapt_lora,task1290_xsum_summarization,task1290-b270a403a30e4250b39135fbabf55929,False,False,False,False,False,False
sapt_lora,task1290_xsum_summarization,task1290-4ab16092f5a544e9bb60374180be93d5,False,False,False,False,False,False
sapt_lora,task1290_xsum_summarization,task1290-a21529c77f7247ea90baec3f17847d3f,False,False,False,False,False,False
sapt_lora,task1290_xsum_summarization,task1290-97256b4efed34b899549c0ad09c526fd,False,False,False,False,False,False
sapt_lora,task1290_xsum_summarization,task1290-30ba6122b5a443849f1fdf4526faba2a,False,False,False,False,False,False
sapt_lora,task1290_xsum_summarization,task1290-e071e85a39ad4e55978655948c4b37d1,False,False,False,False,False,False
sapt_lora,task1290_xsum_summarization,task1290-42481a6ac9ff456393e28392f2456f79,False,False,False,False,False,False
sapt_lora,task1290_xsum_summarization,task1290-4cb32077efb2446bbd0b524d30c78f6a,False,False,False,False,False,False
sapt_lora,task1290_xsum_summarization,task1290-76e58b4d4d964b80ab22b3df48230b77,False,False,False,False,False,False
sapt_lora,task1290_xsum_summarization,task1290-c5c1e995c08b4207849ba190adece8bf,False,False,False,False,False,False
sapt_lora,task1290_xsum_summarization,task1290-6195c762ef494028b59db6dbaef13db7,False,False,False,False,False,False
sapt_lora,task1290_xsum_summarization,task1290-dd3dcea5ebbf4819967cf5ccf3577cc7,False,False,False,False,False,False
sapt_lora,task1290_xsum_summarization,task1290-bf5c8713eaf84404873581e3b45a232d,False,False,False,False,False,False
sapt_lora,task1290_xsum_summarization,task1290-8dc390967a60464ab0d49b33b2c3e783,False,False,False,False,False,False
sapt_lora,task1290_xsum_summarization,task1290-9e5b3c1154a54717b66ef028a9985ab7,False,False,False,False,False,False
sapt_lora,task1290_xsum_summarization,task1290-6e91abb4ea3c4154af2a16168d16fc1c,False,False,False,False,False,False
sapt_lora,task1290_xsum_summarization,task1290-81e1873b6e1844c98f465161f3c95ac7,False,False,False,False,False,False
sapt_lora,task1290_xsum_summarization,task1290-26df0fb266d1425bb34d26b71f2ca439,False,False,False,False,False,False
sapt_lora,task1290_xsum_summarization,task1290-9f00586963a3412eb98d0d0a120f3e2c,False,False,False,False,False,False
sapt_lora,task1290_xsum_summarization,task1290-bb2da0b66db1492c8ac43e4b5adca9f5,False,False,False,False,False,False
sapt_lora,task1290_xsum_summarization,task1290-3c6aade09f604e54bae17facbb540a51,False,False,False,False,False,False
sapt_lora,task1290_xsum_summarization,task1290-9d1c440b88b340c2944aecbc2b49946b,False,False,False,False,False,False
sapt_lora,task1290_xsum_summarization,task1290-0306aca0172d452ca05fd70be1bbcc37,False,False,False,False,False,False
sapt_lora,task1290_xsum_summarization,task1290-b8e42481886c4b5b9a55775b38bfd9a2,False,False,False,False,False,False
sapt_lora,task1290_xsum_summarization,task1290-a25cbf099c194d0cb3554fbef02cc316,False,False,False,False,False,False
sapt_lora,task1290_xsum_summarization,task1290-9dc50651e9144243b1994fc356683d86,False,False,False,False,False,False
sapt_lora,task1290_xsum_summarization,task1290-d07bc313b2a947188164f5c620d66e65,False,False,False,False,False,False
sapt_lora,task1290_xsum_summarization,task1290-3e1606f53365434f90bb9bee11feb631,False,False,False,False,False,False
sapt_lora,task1290_xsum_summarization,task1290-a6d4f2f5fd25420786a807d992dbc841,False,False,False,False,False,False
sapt_lora,task1290_xsum_summarization,task1290-243170f64ffd4282a5340447f2e41328,False,False,False,False,False,False
sapt_lora,task1290_xsum_summarization,task1290-a4e0f7bfeb52441ab49f860f976ed9c3,False,False,False,False,False,False
sapt_lora,task1290_xsum_summarization,task1290-e97dde4bfb1f40059b026e6cd65ee667,False,False,False,False,False,False
sapt_lora,task1290_xsum_summarization,task1290-100f838e8bd44ccb8de9d9672a828c00,False,False,False,False,False,False
sapt_lora,task1290_xsum_summarization,task1290-de021285938d4a07a5dcd926a36ce44b,False,False,False,False,False,False
sapt_lora,task1290_xsum_summarization,task1290-5c6b602d1dd14df8b722d3784d619025,False,False,False,False,False,False
sapt_lora,task1290_xsum_summarization,task1290-379908aba50943669c384b2b795543e2,False,False,False,False,False,False
sapt_lora,task1290_xsum_summarization,task1290-31542fa1f37e40f5ae98ac497c501023,False,False,False,False,False,False
sapt_lora,task1290_xsum_summarization,task1290-831f93abc9f94cfeb9faa4d9afcc1e2f,False,False,False,False,False,False
sapt_lora,task1290_xsum_summarization,task1290-c5497ed11d33497eba14262cb4edd574,False,False,False,False,False,False
sapt_lora,task1290_xsum_summarization,task1290-87d35265478e4587b4b945725a8cada6,False,False,False,False,False,False
sapt_lora,task1290_xsum_summarization,task1290-c352c1dd10e044bbaa10cebf77b3d106,False,False,False,False,False,False
sapt_lora,task1290_xsum_summarization,task1290-3ca980f15d524af9910f293e86b6b794,False,False,False,False,False,False
sapt_lora,task1290_xsum_summarization,task1290-00615fc331d646fdac0e9098c8794ecf,False,False,False,False,False,False
sapt_lora,task1290_xsum_summarization,task1290-da93d27d0b204022a6acc3e0ab109a39,False,False,False,False,False,False
sapt_lora,task1290_xsum_summarization,task1290-79ad47f7eddd4938a03d8d24e6741182,False,False,False,False,False,False
sapt_lora,task1290_xsum_summarization,task1290-65059816726b43fe8f943b5ce09d8e94,False,False,False,False,False,False
sapt_lora,task1290_xsum_summarization,task1290-1e601041d32248e8b9a3ded893965fc8,False,False,False,False,False,False
sapt_lora,task1290_xsum_summarization,task1290-c696aa993b1d454ab0f49678833e197e,False,False,False,False,False,False
sapt_lora,task1290_xsum_summarization,task1290-47baed5be0534571b9e15c65dbb6309b,False,False,False,False,False,False
sapt_lora,task1290_xsum_summarization,task1290-83188a962763411aa5a3619f3b9bca4e,False,False,False,False,False,False
sapt_lora,task1290_xsum_summarization,task1290-9ad9adc4876f4f23bca12faef4f91430,False,False,False,False,False,False
sapt_lora,task1290_xsum_summarization,task1290-8483c373dce34c80acad3833e9674520,False,False,False,False,False,False
sapt_lora,task1290_xsum_summarization,task1290-82a1a936d386483fa6cee30e06fc55a9,False,False,False,False,False,False
sapt_lora,task1290_xsum_summarization,task1290-d46f622c3a4d4a0bad12a3422f2c2153,False,False,False,False,False,False
sapt_lora,task1290_xsum_summarization,task1290-e5d95821fd564bb79a370583f1ab1441,False,False,False,False,False,False
sapt_lora,task1290_xsum_summarization,task1290-2645486a6a634995bae64883920d4d26,False,False,False,False,False,False
sapt_lora,task1290_xsum_summarization,task1290-99026cc1c7a64bbe9c6106dbbac623be,False,False,False,False,False,False
sapt_lora,task1290_xsum_summarization,task1290-4922ab09c3124be3bb87c7beb0bca7cd,False,False,False,False,False,False
sapt_lora,task1290_xsum_summarization,task1290-9ccb317222fb472cb0012297d844b3af,False,False,False,False,False,False
sapt_lora,task1290_xsum_summarization,task1290-cc9b8f6a2f5a49258567d1a5284ff436,False,False,False,False,False,False
sapt_lora,task1290_xsum_summarization,task1290-c50bcfdbecb4468a935ed6942c5a65f1,False,False,False,False,False,False
sapt_lora,task1290_xsum_summarization,task1290-55829ec8f11845fcaf1a549ae9814d3e,False,False,False,False,False,False
sapt_lora,task1290_xsum_summarization,task1290-6244b037eb654fe4bbbdfe8cfab3ee8e,False,False,False,False,False,False
sapt_lora,task1290_xsum_summarization,task1290-3af60269e5a1435089d0e746961deb32,False,False,False,False,False,False
sapt_lora,task1290_xsum_summarization,task1290-be1878a9479f45ada29c719a879f7eab,False,False,False,False,False,False
sapt_lora,task1290_xsum_summarization,task1290-64dee6fc6b4845f7a24230e264b34371,False,False,False,False,False,False
sapt_lora,task1290_xsum_summarization,task1290-630170bee4bd4e2eba5c5996e5912a5c,False,False,False,False,False,False
sapt_lora,task1290_xsum_summarization,task1290-51889de49e2546c084cf86eaf4fce1e9,False,False,False,False,False,False
sapt_lora,task1290_xsum_summarization,task1290-d256c8cab15542308b230bc059d7c071,False,False,False,False,False,False
sapt_lora,task1290_xsum_summarization,task1290-1cc85a97d2d0466b9048aa4086101caa,False,False,False,False,False,False
sapt_lora,task1290_xsum_summarization,task1290-09e89f744f7a4e218b9e0359e357da23,False,False,False,False,False,False
sapt_lora,task1290_xsum_summarization,task1290-a94cc8e5732a40f09f6f6579f8a60e76,False,False,False,False,False,False
sapt_lora,task1290_xsum_summarization,task1290-1eeaf26d41d04cc8baeb76e27ce0d869,False,False,False,False,False,False
sapt_lora,task1290_xsum_summarization,task1290-92ffebd1396b469c869b5f7c88846a7a,False,False,False,False,False,False
sapt_lora,task1290_xsum_summarization,task1290-153b8cfb8f0c471e9fc91e3b580ed994,False,False,False,False,False,False
sapt_lora,task1290_xsum_summarization,task1290-9e13b8f8bb914af5bd71d25fd982e71d,False,False,False,False,False,False
sapt_lora,task1290_xsum_summarization,task1290-6246b2ed18314cf49fef605c8bf1f6f1,False,False,False,False,False,False
sapt_lora,task1290_xsum_summarization,task1290-a86cc10451df425c80c12f22c446d737,False,False,False,False,False,False
sapt_lora,task1290_xsum_summarization,task1290-9110c08624624535ab95fed9a39afb47,False,False,False,False,False,False
sapt_lora,task1290_xsum_summarization,task1290-7450266b2fea48ddbefc9a0036dfb6e4,False,False,False,False,False,False
sapt_lora,task1290_xsum_summarization,task1290-ab061ea6a2aa4465864a48432bcf77b6,False,False,False,False,False,False
sapt_lora,task1290_xsum_summarization,task1290-e580574107c245919ab976871c05542e,False,False,False,False,False,False
sapt_lora,task1290_xsum_summarization,task1290-3dce860be4df456a8338c5306c61f383,False,False,False,False,False,False
sapt_lora,task1290_xsum_summarization,task1290-efedc233848a4690b80b7be15bf032dd,False,False,False,False,False,False
sapt_lora,task1290_xsum_summarization,task1290-b5fd854381e34cd3bd0a0e46e511890b,False,False,False,False,False,False
sapt_lora,task1290_xsum_summarization,task1290-57f60452bed443e2adeb4bb7eb878710,False,False,False,False,False,False
sapt_lora,task1290_xsum_summarization,task1290-8ca8acebffd54e93bff9645241b1f89e,False,False,False,False,False,False
sapt_lora,task1290_xsum_summarization,task1290-990d34f780064336b056c46b81999378,False,False,False,False,False,False
sapt_lora,task1290_xsum_summarization,task1290-aa5e00c750fb40c8a263935303595f87,False,False,False,False,False,False
sapt_lora,task1290_xsum_summarization,task1290-5a4fadf655524c4ab8b26385a9d957e3,False,False,False,False,False,False
sapt_lora,task1290_xsum_summarization,task1290-a2e5bcc499c247aba3cddd68eaaf5a22,False,False,False,False,False,False
sapt_lora,task1290_xsum_summarization,task1290-2b4d2a367da946cca85a81f517bb4724,False,False,False,False,False,False
sapt_lora,task1290_xsum_summarization,task1290-604e93ae4cd44358b449ad94b5eb9842,False,False,False,False,False,False
sapt_lora,task1290_xsum_summarization,task1290-244e667305314749bfafb7c6cd3a44d2,False,False,False,False,False,False
sapt_lora,task1290_xsum_summarization,task1290-fe292d0eb4f54d71b9a6ea8c8d938636,False,False,False,False,False,False
sapt_lora,task002_quoref_answer_generation,task002-0c57e29b81724af1acd6f4265c9b2bcd,False,False,False,False,False,False
sapt_lora,task002_quoref_answer_generation,task002-d477756d7e754de299c21d4afad8ebc7,True,True,True,False,False,False
sapt_lora,task002_quoref_answer_generation,task002-a525a6838e754c22995085e767bf2ef5,False,False,False,False,False,False
sapt_lora,task002_quoref_answer_generation,task002-83fd991001cd401095a50090f2ed063b,False,False,False,False,False,False
sapt_lora,task002_quoref_answer_generation,task002-c3fa09185db34e07b43797f3a6e53a58,False,False,False,False,False,False
sapt_lora,task002_quoref_answer_generation,task002-8bcdb04ba07b466a87229e2459e38c60,True,True,True,False,False,False
sapt_lora,task002_quoref_answer_generation,task002-b19677a2783f41098df137e35d6f2ef1,False,False,False,False,False,False
sapt_lora,task002_quoref_answer_generation,task002-726a34fc0ef343f89949d3c4472c558d,False,False,False,False,False,False
sapt_lora,task002_quoref_answer_generation,task002-8dd4d88c5e4a4e04965c892aeb03a1fa,True,True,True,False,False,False
sapt_lora,task002_quoref_answer_generation,task002-f0eba447fdda49568183fd30413bb344,False,False,False,False,False,False
sapt_lora,task002_quoref_answer_generation,task002-1d0183054b744703a49ba36dff9ca885,False,False,False,False,False,False
sapt_lora,task002_quoref_answer_generation,task002-c01987a5e5ea4e3491b81f689cddeaa1,False,False,False,False,False,False
sapt_lora,task002_quoref_answer_generation,task002-151a09e26fb244a7a518fba4865d39b7,True,True,True,False,False,False
sapt_lora,task002_quoref_answer_generation,task002-47c3ddb2a6214b8e995cf5006df97979,True,True,True,False,False,False
sapt_lora,task002_quoref_answer_generation,task002-ef2f0c0a9824431892e7f2b61b070a02,True,True,True,False,False,False
sapt_lora,task002_quoref_answer_generation,task002-885c95a9bf7b44fb990d658aa8060ab9,False,False,False,False,False,False
sapt_lora,task002_quoref_answer_generation,task002-b9deb37d36b04fe9a46bba373fcd1ef7,False,False,False,False,False,False
sapt_lora,task002_quoref_answer_generation,task002-8165c3f02ba14eee98df73942ed8e436,False,False,False,False,False,False
sapt_lora,task002_quoref_answer_generation,task002-da4f3cc161e14969863c407c66d92ece,False,False,False,False,False,False
sapt_lora,task002_quoref_answer_generation,task002-6195f1b84adf477098ac756353f64935,False,False,False,False,False,False
sapt_lora,task002_quoref_answer_generation,task002-5b5f12de3c92481a842aee7d5d565c86,False,False,False,False,False,False
sapt_lora,task002_quoref_answer_generation,task002-a856e78c3b7643689790024ce76ed205,False,False,False,False,False,False
sapt_lora,task002_quoref_answer_generation,task002-723cc8b2e5b2496ca272925b9b1289f2,True,True,True,False,False,False
sapt_lora,task002_quoref_answer_generation,task002-31a3d8f55d6b4b74b1d1313977986721,True,True,True,False,False,False
sapt_lora,task002_quoref_answer_generation,task002-34fdbf4f0f87435eaf952d7f736fd92d,False,False,False,False,False,False
sapt_lora,task002_quoref_answer_generation,task002-2651b7dab0e74ea99e6b9e68a461f17a,False,False,False,False,False,False
sapt_lora,task002_quoref_answer_generation,task002-a7afddecd2424839904c583e43ee8239,True,True,True,False,False,False
sapt_lora,task002_quoref_answer_generation,task002-85ac2cb0438b4ed7b6f7246ade2142de,True,True,True,False,False,False
sapt_lora,task002_quoref_answer_generation,task002-d28ffd5035e84b53a0eec5d177b8f163,False,False,False,False,False,False
sapt_lora,task002_quoref_answer_generation,task002-e74a67b0e4244801a368045e51a62ee6,False,False,False,False,False,False
sapt_lora,task002_quoref_answer_generation,task002-caeae3baca514b778b39253ea6c4d374,False,False,False,False,False,False
sapt_lora,task002_quoref_answer_generation,task002-cabd9557d0734b22b22de0b12bc3adbf,True,True,True,False,False,False
sapt_lora,task002_quoref_answer_generation,task002-be352ae8c832406384b76724c591b84d,True,True,True,False,False,False
sapt_lora,task002_quoref_answer_generation,task002-15e3f6133cbe4107a95b5eac72306f36,False,False,False,False,False,False
sapt_lora,task002_quoref_answer_generation,task002-9c7af4fbd92141519ac521227a146659,False,False,False,False,False,False
sapt_lora,task002_quoref_answer_generation,task002-5e2ee5ea53da45adb3b8cee9f59e925d,True,True,True,False,False,False
sapt_lora,task002_quoref_answer_generation,task002-a3d58ba80f9a40188483af7a524fc8f6,False,False,False,False,False,False
sapt_lora,task002_quoref_answer_generation,task002-efda56ebb6964e5e9e25f179b9fd552b,True,True,True,False,False,False
sapt_lora,task002_quoref_answer_generation,task002-65e0509aa04444ff8f59ebf250bc0abb,False,False,False,False,False,False
sapt_lora,task002_quoref_answer_generation,task002-0078aa492dcf453084ac5379786963b8,True,True,True,False,False,False
sapt_lora,task002_quoref_answer_generation,task002-7b7e6a427f8f44249011574227b95382,False,False,False,False,False,False
sapt_lora,task002_quoref_answer_generation,task002-6a6212c4b7f144619fee1d6e172676a3,True,True,True,False,False,False
sapt_lora,task002_quoref_answer_generation,task002-bf993a04d25f44038d34fe959969b604,False,False,False,False,False,False
sapt_lora,task002_quoref_answer_generation,task002-76c2acc203454c7880b0fcfa01f94134,True,True,True,False,False,False
sapt_lora,task002_quoref_answer_generation,task002-1dbcf0a74a5f46cc99be9ae5e8c145ce,True,True,True,False,False,False
sapt_lora,task002_quoref_answer_generation,task002-9343055394e94a51b6592f50720bbdc6,False,False,False,False,False,False
sapt_lora,task002_quoref_answer_generation,task002-d032708ce147462795dd080117c4062f,False,False,False,False,False,False
sapt_lora,task002_quoref_answer_generation,task002-079ef18a476c4b61a8f2717061e6e2cd,True,True,True,False,False,False
sapt_lora,task002_quoref_answer_generation,task002-4715b05732f34a078a2d8e324c090dbb,False,False,False,False,False,False
sapt_lora,task002_quoref_answer_generation,task002-4ba5373cda1145d2b0fe17bb0f60fa05,True,True,True,False,False,False
sapt_lora,task002_quoref_answer_generation,task002-cc72ef7db5844bb5b05b9376ec4724ee,True,True,True,False,False,False
sapt_lora,task002_quoref_answer_generation,task002-f44faacdeee44c148ace71a7ef050e37,False,False,False,False,False,False
sapt_lora,task002_quoref_answer_generation,task002-d18a5941f4ce48eabb6e4d8f2826501f,False,False,False,False,False,False
sapt_lora,task002_quoref_answer_generation,task002-2355bb54ad1541898a7a4883d6eb7798,True,True,True,False,False,False
sapt_lora,task002_quoref_answer_generation,task002-a8ce340528074a9e8cb4a6f3f3cb455e,True,True,True,False,False,False
sapt_lora,task002_quoref_answer_generation,task002-288a24e371e04fc9a5eac5718c21e60c,True,True,True,False,False,False
sapt_lora,task002_quoref_answer_generation,task002-2829730a44e24e498cb94ff56c96dd45,True,True,True,False,False,False
sapt_lora,task002_quoref_answer_generation,task002-b49db8ba266d4fcd9bc2ebb886954110,False,False,False,False,False,False
sapt_lora,task002_quoref_answer_generation,task002-fe10d7c697704d2486699f529ec6ed3a,True,True,True,False,False,False
sapt_lora,task002_quoref_answer_generation,task002-ebe2c83cbb20468c88fefddf466ef956,False,False,False,False,False,False
sapt_lora,task002_quoref_answer_generation,task002-b70c290f38584c3f882788c29cb31f32,False,False,False,False,False,False
sapt_lora,task002_quoref_answer_generation,task002-c608bace092e4a12b36878d6174d72b7,True,True,True,False,False,False
sapt_lora,task002_quoref_answer_generation,task002-90eeef020d3247739869eb4cb7625019,False,False,False,False,False,False
sapt_lora,task002_quoref_answer_generation,task002-a8a83158daf94957b828ec4220e7ba0d,True,True,True,False,False,False
sapt_lora,task002_quoref_answer_generation,task002-8784a4a02ceb49e7ab2eee3f9041d646,True,True,True,False,False,False
sapt_lora,task002_quoref_answer_generation,task002-567adbbd358f4490b98b2f73787cc10f,False,False,False,False,False,False
sapt_lora,task002_quoref_answer_generation,task002-551e35fb4137431a9a8181aefde07b06,False,False,False,False,False,False
sapt_lora,task002_quoref_answer_generation,task002-bc0c1ff777c949d6bc8673c4e817dfe2,False,False,False,False,False,False
sapt_lora,task002_quoref_answer_generation,task002-bb332e062e2a485198a6c50616a0e82a,True,True,True,False,False,False
sapt_lora,task002_quoref_answer_generation,task002-2b67444f08ac4d3bbc5ee97e773cd45a,False,False,False,False,False,False
sapt_lora,task002_quoref_answer_generation,task002-c5d2a01862824b32ab4164204ec67feb,False,False,False,False,False,False
sapt_lora,task002_quoref_answer_generation,task002-7d5e10220a0e43dd8f9096c6b251fc2d,False,False,False,False,False,False
sapt_lora,task002_quoref_answer_generation,task002-82fd9f2a27a24e9588aff9d9e5ca41d8,True,True,True,False,False,False
sapt_lora,task002_quoref_answer_generation,task002-9f411240c7ac40cc8c20dea48bb10c53,True,True,True,False,False,False
sapt_lora,task002_quoref_answer_generation,task002-f788bf1c08c64e0cb0b5d2ae2cb71f52,True,True,True,False,False,False
sapt_lora,task002_quoref_answer_generation,task002-d128ffc1d731433387ea5b0d3889a299,True,True,True,False,False,False
sapt_lora,task002_quoref_answer_generation,task002-d33b284c95e242ccb04e1b963889bc25,False,False,False,False,False,False
sapt_lora,task002_quoref_answer_generation,task002-a498f0b69774424c9214c73a2e82bb09,True,True,True,False,False,False
sapt_lora,task002_quoref_answer_generation,task002-f0fe95ad786742098468608c7e6002b5,False,False,False,False,False,False
sapt_lora,task002_quoref_answer_generation,task002-e5d1e19fbdae45af88063518568957b8,False,False,False,False,False,False
sapt_lora,task002_quoref_answer_generation,task002-c9a383e3ad7d4bdbaa794ff53b1e6f7a,False,False,False,False,False,False
sapt_lora,task002_quoref_answer_generation,task002-d81acf607c1049e0b3f4fc3222b746c5,False,False,False,False,False,False
sapt_lora,task002_quoref_answer_generation,task002-5dde0d172f7242fb9dafec3b480d6d09,True,True,True,False,False,False
sapt_lora,task002_quoref_answer_generation,task002-10307b6924a441acaa9adfaa7d98c98b,True,True,True,False,False,False
sapt_lora,task002_quoref_answer_generation,task002-700167e5d55941d3bfd31820ba8fdbce,True,True,True,False,False,False
sapt_lora,task002_quoref_answer_generation,task002-2d78d28870b3423b81bac84f28246716,False,False,False,False,False,False
sapt_lora,task002_quoref_answer_generation,task002-b63cf05362b248a28c040e1639fc6433,False,False,False,False,False,False
sapt_lora,task002_quoref_answer_generation,task002-9269f591bdc24c13b8cf990316cde161,True,True,True,False,False,False
sapt_lora,task002_quoref_answer_generation,task002-e6b0c7a664ed44d48e45b29843f69a76,True,True,True,False,False,False
sapt_lora,task002_quoref_answer_generation,task002-416ec4182bb04527aeede2812bd71359,True,True,True,False,False,False
sapt_lora,task002_quoref_answer_generation,task002-1fc6f565f7cf40cc956d547151a67dd2,False,False,False,False,False,False
sapt_lora,task002_quoref_answer_generation,task002-dc5faf09b3d94e0db92551a34dc0810f,False,False,False,False,False,False
sapt_lora,task002_quoref_answer_generation,task002-e8cc45888af74e49817c400956c20d07,True,True,True,False,False,False
sapt_lora,task002_quoref_answer_generation,task002-aea5007e859646c5b48f37d8e8e38e0c,False,False,False,False,False,False
sapt_lora,task002_quoref_answer_generation,task002-41e7565dd4ef49949f29818ba8ac6131,True,True,True,False,False,False
sapt_lora,task002_quoref_answer_generation,task002-32672b87c6cd4241bcf96ff019b34f6d,False,False,False,False,False,False
sapt_lora,task002_quoref_answer_generation,task002-d3a2e9d499e84488855a082619108b9a,False,False,False,False,False,False
sapt_lora,task002_quoref_answer_generation,task002-1faeed6e99704f648f76fd53230264e0,False,False,False,False,False,False
sapt_lora,task002_quoref_answer_generation,task002-16dd8a873cb145f6a2ad1c1a6167edf1,True,True,True,False,False,False
sapt_lora,task002_quoref_answer_generation,task002-5984b5dd4132461da14cc7aa2ea91c2a,True,True,True,False,False,False
sapt_lora,task002_quoref_answer_generation,task002-3a54e965edff4833ad4ef833c4fa5729,False,False,False,False,False,False
sapt_lora,task002_quoref_answer_generation,task002-a2ebacc82e5d4392aba66f7976d7a752,False,False,False,False,False,False
sapt_lora,task002_quoref_answer_generation,task002-b1020ca05e1249709b87cf6fa672dd44,True,True,True,False,False,False
sapt_lora,task002_quoref_answer_generation,task002-d275544174294f9ab2338bfa99fecd6d,False,False,False,False,False,False
sapt_lora,task002_quoref_answer_generation,task002-7a25dbffb59c4c999578736dd38aa76b,True,True,True,False,False,False
sapt_lora,task002_quoref_answer_generation,task002-5caea659520c4e6e9aa540e9780974ee,False,False,False,False,False,False
sapt_lora,task002_quoref_answer_generation,task002-4fe61a938cb94213822057d258574cc4,False,False,False,False,False,False
sapt_lora,task002_quoref_answer_generation,task002-33bbec2cadc4486ea3c3eaf91ab71277,False,False,False,False,False,False
sapt_lora,task002_quoref_answer_generation,task002-820191405dba4177a050d672452b8d76,True,True,True,False,False,False
sapt_lora,task002_quoref_answer_generation,task002-f4b03a78c32f4dd2a8955f02f1372525,False,False,False,False,False,False
sapt_lora,task002_quoref_answer_generation,task002-0a23de577c1941ea832bf0d68bd5f236,False,False,False,False,False,False
sapt_lora,task002_quoref_answer_generation,task002-a15bd7a51a5b472e847a1b6561ca7912,False,False,False,False,False,False
sapt_lora,task002_quoref_answer_generation,task002-cd35c9802e4e44c6a8fd6288edcc9f5f,False,False,False,False,False,False
sapt_lora,task002_quoref_answer_generation,task002-0b66bc55e8674df09e32abd97f46ab02,False,False,False,False,False,False
sapt_lora,task002_quoref_answer_generation,task002-c8c5e2bb7fc74d99b65c65320d4ffc16,False,False,False,False,False,False
sapt_lora,task002_quoref_answer_generation,task002-741cade39f7e4ecba44af9337b3f52a5,True,True,True,False,False,False
sapt_lora,task002_quoref_answer_generation,task002-dc45be19527348a4a71b44f4cf143677,True,True,True,False,False,False
sapt_lora,task002_quoref_answer_generation,task002-938e695bdbdd456c8599da29dd5587a8,False,False,False,False,False,False
sapt_lora,task002_quoref_answer_generation,task002-15b69306072c41758f129446b25bbf81,False,False,False,False,False,False
sapt_lora,task002_quoref_answer_generation,task002-4f1f52011e0e43e19f90ba697dd1eef1,True,True,True,False,False,False
sapt_lora,task002_quoref_answer_generation,task002-74767ff7725f4b3db92590fcab3a19b1,True,True,True,False,False,False
sapt_lora,task002_quoref_answer_generation,task002-153dd4a7879f4285bbc4a52d1c39af73,True,True,True,False,False,False
sapt_lora,task002_quoref_answer_generation,task002-99aeaf2bd43146268c27b3a7ad4320ba,False,False,False,False,False,False
sapt_lora,task002_quoref_answer_generation,task002-27d6dfad30064564b48cd55780d44968,False,False,False,False,False,False
sapt_lora,task002_quoref_answer_generation,task002-12c2f8c354ec4a068ffc17e616baded3,True,True,True,False,False,False
sapt_lora,task002_quoref_answer_generation,task002-65ca41618d8b44d393ba9390d1ebbb6c,False,False,False,False,False,False
sapt_lora,task002_quoref_answer_generation,task002-f32c59d0972a4fe6b5207ec9fbb030f7,False,False,False,False,False,False
sapt_lora,task002_quoref_answer_generation,task002-383f47706220441f931388fbc687b8dd,True,True,True,False,False,False
sapt_lora,task002_quoref_answer_generation,task002-2fd884a221ff45938ae50d54191694cc,True,True,True,False,False,False
sapt_lora,task002_quoref_answer_generation,task002-29bc73d2585349128c24b8045b179c7f,True,True,True,False,False,False
sapt_lora,task002_quoref_answer_generation,task002-2469879c9b604b5e970796f2a87b6e8e,True,True,True,False,False,False
sapt_lora,task002_quoref_answer_generation,task002-cea6b3a5659e47fb98e3e7ac2348894a,False,False,False,False,False,False
sapt_lora,task002_quoref_answer_generation,task002-ddb0c5b98dfb4898b417d98892c5b2c3,False,False,False,False,False,False
sapt_lora,task002_quoref_answer_generation,task002-fe6910e7aca444aab5b499d5a8e313bf,True,True,True,False,False,False
sapt_lora,task002_quoref_answer_generation,task002-149fe374004b43f88a2209ae9330b19b,False,False,False,False,False,False
sapt_lora,task002_quoref_answer_generation,task002-86f11db02a614a3e92f3d46f1b2c19aa,False,False,False,False,False,False
sapt_lora,task002_quoref_answer_generation,task002-3ffd6271441147bb9f78545fb9b8f37b,True,True,True,False,False,False
sapt_lora,task002_quoref_answer_generation,task002-4f1dd27c09994c6fa52c2973a4329e24,False,False,False,False,False,False
sapt_lora,task002_quoref_answer_generation,task002-d914a61ac3d243519cec8cb266735c2a,False,False,False,False,False,False
sapt_lora,task002_quoref_answer_generation,task002-1796bbf7e30d4cdd83026f50b55d06a2,True,True,True,False,False,False
sapt_lora,task002_quoref_answer_generation,task002-a60ea6f89f4e4c7f9822734966efdb34,False,False,False,False,False,False
sapt_lora,task002_quoref_answer_generation,task002-21206b8f28234f029338d39d464fa648,True,True,True,False,False,False
sapt_lora,task002_quoref_answer_generation,task002-3f65f47b298649099b5da5b7c25239f2,True,True,True,False,False,False
sapt_lora,task002_quoref_answer_generation,task002-42459eaecfd54af0a7a4c7446a675f08,False,False,False,False,False,False
sapt_lora,task002_quoref_answer_generation,task002-3e43641fe67a4e6f8fd2b54da688bfd2,False,False,False,False,False,False
sapt_lora,task002_quoref_answer_generation,task002-52913ab3868a4a26810c9efdd86ae591,True,True,True,False,False,False
sapt_lora,task002_quoref_answer_generation,task002-be6efcc46741494eb8212d55e739b31b,False,False,False,False,False,False
sapt_lora,task002_quoref_answer_generation,task002-93dc91150bcc45e7adc7559ae9817f75,False,False,False,False,False,False
sapt_lora,task002_quoref_answer_generation,task002-1f1215163a5d4aec996cd0b1f8e01271,False,False,False,False,False,False
sapt_lora,task002_quoref_answer_generation,task002-3ed726bd008b4f9aabf383c311d34c21,True,True,True,False,False,False
sapt_lora,task002_quoref_answer_generation,task002-265e7b1f2bc84d1a96881cd7c05cf6ec,False,False,False,False,False,False
sapt_lora,task002_quoref_answer_generation,task002-45c9ea9ffdd64a6f8009c3e3c970730a,False,False,False,False,False,False
sapt_lora,task002_quoref_answer_generation,task002-f9a9088c87c34aeb8bad24a49138b602,True,True,True,False,False,False
sapt_lora,task002_quoref_answer_generation,task002-6ae412b9e8d44a9bb9ab9b2e204c22a0,True,True,True,False,False,False
sapt_lora,task002_quoref_answer_generation,task002-8283e7c623ee410f819898ed5c34cd3f,False,False,False,False,False,False
sapt_lora,task002_quoref_answer_generation,task002-493413880e90448a815504c25cf47f50,True,True,True,False,False,False
sapt_lora,task002_quoref_answer_generation,task002-325a7ad6f34d4e5f80cf0f6fceb83f7d,True,True,True,False,False,False
sapt_lora,task002_quoref_answer_generation,task002-3e34148a24884574a7c665b00e10a1c8,False,False,False,False,False,False
sapt_lora,task002_quoref_answer_generation,task002-bfe11cd423444ff9b8758cb2cb0b998a,True,True,True,False,False,False
sapt_lora,task002_quoref_answer_generation,task002-0f066377624648f89da4130fe743e6a6,True,True,True,False,False,False
sapt_lora,task002_quoref_answer_generation,task002-befaad7678524b21af9ec9f7ae4771f2,False,False,False,False,False,False
sapt_lora,task002_quoref_answer_generation,task002-733ec58a32264304891eb36e3738d155,True,True,True,False,False,False
sapt_lora,task002_quoref_answer_generation,task002-19c30e26be1e429fac3c617f95fd8274,True,True,True,False,False,False
sapt_lora,task002_quoref_answer_generation,task002-ade87163cf704679afcb023782becb44,True,True,True,False,False,False
sapt_lora,task002_quoref_answer_generation,task002-fa390d458bcc4f208e97f64d098920be,False,False,False,False,False,False
sapt_lora,task002_quoref_answer_generation,task002-a2da82c723a7470d80f847831770865b,True,True,True,False,False,False
sapt_lora,task002_quoref_answer_generation,task002-6ab6e07453cd458d8980231bc219e8ac,True,True,True,False,False,False
sapt_lora,task002_quoref_answer_generation,task002-15ea04bb35704e9bb75a682625d04f9f,False,False,False,False,False,False
sapt_lora,task002_quoref_answer_generation,task002-f4fcb4a113a94845b0b48819348701e1,True,True,True,False,False,False
sapt_lora,task002_quoref_answer_generation,task002-de5941de9f924a2d8392b00507198d0e,False,False,False,False,False,False
sapt_lora,task002_quoref_answer_generation,task002-f064447c1aeb4510a952a432140013ce,False,False,False,False,False,False
sapt_lora,task002_quoref_answer_generation,task002-229c32bac4a64206876aba35efce7235,True,True,True,False,False,False
sapt_lora,task002_quoref_answer_generation,task002-f51a06be885f4e4ebb306b309f60f3cb,False,False,False,False,False,False
sapt_lora,task002_quoref_answer_generation,task002-d9022a28551e45df9fcdd829e1b9fdfd,True,True,True,False,False,False
sapt_lora,task002_quoref_answer_generation,task002-4445cbd436a24abd9a52786341e916b1,True,True,True,False,False,False
sapt_lora,task002_quoref_answer_generation,task002-4ea925139b6742ceb4ed044518fb870d,True,True,True,False,False,False
sapt_lora,task002_quoref_answer_generation,task002-15795e28fc7e4956ba16bdecdd9ea2bd,True,True,True,False,False,False
sapt_lora,task002_quoref_answer_generation,task002-21535759cfcd4a5d8aa201de5b03b542,False,False,False,False,False,False
sapt_lora,task002_quoref_answer_generation,task002-fb616ee9cd244876b18657b71c702d6c,False,False,False,False,False,False
sapt_lora,task002_quoref_answer_generation,task002-9f6333b6493843a7878671ee5c897c84,True,True,True,False,False,False
sapt_lora,task002_quoref_answer_generation,task002-b93e7bd5b7d84f9c82b2e84345783322,False,False,False,False,False,False
sapt_lora,task002_quoref_answer_generation,task002-5dc26a5c72084e2f99aa711c604d3671,False,False,False,False,False,False
sapt_lora,task002_quoref_answer_generation,task002-188a47d5fab74f2e847bdee8d03c764e,False,False,False,False,False,False
sapt_lora,task002_quoref_answer_generation,task002-fa6831e8e04e44f2ae2ca2b4606de8ef,False,False,False,False,False,False
sapt_lora,task002_quoref_answer_generation,task002-a7ff3bd963524aa08f252432b0f6d729,False,False,False,False,False,False
sapt_lora,task002_quoref_answer_generation,task002-54fd4f1381c349a2aaa60a6d6630c6c4,True,True,True,False,False,False
sapt_lora,task002_quoref_answer_generation,task002-f3c53e3932344d339556463a765099af,True,True,True,False,False,False
sapt_lora,task002_quoref_answer_generation,task002-7e421e3419664a5881486c79308c9789,True,True,True,False,False,False
sapt_lora,task002_quoref_answer_generation,task002-c2b0a27c916d4dcfb65e89cbff6848f5,True,True,True,False,False,False
sapt_lora,task002_quoref_answer_generation,task002-7966bfdd1d0742f981ccd27d47969ff0,False,False,False,False,False,False
sapt_lora,task002_quoref_answer_generation,task002-6840ea0d19204118a40296cf6d25f27a,True,True,True,False,False,False
sapt_lora,task002_quoref_answer_generation,task002-459bb4d9d9f84eb4925e83a785376d79,False,False,False,False,False,False
sapt_lora,task002_quoref_answer_generation,task002-c1869d681c72406595c56e6b3725e980,True,True,True,False,False,False
sapt_lora,task002_quoref_answer_generation,task002-3e27aa4f9d7142089e6e449337cfeb9d,False,False,False,False,False,False
sapt_lora,task002_quoref_answer_generation,task002-a701ab93da054ff5a40f6ba5e0f6fbda,True,True,True,False,False,False
sapt_lora,task002_quoref_answer_generation,task002-efd638d05d0b43fd972cbfa8bed7c1c2,False,False,False,False,False,False
sapt_lora,task002_quoref_answer_generation,task002-a316229414944a579b78f35a79415c84,False,False,False,False,False,False
sapt_lora,task002_quoref_answer_generation,task002-c78a230a37694621a1eb665d6b7be4ce,True,True,True,False,False,False
sapt_lora,task002_quoref_answer_generation,task002-7956f19e4ade47fbbea2a2db8bd9d572,False,False,False,False,False,False
sapt_lora,task002_quoref_answer_generation,task002-63aa0e8f98174885b4962969d3f26b96,False,False,False,False,False,False
sapt_lora,task1510_evalution_relation_extraction,task1510-5f9d683cda37406b8581222d07f79df2,False,True,True,True,False,True
sapt_lora,task1510_evalution_relation_extraction,task1510-e24fdd1db8b5448ea9962c82e7908345,False,True,True,True,False,True
sapt_lora,task1510_evalution_relation_extraction,task1510-08e0112eb6b14048aa4997404d79cbfb,False,False,False,False,False,False
sapt_lora,task1510_evalution_relation_extraction,task1510-67a8aa1643c5426d85e0717abf916431,False,False,False,False,False,False
sapt_lora,task1510_evalution_relation_extraction,task1510-f75b297eead74db39127c02363f15d85,False,True,True,True,False,True
sapt_lora,task1510_evalution_relation_extraction,task1510-69979a226f274e269c68ebf75d5a0573,False,True,True,True,False,True
sapt_lora,task1510_evalution_relation_extraction,task1510-ea44d9db56554b78adac63a23fceb28b,False,True,True,True,False,True
sapt_lora,task1510_evalution_relation_extraction,task1510-3103efec4a0d4e6d946885b4301e4c34,False,False,False,False,False,False
sapt_lora,task1510_evalution_relation_extraction,task1510-238169216fb54f5b86e5ee32e1333e13,False,True,True,True,False,True
sapt_lora,task1510_evalution_relation_extraction,task1510-77a4edc93ebd4e6e8f8ab79c80cf8832,False,True,True,True,False,True
sapt_lora,task1510_evalution_relation_extraction,task1510-e91d61476d0a4a949f63469d5b37bc96,False,True,True,True,False,True
sapt_lora,task1510_evalution_relation_extraction,task1510-405428d6d7a44c9b87a6365c8c93925a,False,False,False,False,False,False
sapt_lora,task1510_evalution_relation_extraction,task1510-4a5ee9102d3c41328934710e7f4d06c4,False,True,True,True,False,True
sapt_lora,task1510_evalution_relation_extraction,task1510-2a4c8f03e22b49378a9f35f286ef04e6,False,True,True,True,False,True
sapt_lora,task1510_evalution_relation_extraction,task1510-41f83bd9eecd488587a4fa205b616228,False,False,True,False,False,False
sapt_lora,task1510_evalution_relation_extraction,task1510-fedbe60d60864005aec981573f9bada7,False,True,True,True,False,True
sapt_lora,task1510_evalution_relation_extraction,task1510-2782cb1fadc64bca82e848fb052072de,False,False,False,False,False,False
sapt_lora,task1510_evalution_relation_extraction,task1510-3e990519e8a44bab952b6a7668c6b796,False,True,True,True,False,True
sapt_lora,task1510_evalution_relation_extraction,task1510-528fac3e01ac40b1b77adfba29f2af65,False,False,False,False,False,False
sapt_lora,task1510_evalution_relation_extraction,task1510-7bd6c4d5b7d24d7091af3841418afcea,False,True,True,True,False,True
sapt_lora,task1510_evalution_relation_extraction,task1510-1f7478fd3f4b41d8aa842e567967a1d4,False,False,False,False,False,False
sapt_lora,task1510_evalution_relation_extraction,task1510-b8a9a7e7b9f04b269c2f9579bd12f3f6,False,True,True,True,False,True
sapt_lora,task1510_evalution_relation_extraction,task1510-444772a8bae54b9f8cb121da360e1a9b,False,True,True,True,False,True
sapt_lora,task1510_evalution_relation_extraction,task1510-b69b805cd11e41659219cce633ec259b,False,True,True,True,False,True
sapt_lora,task1510_evalution_relation_extraction,task1510-355b2b1747554de3b54362e64db787c1,False,True,True,True,False,True
sapt_lora,task1510_evalution_relation_extraction,task1510-3f242e64501d4004b9cc37e50e0a20af,False,False,False,False,False,False
sapt_lora,task1510_evalution_relation_extraction,task1510-a41897eb29e24833a6f0d620c252df50,False,False,False,False,False,False
sapt_lora,task1510_evalution_relation_extraction,task1510-431e839707a34d41ae630023903814a0,False,True,True,True,False,True
sapt_lora,task1510_evalution_relation_extraction,task1510-c1fe7731ae5e45a3804393779d54fde3,False,True,True,True,False,True
sapt_lora,task1510_evalution_relation_extraction,task1510-9351c7654895444d8aa2c3873b2d4914,False,False,False,False,False,False
sapt_lora,task1510_evalution_relation_extraction,task1510-c83faa0eefa84afe85144a02915ba191,False,True,True,True,False,True
sapt_lora,task1510_evalution_relation_extraction,task1510-cdf410ad513d4ff78d0317e87a3e92b0,False,True,True,True,False,True
sapt_lora,task1510_evalution_relation_extraction,task1510-376551cf14184b859cdc4f77d27c9f9a,False,False,False,False,False,False
sapt_lora,task1510_evalution_relation_extraction,task1510-cdc1e2b31da1491eaf5d229261455591,False,True,True,True,False,True
sapt_lora,task1510_evalution_relation_extraction,task1510-96c167f164dd47f6b87ab542b4eccb6a,False,False,False,False,False,False
sapt_lora,task1510_evalution_relation_extraction,task1510-808cd7e7e6c6460ebdd664596870f241,False,True,True,True,False,True
sapt_lora,task1510_evalution_relation_extraction,task1510-3c51637443964cbc89d487623af88e05,False,True,True,True,False,True
sapt_lora,task1510_evalution_relation_extraction,task1510-d6c1e96aefc842338bda44c74d8fb2fd,False,False,False,False,False,False
sapt_lora,task1510_evalution_relation_extraction,task1510-6c944f8636b144a0aff37e7a8a09caa7,False,True,True,True,False,True
sapt_lora,task1510_evalution_relation_extraction,task1510-813606934fb04fa7a9e9beafe088b2cf,False,False,False,False,False,False
sapt_lora,task1510_evalution_relation_extraction,task1510-82c4c41ec4124c7ba7d824caa8ea675b,False,False,False,False,False,False
sapt_lora,task1510_evalution_relation_extraction,task1510-9d151afb01cc4cc1bb8014d759424c01,False,True,True,True,False,True
sapt_lora,task1510_evalution_relation_extraction,task1510-feebe86397094cf995e27de5a38c6a1d,False,False,False,False,False,False
sapt_lora,task1510_evalution_relation_extraction,task1510-582b5b1ba44f4ceba23d6575087baaab,False,False,False,False,False,False
sapt_lora,task1510_evalution_relation_extraction,task1510-2de39884ffbf4cba86af228d596c74d2,False,True,True,True,False,True
sapt_lora,task1510_evalution_relation_extraction,task1510-7a55f21c64454addbf032d3e356150da,False,False,False,False,False,False
sapt_lora,task1510_evalution_relation_extraction,task1510-cddc87e5e5c54ec2b8fdcbc776ce0e2f,False,True,True,True,False,True
sapt_lora,task1510_evalution_relation_extraction,task1510-696be0b2f3c148c79d15bb10a73fe5bb,False,True,True,True,False,True
sapt_lora,task1510_evalution_relation_extraction,task1510-533d0103a7f347bebe02381d2b3bd2d6,False,False,False,False,False,False
sapt_lora,task1510_evalution_relation_extraction,task1510-05258ae65b1d408f8480f9ababdb85c4,False,False,False,False,False,False
sapt_lora,task1510_evalution_relation_extraction,task1510-9ad5ce101ebb47cda04c0899e7ec5d9e,False,False,False,False,False,False
sapt_lora,task1510_evalution_relation_extraction,task1510-00ef1f3c43bb43fa9d7a365994f94346,False,True,True,True,False,True
sapt_lora,task1510_evalution_relation_extraction,task1510-c01962437317405ebd2605c4ce0c26b2,False,False,False,False,False,False
sapt_lora,task1510_evalution_relation_extraction,task1510-c49b32ffb9634b4abf68f3f3602b319f,False,True,True,True,False,True
sapt_lora,task1510_evalution_relation_extraction,task1510-5d5f2a1285794e3fb2edd3f8e7b1d818,False,True,True,True,False,True
sapt_lora,task1510_evalution_relation_extraction,task1510-4589a128b5f14c47bd791c77dda7118a,False,True,True,True,False,True
sapt_lora,task1510_evalution_relation_extraction,task1510-48f2e39434ed4fc2bbc499c4da48668d,False,True,True,True,False,True
sapt_lora,task1510_evalution_relation_extraction,task1510-79284933c96b4adc87fd180bb945f0e4,False,True,True,True,False,True
sapt_lora,task1510_evalution_relation_extraction,task1510-9c1c58a762bb4ab49e93cdf0ff4846a8,False,True,True,True,False,True
sapt_lora,task1510_evalution_relation_extraction,task1510-fc903c0fe24b4a50b50aaa8dd9a3d110,False,False,False,False,False,False
sapt_lora,task1510_evalution_relation_extraction,task1510-cc34977689a04c89befbcbe74387550e,False,True,True,True,False,True
sapt_lora,task1510_evalution_relation_extraction,task1510-fa3acf895c024f38982f40f192d6044d,False,True,True,True,False,True
sapt_lora,task1510_evalution_relation_extraction,task1510-e08b42c924f34154aeb7fcf82156681c,False,False,False,False,False,False
sapt_lora,task1510_evalution_relation_extraction,task1510-0929b7f6eaae49c2a39d903d95d354e4,False,True,True,True,False,True
sapt_lora,task1510_evalution_relation_extraction,task1510-9e6d282099b64162a5b3e264f2702922,False,False,False,False,False,False
sapt_lora,task1510_evalution_relation_extraction,task1510-f7cd61257de049328383f68f7b9fdaee,False,True,True,True,False,True
sapt_lora,task1510_evalution_relation_extraction,task1510-45ea6e9241ce405688920e75189c7c52,False,True,True,True,False,True
sapt_lora,task1510_evalution_relation_extraction,task1510-29253ee30948406e81f01c2c2148cfb0,False,True,True,True,False,True
sapt_lora,task1510_evalution_relation_extraction,task1510-bf2cf9b53e6c4a39a5606a803eef6a1a,False,True,True,True,False,True
sapt_lora,task1510_evalution_relation_extraction,task1510-d888fcd286604cb289168e97e4ff0e66,False,False,False,False,False,False
sapt_lora,task1510_evalution_relation_extraction,task1510-384999054b484b29a0f426b51e7f636c,False,True,False,True,False,False
sapt_lora,task1510_evalution_relation_extraction,task1510-288e0c8e41144c78865e59b57e9684a0,False,True,False,True,False,False
sapt_lora,task1510_evalution_relation_extraction,task1510-0e3d3aac93e64a2eb08d19f84486fcce,False,True,True,True,False,True
sapt_lora,task1510_evalution_relation_extraction,task1510-d026cd6e9b2c4506b373045bd8636f18,False,True,True,True,False,True
sapt_lora,task1510_evalution_relation_extraction,task1510-c30e0edcd19a484bb63aac172e20f112,False,False,False,False,False,False
sapt_lora,task1510_evalution_relation_extraction,task1510-8c2356685c8c413f8818238c924ab620,False,True,True,True,False,True
sapt_lora,task1510_evalution_relation_extraction,task1510-9403afb3411841a38ca5f2d622613432,False,True,True,True,False,True
sapt_lora,task1510_evalution_relation_extraction,task1510-3a9e90ed9f594415b0dfd9f5dfaec6d0,False,False,False,False,False,False
sapt_lora,task1510_evalution_relation_extraction,task1510-9cb14ea0a9b94b6eb1307d8947e9ab36,False,True,True,True,False,True
sapt_lora,task1510_evalution_relation_extraction,task1510-959031d13cb24589bca6d414bf9c8579,False,True,True,True,False,True
sapt_lora,task1510_evalution_relation_extraction,task1510-01e7c347c64542f7a105c8a12cd8cf46,False,True,True,True,False,True
sapt_lora,task1510_evalution_relation_extraction,task1510-f8c608797a7c45bb8b6c1b4bb3f854ff,False,True,True,True,False,True
sapt_lora,task1510_evalution_relation_extraction,task1510-d71a6ae2290f4a74a18079df0a3fae97,False,True,True,True,False,True
sapt_lora,task1510_evalution_relation_extraction,task1510-a10c561f997946718ba13aa0e80ee67a,False,True,True,True,False,True
sapt_lora,task1510_evalution_relation_extraction,task1510-5ab4ef8dcce64e878bed18645ca20182,False,False,False,False,False,False
sapt_lora,task1510_evalution_relation_extraction,task1510-66a6e9370f02495c93f2b48e9cadf58f,False,True,True,True,False,True
sapt_lora,task1510_evalution_relation_extraction,task1510-54d7476281d54ec892e26dff1df2a163,False,True,True,True,False,True
sapt_lora,task1510_evalution_relation_extraction,task1510-cf326ac56eee4c3a8625adf3b260dea6,False,True,True,True,False,True
sapt_lora,task1510_evalution_relation_extraction,task1510-fa03bbdd54f145e38df533aa648c117d,False,True,True,True,False,True
sapt_lora,task1510_evalution_relation_extraction,task1510-de27e7a0cd714f50b268b58321253eb3,False,False,False,False,False,False
sapt_lora,task1510_evalution_relation_extraction,task1510-b9fc46625f73415ba992ccb8820a2fa4,False,True,True,True,False,True
sapt_lora,task1510_evalution_relation_extraction,task1510-40941d15f2e84bd399b897cba8a8eb31,False,False,False,False,False,False
sapt_lora,task1510_evalution_relation_extraction,task1510-7ddc368c36a94eb79a8d935184d4ed22,False,True,True,True,False,True
sapt_lora,task1510_evalution_relation_extraction,task1510-95444f0ae12440abadb53db3b5cf2e05,False,True,True,True,False,True
sapt_lora,task1510_evalution_relation_extraction,task1510-03e0254c6c3147a39077b00e0f449a9e,False,True,True,True,False,True
sapt_lora,task1510_evalution_relation_extraction,task1510-9a0b75e34b0748dda5f4e5c8839d2665,False,True,True,True,False,True
sapt_lora,task1510_evalution_relation_extraction,task1510-256a35492e7a4b7c8a536ca6f5e04902,False,True,True,True,False,True
sapt_lora,task1510_evalution_relation_extraction,task1510-1577726f4ab1423c9e5749bd0cef2523,False,False,False,False,False,False
sapt_lora,task1510_evalution_relation_extraction,task1510-a2fe74b3138f47f0ac335fd4628b5efc,False,False,False,False,False,False
sapt_lora,task1510_evalution_relation_extraction,task1510-fef539fb0b694ec5be678c370093c588,False,True,True,True,False,True
sapt_lora,task1510_evalution_relation_extraction,task1510-ec6764ab40d24ca69c21d836064c6481,False,True,True,True,False,True
sapt_lora,task1510_evalution_relation_extraction,task1510-aedb785fbceb4cf9bd22b31d44dc566d,False,True,True,True,False,True
sapt_lora,task1510_evalution_relation_extraction,task1510-06428f58cf1d4d489e8b4e3720c72f8d,False,False,False,False,False,False
sapt_lora,task1510_evalution_relation_extraction,task1510-0cc5e12cff4f47bd9449b5946386bcc9,False,True,True,True,False,True
sapt_lora,task1510_evalution_relation_extraction,task1510-1f9a3dee69b642498acae58fa7680fe9,False,True,True,True,False,True
sapt_lora,task1510_evalution_relation_extraction,task1510-5299e1c9d3554fcba3e41fad480f63d4,False,True,True,True,False,True
sapt_lora,task1510_evalution_relation_extraction,task1510-c2160d23a9474ce1b0b0ca147d976f5c,False,True,True,True,False,True
sapt_lora,task1510_evalution_relation_extraction,task1510-81876f5626f543eca8731b6fad216c9d,False,True,True,True,False,True
sapt_lora,task1510_evalution_relation_extraction,task1510-db6f28808fd84118a0525ebc9f39a964,False,True,True,True,False,True
sapt_lora,task1510_evalution_relation_extraction,task1510-13199755437a4c0b984a780eca92604f,False,True,True,True,False,True
sapt_lora,task1510_evalution_relation_extraction,task1510-75f367c3695a4457bb063afa8eee2ee2,False,True,True,True,False,True
sapt_lora,task1510_evalution_relation_extraction,task1510-415a4f87c08b444d91d99649dc13c750,False,True,True,True,False,True
sapt_lora,task1510_evalution_relation_extraction,task1510-484bbc48df2748f0abae62e1a063a1c6,False,True,True,True,False,True
sapt_lora,task1510_evalution_relation_extraction,task1510-24c4c5f5117d49dda65fbc918552c1b4,False,True,True,True,False,True
sapt_lora,task1510_evalution_relation_extraction,task1510-911907ef26334fc98debc1d776d2d930,False,True,True,True,False,True
sapt_lora,task1510_evalution_relation_extraction,task1510-508f595dbd234e7bba1c1f8d5de13229,False,False,False,False,False,False
sapt_lora,task1510_evalution_relation_extraction,task1510-638a8be4e3c147e18f55d006c9ed1f1a,False,False,False,False,False,False
sapt_lora,task1510_evalution_relation_extraction,task1510-6284b3c49b8b465abef4a8da7563f33a,False,True,True,True,False,True
sapt_lora,task1510_evalution_relation_extraction,task1510-d1189a1bc07548309f3a7978cac838fe,False,False,False,False,False,False
sapt_lora,task1510_evalution_relation_extraction,task1510-165a62f508ab446099393eeebe363b78,False,True,True,True,False,True
sapt_lora,task1510_evalution_relation_extraction,task1510-3713683c9ff54c659514f92760ffd4d2,False,False,False,False,False,False
sapt_lora,task1510_evalution_relation_extraction,task1510-670ec7a1afca40cd842ccf4e2aca7eba,False,True,True,True,False,True
sapt_lora,task1510_evalution_relation_extraction,task1510-418404171b674485be9a0162763714be,False,False,False,False,False,False
sapt_lora,task1510_evalution_relation_extraction,task1510-c94b3a34b0214cafa03a2513bf0024c1,False,False,False,False,False,False
sapt_lora,task1510_evalution_relation_extraction,task1510-610d31ce677f447294f2088e2a7d510f,False,False,False,False,False,False
sapt_lora,task1510_evalution_relation_extraction,task1510-83874ac86f9d4a789aa1b419f279c6cc,False,True,True,True,False,True
sapt_lora,task1510_evalution_relation_extraction,task1510-92f5a64e221a46d6b02bdb9a6c0204a1,False,False,False,False,False,False
sapt_lora,task1510_evalution_relation_extraction,task1510-fbe6f17db0cb410fa884213a9b74f9ed,False,True,True,True,False,True
sapt_lora,task1510_evalution_relation_extraction,task1510-b1b8876193f441c8beaddd0e82a22fe9,False,False,False,False,False,False
sapt_lora,task1510_evalution_relation_extraction,task1510-4c09f978bc254570a84d762c40eb05f6,False,True,True,True,False,True
sapt_lora,task1510_evalution_relation_extraction,task1510-1613ff1cef6c4e8a883a76dcf965a65f,False,True,True,True,False,True
sapt_lora,task1510_evalution_relation_extraction,task1510-38a6f8cf4a1849e58d69e14bf927a71a,False,False,False,False,False,False
sapt_lora,task1510_evalution_relation_extraction,task1510-ed083d08daad4b9fbdb5bb30cfadfe6d,False,True,True,True,False,True
sapt_lora,task1510_evalution_relation_extraction,task1510-4d5ceb230f264cd292b980d284d10259,False,True,True,True,False,True
sapt_lora,task1510_evalution_relation_extraction,task1510-16ad5db5f1dc48288a1f8394dd3b3b6d,False,True,True,True,False,True
sapt_lora,task1510_evalution_relation_extraction,task1510-72cac91a716c44d0b0adbf3f746fd258,False,True,True,True,False,True
sapt_lora,task1510_evalution_relation_extraction,task1510-8a956a4d4aa44e11942eab2da2b6eef4,False,False,False,False,False,False
sapt_lora,task1510_evalution_relation_extraction,task1510-70f2f0903f6b46f08988aae324a0aff3,False,False,False,False,False,False
sapt_lora,task1510_evalution_relation_extraction,task1510-7cc9c7a39a5d4f5f9f2a904613d53435,False,False,False,False,False,False
sapt_lora,task1510_evalution_relation_extraction,task1510-6978afe2554b47e9bf951a06760252f4,False,True,True,True,False,True
sapt_lora,task1510_evalution_relation_extraction,task1510-425be1c4a9534bec892c6e4aaa8f040f,False,False,False,False,False,False
sapt_lora,task1510_evalution_relation_extraction,task1510-18c0a917619344f9a2333af81185b78b,False,False,False,False,False,False
sapt_lora,task1510_evalution_relation_extraction,task1510-c7081bd236144b50b0d677aea3a50bfc,False,True,True,True,False,True
sapt_lora,task1510_evalution_relation_extraction,task1510-229c7bc0ea274a10abfb8c00dac5b9a1,False,False,False,False,False,False
sapt_lora,task1510_evalution_relation_extraction,task1510-2e32509272254e32bc138e7f0aef2ed5,False,False,False,False,False,False
sapt_lora,task1510_evalution_relation_extraction,task1510-cf3a9e19f1e94284bb247451e05a8cb7,False,True,True,True,False,True
sapt_lora,task1510_evalution_relation_extraction,task1510-276f830a86a54c3bba39f2bd60738d18,False,True,True,True,False,True
sapt_lora,task1510_evalution_relation_extraction,task1510-81b9e419f3e64ec7adb951ea763d0023,False,True,True,True,False,True
sapt_lora,task1510_evalution_relation_extraction,task1510-c9ad952529ca469883249a23ec34ff8e,False,False,False,False,False,False
sapt_lora,task1510_evalution_relation_extraction,task1510-defff1ccb3cf45fd90e66101ff4d51e5,False,False,False,False,False,False
sapt_lora,task1510_evalution_relation_extraction,task1510-661a72c20f0746cf87db68dc0476d6fe,False,False,False,False,False,False
sapt_lora,task1510_evalution_relation_extraction,task1510-95ef307dbea44c4b9c06513718451da1,False,False,False,False,False,False
sapt_lora,task1510_evalution_relation_extraction,task1510-f4590413bd904feaa0f78aef8b66ff69,False,False,False,False,False,False
sapt_lora,task1510_evalution_relation_extraction,task1510-67a29b12d48640879ef91b8e64ac6119,False,True,True,True,False,True
sapt_lora,task1510_evalution_relation_extraction,task1510-c834792c3fed49e398d4c5ee09be9341,False,False,False,False,False,False
sapt_lora,task1510_evalution_relation_extraction,task1510-bdcb1247de5f429fb5c4aed7c8041329,False,True,True,True,False,True
sapt_lora,task1510_evalution_relation_extraction,task1510-d0b9528786734a1680a3d17717b4ebba,False,True,True,True,False,True
sapt_lora,task1510_evalution_relation_extraction,task1510-ce488508600e465798f71cb7e410ad3d,False,False,False,False,False,False
sapt_lora,task1510_evalution_relation_extraction,task1510-b87ecc6c572448ceaae2cc7a7e636da8,False,True,True,True,False,True
sapt_lora,task1510_evalution_relation_extraction,task1510-2f4d2e2d2b404e3ba5e18340d0bcf6df,False,False,False,False,False,False
sapt_lora,task1510_evalution_relation_extraction,task1510-bd005623a8624df1b526ce589a7679e4,False,False,False,False,False,False
sapt_lora,task1510_evalution_relation_extraction,task1510-be67400f435348c180a85cd5ba4f784a,False,False,False,False,False,False
sapt_lora,task1510_evalution_relation_extraction,task1510-27600c83ec7348a6a76af5a6fb3aa98b,False,False,False,False,False,False
sapt_lora,task1510_evalution_relation_extraction,task1510-3df16076220a4378876e8a7a38832940,False,True,True,True,False,True
sapt_lora,task1510_evalution_relation_extraction,task1510-40d91b3461214ac6afce872cb9eb29b9,False,False,False,False,False,False
sapt_lora,task1510_evalution_relation_extraction,task1510-fbf1666b203b4db2aa9177bb99b67fdd,False,False,False,False,False,False
sapt_lora,task1510_evalution_relation_extraction,task1510-cea0890ebbcf47adb321e8d9225285fc,False,False,False,False,False,False
sapt_lora,task1510_evalution_relation_extraction,task1510-0abb5bf7d39e485489db0f2f1754bbde,False,True,True,True,False,True
sapt_lora,task1510_evalution_relation_extraction,task1510-87192720b9954755a64460737be8dd32,False,True,True,True,False,True
sapt_lora,task1510_evalution_relation_extraction,task1510-af53d45cff5c42d6a42afd6c79ce4f69,False,False,False,False,False,False
sapt_lora,task1510_evalution_relation_extraction,task1510-7f45545a6ad14089980fa9d324e24797,False,False,False,False,False,False
sapt_lora,task1510_evalution_relation_extraction,task1510-0672eb8ad77d4eaf8af700713c897ef7,False,True,True,True,False,True
sapt_lora,task1510_evalution_relation_extraction,task1510-f5dbb9d178504122902231666402a50c,False,False,False,False,False,False
sapt_lora,task1510_evalution_relation_extraction,task1510-9f077744d031442aa808bdde53cf3919,False,True,True,True,False,True
sapt_lora,task1510_evalution_relation_extraction,task1510-bf05c53eff414855b3a27a529c9996d7,False,True,True,True,False,True
sapt_lora,task1510_evalution_relation_extraction,task1510-c3c92d41208e4e61a2517ca9d5ecf897,False,False,False,False,False,False
sapt_lora,task1510_evalution_relation_extraction,task1510-8df7d1c25a8445bda5e52f952bb938ac,False,True,True,True,False,True
sapt_lora,task1510_evalution_relation_extraction,task1510-8eb8e7a0148d4b259c9b8521246b4880,False,True,True,True,False,True
sapt_lora,task1510_evalution_relation_extraction,task1510-a93ab5eeaff3439e981b6b274e826a8b,False,True,True,True,False,True
sapt_lora,task1510_evalution_relation_extraction,task1510-0fd4384098d542629980e13c0a218f71,False,False,False,False,False,False
sapt_lora,task1510_evalution_relation_extraction,task1510-573b3a5802b74e7fbbf244e655fbac82,False,True,True,True,False,True
sapt_lora,task1510_evalution_relation_extraction,task1510-a1c907e195024fab8dbfa37c336c389e,False,False,False,False,False,False
sapt_lora,task1510_evalution_relation_extraction,task1510-aca8b494a47b4961b1c9075fd0a7b597,False,True,True,True,False,True
sapt_lora,task1510_evalution_relation_extraction,task1510-0beff684f39043c48db03f014d74acdf,False,False,False,False,False,False
sapt_lora,task1510_evalution_relation_extraction,task1510-8612ab775b4a432f9305daae02f1ad7a,False,True,True,True,False,True
sapt_lora,task1510_evalution_relation_extraction,task1510-2319805135a549ee81c7ab490b5be51e,False,False,False,False,False,False
sapt_lora,task1510_evalution_relation_extraction,task1510-cdc7a811bab040a09feac04cc824d488,False,True,True,True,False,True
sapt_lora,task1510_evalution_relation_extraction,task1510-dbdbfc56a9eb41539d33cfb85beb778f,False,True,True,True,False,True
sapt_lora,task1510_evalution_relation_extraction,task1510-740b65a8b6d34fb598d6bbb413ebd003,False,True,True,True,False,True
sapt_lora,task1510_evalution_relation_extraction,task1510-fdb20d5203f74f7ab2dc226572ff7fcb,False,True,True,True,False,True
sapt_lora,task1510_evalution_relation_extraction,task1510-5f6f81a16f9a40c1b6ad74a090ca492e,False,True,True,True,False,True
sapt_lora,task1510_evalution_relation_extraction,task1510-8bb78af005104d36b940d4de0cad6a69,False,False,False,False,False,False
sapt_lora,task1510_evalution_relation_extraction,task1510-303f5ca2b5324df4867b97414c7ae5de,False,False,False,False,False,False
sapt_lora,task1510_evalution_relation_extraction,task1510-397433c42dbd4b98ae06eac33cd79f13,False,True,True,True,False,True
sapt_lora,task1510_evalution_relation_extraction,task1510-457212e230274e7b865a1edae85db447,False,True,True,True,False,True
sapt_lora,task1510_evalution_relation_extraction,task1510-413f46b93c3c4f838694114bc4644958,False,True,True,True,False,True
sapt_lora,task1510_evalution_relation_extraction,task1510-585037eba7404031940fd12b3da5de87,False,True,True,True,False,True
sapt_lora,task1510_evalution_relation_extraction,task1510-3cc9a628d9364aabbd250ff7e2330ccb,False,False,False,False,False,False
sapt_lora,task1510_evalution_relation_extraction,task1510-b13454e1442c4a8ebddfeba7d575f774,False,True,True,True,False,True
sapt_lora,task1510_evalution_relation_extraction,task1510-3ea1236f8c6f41d68945d31be33146a1,False,False,False,False,False,False
sapt_lora,task1729_personachat_generate_next,task1729-53143860f49c4b868f90de7fd8baa281,False,False,False,False,False,False
sapt_lora,task1729_personachat_generate_next,task1729-59fa5715242c408cbebedb578607b39c,False,False,False,False,False,False
sapt_lora,task1729_personachat_generate_next,task1729-390f9c64b0f04a0b901ecaaa9f8c9b88,False,False,False,False,False,False
sapt_lora,task1729_personachat_generate_next,task1729-071307562328427bb92525937c9ddca1,False,False,False,False,False,False
sapt_lora,task1729_personachat_generate_next,task1729-aa0add0999164cb0a74c9af24a20f2e5,False,False,False,False,False,False
sapt_lora,task1729_personachat_generate_next,task1729-642113519e9f401ab31ba65bf592e473,False,False,False,False,False,False
sapt_lora,task1729_personachat_generate_next,task1729-187565cc03e74345b55be4899107b8e9,False,False,False,False,False,False
sapt_lora,task1729_personachat_generate_next,task1729-75df725797594083b3811b339c00b8cf,False,False,False,False,False,False
sapt_lora,task1729_personachat_generate_next,task1729-3a9d9d83df7b41b9abb9c86dfb4251eb,False,False,False,False,False,False
sapt_lora,task1729_personachat_generate_next,task1729-37f17dac68dd4e8089bf1f7baba855e4,False,False,False,False,False,False
sapt_lora,task1729_personachat_generate_next,task1729-57caf467a48f42688745d4a58e1f36f6,False,False,False,False,False,False
sapt_lora,task1729_personachat_generate_next,task1729-2e1352f2bb1e4621a27e6b4b78bc93c7,False,False,False,False,False,False
sapt_lora,task1729_personachat_generate_next,task1729-50ea4a7033134547817a2916f55bd0e5,False,False,False,False,False,False
sapt_lora,task1729_personachat_generate_next,task1729-56fd4c9de4504f6286488570d49a4df4,False,False,False,False,False,False
sapt_lora,task1729_personachat_generate_next,task1729-535b2eb645534d7bb9b318f8610debea,False,False,False,False,False,False
sapt_lora,task1729_personachat_generate_next,task1729-8951d15b1c4f459e9e1f44becc199a47,False,False,False,False,False,False
sapt_lora,task1729_personachat_generate_next,task1729-07f0e3d19a1d4f53980f97c6ecae60a4,False,False,False,False,False,False
sapt_lora,task1729_personachat_generate_next,task1729-050bcb16594744b5b076c202cc529119,False,False,False,False,False,False
sapt_lora,task1729_personachat_generate_next,task1729-28d1254e80044675bc3f7da1905e6fa9,False,False,False,False,False,False
sapt_lora,task1729_personachat_generate_next,task1729-b2fbbdc8766e4f959563b19f18761d06,False,False,False,False,False,False
sapt_lora,task1729_personachat_generate_next,task1729-8b5c6cb366794bfd946c75ce22b46884,False,False,False,False,False,False
sapt_lora,task1729_personachat_generate_next,task1729-d21a61144acf493b92a73bc6d78c5a05,False,False,False,False,False,False
sapt_lora,task1729_personachat_generate_next,task1729-641badee601146a6b025ee0287d182aa,False,False,False,False,False,False
sapt_lora,task1729_personachat_generate_next,task1729-0dd40ba8ea26424783181316f2cc1b44,False,False,False,False,False,False
sapt_lora,task1729_personachat_generate_next,task1729-8fffccffa086447db9806890bcd7830b,False,False,False,False,False,False
sapt_lora,task1729_personachat_generate_next,task1729-5405683f697c48e1ba7ed4984bab838f,False,False,False,False,False,False
sapt_lora,task1729_personachat_generate_next,task1729-0169ed04e5a34b37a66f8a75689dd6fb,False,False,False,False,False,False
sapt_lora,task1729_personachat_generate_next,task1729-23a658ff6e254ebb95f32d2fb1780ad7,False,False,False,False,False,False
sapt_lora,task1729_personachat_generate_next,task1729-02de596466234e8687e85ddd04c94a9e,False,False,False,False,False,False
sapt_lora,task1729_personachat_generate_next,task1729-e533e1e8cf30401d842e9f2677995200,False,False,False,False,False,False
sapt_lora,task1729_personachat_generate_next,task1729-a775c653c9164486b76b6a97c116bd3d,False,False,False,False,False,False
sapt_lora,task1729_personachat_generate_next,task1729-ba18d71799764969be4eabaa3d2e7a38,False,False,False,False,False,False
sapt_lora,task1729_personachat_generate_next,task1729-84b90afb06584a188718ede73640154d,False,False,False,False,False,False
sapt_lora,task1729_personachat_generate_next,task1729-a963677a2d484463af29d0c37cc22063,False,False,False,False,False,False
sapt_lora,task1729_personachat_generate_next,task1729-d49daadceef74057ad5a18ce366c09ad,False,False,False,False,False,False
sapt_lora,task1729_personachat_generate_next,task1729-06f0dc885fc240ce9925b9d6cfb83b41,False,False,False,False,False,False
sapt_lora,task1729_personachat_generate_next,task1729-2cfb4406b60348629bc64e8377932c27,False,False,False,False,False,False
sapt_lora,task1729_personachat_generate_next,task1729-170782a03ecc48bfb6d28049be6bfeb7,False,False,False,False,False,False
sapt_lora,task1729_personachat_generate_next,task1729-d6b9476ec821447fa76ac8015111752a,False,False,False,False,False,False
sapt_lora,task1729_personachat_generate_next,task1729-31986394ada548c2b8e84389d3cabc01,False,False,False,False,False,False
sapt_lora,task1729_personachat_generate_next,task1729-c7538847c42e49f6b5faa5c84c263fb8,False,False,False,False,False,False
sapt_lora,task1729_personachat_generate_next,task1729-8569d99102a74900baa79e0960467dca,False,False,False,False,False,False
sapt_lora,task1729_personachat_generate_next,task1729-e6594f899d6b4c31b47d46c29c7efdd6,False,False,False,False,False,False
sapt_lora,task1729_personachat_generate_next,task1729-366df6aa0a17498da246f16d0df177f0,False,False,False,False,False,False
sapt_lora,task1729_personachat_generate_next,task1729-7e9beede95db49748577cea1071f02d7,False,False,False,False,False,False
sapt_lora,task1729_personachat_generate_next,task1729-4c2bad170594486aa0b4e4e809fad7da,False,False,False,False,False,False
sapt_lora,task1729_personachat_generate_next,task1729-e2036fcf00784542a435a2cc8ba9f940,False,False,False,False,False,False
sapt_lora,task1729_personachat_generate_next,task1729-6fce449fc2f945db941f161a54fd92bc,False,False,False,False,False,False
sapt_lora,task1729_personachat_generate_next,task1729-9db0f4565257444bb4b7915a7ceb76e3,False,False,False,False,False,False
sapt_lora,task1729_personachat_generate_next,task1729-b49fd1e855004bc3a611bfdcf0fc2927,False,False,False,False,False,False
sapt_lora,task1729_personachat_generate_next,task1729-39a6fbbed66e433ab5ce537586a3b79a,False,False,False,False,False,False
sapt_lora,task1729_personachat_generate_next,task1729-19db73113f17463792346a72f67d6896,False,False,False,False,False,False
sapt_lora,task1729_personachat_generate_next,task1729-1711b11256334da893722821c0360339,False,False,False,False,False,False
sapt_lora,task1729_personachat_generate_next,task1729-d82f0c1b18d44516a8165c9f2de2467c,False,False,False,False,False,False
sapt_lora,task1729_personachat_generate_next,task1729-2a096f91819743e3b6b4a871e845e83e,False,False,False,False,False,False
sapt_lora,task1729_personachat_generate_next,task1729-8d7bbf8d4bf24788a70f50716ae161d2,False,False,False,False,False,False
sapt_lora,task1729_personachat_generate_next,task1729-006fc4059a3d403ab1c2d16dc2947352,False,False,False,False,False,False
sapt_lora,task1729_personachat_generate_next,task1729-e6889e9eeb0f4305b88cec1c535e1896,False,False,False,False,False,False
sapt_lora,task1729_personachat_generate_next,task1729-05b10bbedd4c40efbd79d822f1ac0aaa,False,False,False,False,False,False
sapt_lora,task1729_personachat_generate_next,task1729-9ec28416c31e49128a1a97b8c4453742,False,False,False,False,False,False
sapt_lora,task1729_personachat_generate_next,task1729-1937f2067fb049f5ad69b759c6bd145a,False,False,False,False,False,False
sapt_lora,task1729_personachat_generate_next,task1729-291f0bcb6ccc41d285de7cc3832eb8c6,False,False,False,False,False,False
sapt_lora,task1729_personachat_generate_next,task1729-da65e60eb5b746d7ae52db2de736ee1a,False,False,False,False,False,False
sapt_lora,task1729_personachat_generate_next,task1729-26ca31f9d1bc4336b22490492efb5ff2,False,False,False,False,False,False
sapt_lora,task1729_personachat_generate_next,task1729-966878547a954a3d82027e167aa94210,False,False,False,False,False,False
sapt_lora,task1729_personachat_generate_next,task1729-ba6ecb3d09fb48d19796d50030368979,False,False,False,False,False,False
sapt_lora,task1729_personachat_generate_next,task1729-31774fed071a491cb225ca012a761fbb,False,False,False,False,False,False
sapt_lora,task1729_personachat_generate_next,task1729-313260348317472da337f1a36b54306c,False,False,False,False,False,False
sapt_lora,task1729_personachat_generate_next,task1729-e398af2655f04badbc31b2997d8b64b5,False,False,False,False,False,False
sapt_lora,task1729_personachat_generate_next,task1729-129d4ae913bb40f383e3820bf8c687fa,False,False,False,False,False,False
sapt_lora,task1729_personachat_generate_next,task1729-7bdce87b6ded481caa9c598bfe68fb8a,False,False,False,False,False,False
sapt_lora,task1729_personachat_generate_next,task1729-9e5ab5a66c4f4fcea72e4fa61523d3e2,False,False,False,False,False,False
sapt_lora,task1729_personachat_generate_next,task1729-2dc490764fe04932a714b2c2d9e8018f,False,False,False,False,False,False
sapt_lora,task1729_personachat_generate_next,task1729-d411dca74ba1490c80f1f965a5acb7ee,False,False,False,False,False,False
sapt_lora,task1729_personachat_generate_next,task1729-8895b0c512984f83b2325908dde30ca4,False,False,False,False,False,False
sapt_lora,task1729_personachat_generate_next,task1729-04e30fc9226241898a4261d4961d61eb,False,False,False,False,False,False
sapt_lora,task1729_personachat_generate_next,task1729-5bb3f4df55d84865bdbc7c9e4cf90c58,False,False,False,False,False,False
sapt_lora,task1729_personachat_generate_next,task1729-34de5d0ca08c46fd9ea9a7811545ff7e,False,False,False,False,False,False
sapt_lora,task1729_personachat_generate_next,task1729-f53f6a91362842d38f5af842efc34e26,False,False,False,False,False,False
sapt_lora,task1729_personachat_generate_next,task1729-fd2dd388fb6d4e1a91e85034e717601d,False,False,False,False,False,False
sapt_lora,task1729_personachat_generate_next,task1729-10b87993d50e49ffb4a921527d585873,False,False,False,False,False,False
sapt_lora,task1729_personachat_generate_next,task1729-433302ef49864976a781cadb3e051928,False,False,False,False,False,False
sapt_lora,task1729_personachat_generate_next,task1729-358929faef464722abd23ce5d9cc8a9e,False,False,False,False,False,False
sapt_lora,task1729_personachat_generate_next,task1729-ca9f9f5018e944388bb404311e1cfdcb,False,False,False,False,False,False
sapt_lora,task1729_personachat_generate_next,task1729-70f4008428b242ceab76573b5ebba2cd,False,False,False,False,False,False
sapt_lora,task1729_personachat_generate_next,task1729-b84ddf54d68e4074a703edc277a1991a,False,False,False,False,False,False
sapt_lora,task1729_personachat_generate_next,task1729-42aff878c1204569affd5ab167b1c39f,False,False,False,False,False,False
sapt_lora,task1729_personachat_generate_next,task1729-cf500d5efac94604aae0f0b788b7db7f,False,False,False,False,False,False
sapt_lora,task1729_personachat_generate_next,task1729-5321ee68cef7416dbe9731c7e845bd29,False,False,False,False,False,False
sapt_lora,task1729_personachat_generate_next,task1729-07ee7c7b5f6e425bbd080f8fd4b1a825,False,False,False,False,False,False
sapt_lora,task1729_personachat_generate_next,task1729-54674a67c7b946f8b49136d7986db04a,False,False,False,False,False,False
sapt_lora,task1729_personachat_generate_next,task1729-0263974bbfdb47fa95d67b51df2565b0,False,False,False,False,False,False
sapt_lora,task1729_personachat_generate_next,task1729-87d818925d2b4997b5167b84b49ebe98,False,False,False,False,False,False
sapt_lora,task1729_personachat_generate_next,task1729-001ec7857510435984fb55bcc34a3833,False,False,False,False,False,False
sapt_lora,task1729_personachat_generate_next,task1729-7a1db2475a0f4d5186aba6b4fcc836bb,False,False,False,False,False,False
sapt_lora,task1729_personachat_generate_next,task1729-dcba8addb15d4f6a80525c41e878c58c,False,False,False,False,False,False
sapt_lora,task1729_personachat_generate_next,task1729-0c28929e937f49f3a54e366c0106345b,False,False,False,False,False,False
sapt_lora,task1729_personachat_generate_next,task1729-e5b77bb4a03d41ae956039aca46f6832,False,False,False,False,False,False
sapt_lora,task1729_personachat_generate_next,task1729-e0a35d3d24084b9cadb3cfd3a074905b,False,False,False,False,False,False
sapt_lora,task1729_personachat_generate_next,task1729-5582a36a75284eb7853c565b3ae270d1,False,False,False,False,False,False
sapt_lora,task1729_personachat_generate_next,task1729-f58d487f6b854440ac7b6722518c7e2b,False,False,False,False,False,False
sapt_lora,task1729_personachat_generate_next,task1729-623255f6882c47e0b26b6bc3a73a4493,False,False,False,False,False,False
sapt_lora,task1729_personachat_generate_next,task1729-41a7d44a89284e7ca6b4bcca4ebed908,False,False,False,False,False,False
sapt_lora,task1729_personachat_generate_next,task1729-e67d1dcc91e0494c8fb652cad2b67f43,False,False,False,False,False,False
sapt_lora,task1729_personachat_generate_next,task1729-02d9f3c9c9eb4d81b28d3decba7ac15b,False,False,False,False,False,False
sapt_lora,task1729_personachat_generate_next,task1729-08c5ad3a6e6745d789e42126eb7533f3,False,False,False,False,False,False
sapt_lora,task1729_personachat_generate_next,task1729-df1187fc9f7f4f79b6397c1fb0ae8303,False,False,False,False,False,False
sapt_lora,task1729_personachat_generate_next,task1729-1f3943e60f8e47b2b5cb51aeca90fe26,False,False,False,False,False,False
sapt_lora,task1729_personachat_generate_next,task1729-a7b4cc4efcb54646ac64c1808b107264,False,False,False,False,False,False
sapt_lora,task1729_personachat_generate_next,task1729-a5536f6798ad47b387df80c0fb8e65f1,False,False,False,False,False,False
sapt_lora,task1729_personachat_generate_next,task1729-01b6b7b0c5454a3c8dbbf66a9c7e9c2c,False,False,False,False,False,False
sapt_lora,task1729_personachat_generate_next,task1729-80dc2a9a010c442bb9114c04cba70ece,False,False,False,False,False,False
sapt_lora,task1729_personachat_generate_next,task1729-beba0dd4e4f84bc98cf20c9fd86060b4,False,False,False,False,False,False
sapt_lora,task1729_personachat_generate_next,task1729-c8139a8e12314b76b2321c3308a39707,False,False,False,False,False,False
sapt_lora,task1729_personachat_generate_next,task1729-3bc7a6710f574f35bfe2b9eaf00e6a2b,False,False,False,False,False,False
sapt_lora,task1729_personachat_generate_next,task1729-2a905d2cd9ff471597ee37a8e82e29ad,False,False,False,False,False,False
sapt_lora,task1729_personachat_generate_next,task1729-b63370130c1048b28f8ddd6eb202d26a,False,False,False,False,False,False
sapt_lora,task1729_personachat_generate_next,task1729-916aa97726844e0eb47ce6387d47ec77,False,False,False,False,False,False
sapt_lora,task1729_personachat_generate_next,task1729-8f67ee063964460d97e8dfd08b5702df,False,False,False,False,False,False
sapt_lora,task1729_personachat_generate_next,task1729-171f8f2a4403489fb359bf1d8f88499a,False,False,False,False,False,False
sapt_lora,task1729_personachat_generate_next,task1729-76bf9a217bba4a5d9e7dd3b8e21a57d9,False,False,False,False,False,False
sapt_lora,task1729_personachat_generate_next,task1729-c6c2a16f00c142a284175afcf797a775,False,False,False,False,False,False
sapt_lora,task1729_personachat_generate_next,task1729-b1934b9d7b174c8da868ec51a30c82c2,False,False,False,False,False,False
sapt_lora,task1729_personachat_generate_next,task1729-d4cbed52d0874a89a1cac95d0401ff7c,False,False,False,False,False,False
sapt_lora,task1729_personachat_generate_next,task1729-15c51e0d16b14c338cac0ec9a0ad3d3c,False,False,False,False,False,False
sapt_lora,task1729_personachat_generate_next,task1729-df1b6e3d1f2b488bb930a8d33a51cb83,False,False,False,False,False,False
sapt_lora,task1729_personachat_generate_next,task1729-9f03cb9ef42a43baa78e9a79089a07b8,False,False,False,False,False,False
sapt_lora,task1729_personachat_generate_next,task1729-ca1ff54203bb4d1baa32149a571a93f8,False,False,False,False,False,False
sapt_lora,task1729_personachat_generate_next,task1729-a317ee577f2546d2b3d861ebee2db593,False,False,False,False,False,False
sapt_lora,task1729_personachat_generate_next,task1729-ebff6c03e47d480c9b9e41a70792197a,False,False,False,False,False,False
sapt_lora,task1729_personachat_generate_next,task1729-4b1984aa461a4539a4b4097f06310bbd,False,False,False,False,False,False
sapt_lora,task1729_personachat_generate_next,task1729-121c460f880d475db561e50212fd1847,False,False,False,False,False,False
sapt_lora,task1729_personachat_generate_next,task1729-6714cd75082f423da33e32d4590bccf7,False,False,False,False,False,False
sapt_lora,task1729_personachat_generate_next,task1729-d56e745df9424a4287af87ff651be9b4,False,False,False,False,False,False
sapt_lora,task1729_personachat_generate_next,task1729-c0dcc53050764c6db6968cc9d0266033,False,False,False,False,False,False
sapt_lora,task1729_personachat_generate_next,task1729-bbe6f70d9bb643748613418ba08842d3,False,False,False,False,False,False
sapt_lora,task1729_personachat_generate_next,task1729-945e8c4b16ca4d0488de4704e1c87a8d,False,False,False,False,False,False
sapt_lora,task1729_personachat_generate_next,task1729-7a7e2460672a4f809355d205d36e2a9a,False,False,False,False,False,False
sapt_lora,task1729_personachat_generate_next,task1729-e3c660e16ed4403ca8df09a795ab8a97,False,False,False,False,False,False
sapt_lora,task1729_personachat_generate_next,task1729-74893bcc66ba49da84fa1c290689d386,False,False,False,False,False,False
sapt_lora,task1729_personachat_generate_next,task1729-cca9ffd8a3da426ea68e52da203fc549,False,False,False,False,False,False
sapt_lora,task1729_personachat_generate_next,task1729-ff41968abdf7478fbe7c09f7e8b4f252,False,False,False,False,False,False
sapt_lora,task1729_personachat_generate_next,task1729-29779555bc864c30bb9e6bdc8147c25e,False,False,False,False,False,False
sapt_lora,task1729_personachat_generate_next,task1729-c4c9ec115ba74d0f85e773fc0cce3c9a,False,False,False,False,False,False
sapt_lora,task1729_personachat_generate_next,task1729-ebcd417cde8b4255b511dde45de5b547,False,False,False,False,False,False
sapt_lora,task1729_personachat_generate_next,task1729-5e5d3cce08654dad8cda3f2c72f21ca2,False,False,False,False,False,False
sapt_lora,task1729_personachat_generate_next,task1729-33aefa8ef55d4622883d7f80a6124d64,False,False,False,False,False,False
sapt_lora,task1729_personachat_generate_next,task1729-eaec1985b0684bafaac163fc117e2a3f,False,False,False,False,False,False
sapt_lora,task1729_personachat_generate_next,task1729-c7532578fecd49448598b89e171fce7b,False,False,False,False,False,False
sapt_lora,task1729_personachat_generate_next,task1729-f108b756dfe04fba8aa57e7c27c7556c,False,False,False,False,False,False
sapt_lora,task1729_personachat_generate_next,task1729-65c1919779494cf6805331c0af71f9d5,False,False,False,False,False,False
sapt_lora,task1729_personachat_generate_next,task1729-0b44f557f50e493db875c58493b23fac,False,False,False,False,False,False
sapt_lora,task1729_personachat_generate_next,task1729-4bc70f098f5540629666b321277faa7e,False,False,False,False,False,False
sapt_lora,task1729_personachat_generate_next,task1729-e484af45da234002bf1326bd78a60c5d,False,False,False,False,False,False
sapt_lora,task1729_personachat_generate_next,task1729-ccb290a148d248a9a3b79467eb4f5bca,False,False,False,False,False,False
sapt_lora,task1729_personachat_generate_next,task1729-5544da88f4454656959441c0197488bd,False,False,False,False,False,False
sapt_lora,task1729_personachat_generate_next,task1729-2c21ac58e10240d6b92a79b8a9aa1796,False,False,False,False,False,False
sapt_lora,task1729_personachat_generate_next,task1729-f9bc025fcb774d45923d90407653db11,False,False,False,False,False,False
sapt_lora,task1729_personachat_generate_next,task1729-b56bc6698fe540318da5752330441191,False,False,False,False,False,False
sapt_lora,task1729_personachat_generate_next,task1729-aa0f9a2de9a34271bc1a3e72496509a2,False,False,False,False,False,False
sapt_lora,task1729_personachat_generate_next,task1729-8f26242e7a0e409ea6429726874b448c,False,False,False,False,False,False
sapt_lora,task1729_personachat_generate_next,task1729-08abfec52d72484db65cc6192cb797bc,False,False,False,False,False,False
sapt_lora,task1729_personachat_generate_next,task1729-50d1f4e0dbc940c1b8714c6056f17741,False,False,False,False,False,False
sapt_lora,task1729_personachat_generate_next,task1729-a2c25ae71717481da365570d31928dbc,False,False,False,False,False,False
sapt_lora,task1729_personachat_generate_next,task1729-500928b0b3774231a851e5ed3943af35,False,False,False,False,False,False
sapt_lora,task1729_personachat_generate_next,task1729-64a3046f1cd24821a5fbfdf2ae149e2f,False,False,False,False,False,False
sapt_lora,task1729_personachat_generate_next,task1729-13e37c5ad2144c09bfe422802fa18811,False,False,False,False,False,False
sapt_lora,task1729_personachat_generate_next,task1729-3c8172ba235749b88311b284dcf4cbd4,False,False,False,False,False,False
sapt_lora,task1729_personachat_generate_next,task1729-1b0a3b48554140ac9112de1db8e5e843,False,False,False,False,False,False
sapt_lora,task1729_personachat_generate_next,task1729-22de11d552b147f888fa30b26514eddc,False,False,False,False,False,False
sapt_lora,task1729_personachat_generate_next,task1729-33aad77bf2f04fe68665c5d53d49fa90,False,False,False,False,False,False
sapt_lora,task1729_personachat_generate_next,task1729-292b74cfe2244e39951e9364889a6a4a,False,False,False,False,False,False
sapt_lora,task1729_personachat_generate_next,task1729-d7a21108aef243eaa4617c4c1da20906,False,False,False,False,False,False
sapt_lora,task1729_personachat_generate_next,task1729-9ab73fa1c6d0485b947488524644c42c,False,False,False,False,False,False
sapt_lora,task1729_personachat_generate_next,task1729-fb52e3b6c2e14b91af9fc64403fe618a,False,False,False,False,False,False
sapt_lora,task1729_personachat_generate_next,task1729-34492fd9ce6b4347a646943217d97f28,False,False,False,False,False,False
sapt_lora,task1729_personachat_generate_next,task1729-c797f9adb9b24e16a34778e49b09d4b3,False,False,False,False,False,False
sapt_lora,task1729_personachat_generate_next,task1729-199c28440b28472a94308ce9178eab59,False,False,False,False,False,False
sapt_lora,task1729_personachat_generate_next,task1729-700b28402ea448e0ace915381673890e,False,False,False,False,False,False
sapt_lora,task1729_personachat_generate_next,task1729-a4cf656be56d41ee8e1269ac526e1c87,False,False,False,False,False,False
sapt_lora,task1729_personachat_generate_next,task1729-1f3e4e9f5fb34359bfd7ac5cebbdcc94,False,False,False,False,False,False
sapt_lora,task1729_personachat_generate_next,task1729-7449349a22fb421d8f899bb9943fce9f,False,False,False,False,False,False
sapt_lora,task1729_personachat_generate_next,task1729-9e4696f9cfb4426c8cfdd670c1855ea3,False,False,False,False,False,False
sapt_lora,task1729_personachat_generate_next,task1729-095f2096efa24cffa6c15ef08d25a2a2,False,False,False,False,False,False
sapt_lora,task1729_personachat_generate_next,task1729-9be1819695674ec1be9897915ef39de5,False,False,False,False,False,False
sapt_lora,task1729_personachat_generate_next,task1729-453251e011884716bbb9b2e0d963d91b,False,False,False,False,False,False
sapt_lora,task1729_personachat_generate_next,task1729-19c2b9f44d0c4de89c4601844cfc06f4,False,False,False,False,False,False
sapt_lora,task1729_personachat_generate_next,task1729-8c4ae0f696a74d1fb628071be3351618,False,False,False,False,False,False
sapt_lora,task1729_personachat_generate_next,task1729-fb98403f153c486aaa933894842026d5,False,False,False,False,False,False
sapt_lora,task1729_personachat_generate_next,task1729-078929d6184d48fbb394a03d80e31b8e,False,False,False,False,False,False
sapt_lora,task1729_personachat_generate_next,task1729-b615de203c6f45a08fdf034ae0f9a1b1,False,False,False,False,False,False
sapt_lora,task1729_personachat_generate_next,task1729-1a46957662af4916b66ce52308744ecf,False,False,False,False,False,False
sapt_lora,task1729_personachat_generate_next,task1729-d1322900bf4e49f39d19ef21f7611867,False,False,False,False,False,False
sapt_lora,task1729_personachat_generate_next,task1729-0587480608fc4dac96293572e4e5c3bb,False,False,False,False,False,False
sapt_lora,task1729_personachat_generate_next,task1729-82758acff6ea4d8ba26f55fcf5549bf6,False,False,False,False,False,False
sapt_lora,task1729_personachat_generate_next,task1729-2b04b3b13d884bafa3c7f768e10bfbc2,False,False,False,False,False,False
sapt_lora,task1729_personachat_generate_next,task1729-165e240b46b8476bb965232309fe464c,False,False,False,False,False,False
sapt_lora,task1729_personachat_generate_next,task1729-0c6dfc6723ed4491a7cbf657d1473713,False,False,False,False,False,False
sapt_lora,task1729_personachat_generate_next,task1729-4a2344cae0de4a558fafa30668869128,False,False,False,False,False,False
sapt_lora,task1729_personachat_generate_next,task1729-07691102a3454acdbc723be005572349,False,False,False,False,False,False
sapt_lora,task748_glucose_reverse_cause_event_detection,task748-2f188cfafd6043ad86d7806cba4a41da,False,False,False,False,False,False
sapt_lora,task748_glucose_reverse_cause_event_detection,task748-ea08ef7008cf4bdc91f6ea900f7ce070,False,False,False,False,False,False
sapt_lora,task748_glucose_reverse_cause_event_detection,task748-bda06ebdabb74456b082202098633178,False,False,False,False,False,False
sapt_lora,task748_glucose_reverse_cause_event_detection,task748-8129cc5c6393413d99c837270132f11d,False,False,False,False,False,False
sapt_lora,task748_glucose_reverse_cause_event_detection,task748-556f9f1b23ff47c3912681c43ed8e7db,False,False,False,False,False,False
sapt_lora,task748_glucose_reverse_cause_event_detection,task748-3930b704471a4f48a42456713d905187,False,False,False,False,False,False
sapt_lora,task748_glucose_reverse_cause_event_detection,task748-6fe5fc2865ab44eb8634bd98b36e1264,False,False,False,False,False,False
sapt_lora,task748_glucose_reverse_cause_event_detection,task748-aff4fdc25b0640b7b50e905751d620c4,False,False,False,False,False,False
sapt_lora,task748_glucose_reverse_cause_event_detection,task748-02b90dcbe91549be8b79f04578ec2d09,False,False,False,False,False,False
sapt_lora,task748_glucose_reverse_cause_event_detection,task748-4171f5066bd4420ebdabdc5a96a0ab03,False,False,False,False,False,False
sapt_lora,task748_glucose_reverse_cause_event_detection,task748-17f933f4187b44c79c39feabefaa0dc5,False,False,False,False,False,False
sapt_lora,task748_glucose_reverse_cause_event_detection,task748-3487d1879f584902b70364261f88f00d,False,False,False,False,False,False
sapt_lora,task748_glucose_reverse_cause_event_detection,task748-91131b6b1ad14404b969477a44ae3837,False,False,False,False,False,False
sapt_lora,task748_glucose_reverse_cause_event_detection,task748-e05b3255999a443bb990dd8b93bab919,False,False,False,False,False,False
sapt_lora,task748_glucose_reverse_cause_event_detection,task748-60e58717b30e40af96d91469c402897d,False,False,False,False,False,False
sapt_lora,task748_glucose_reverse_cause_event_detection,task748-48e79f6b165d475f92afeb916759bab9,False,False,False,False,False,False
sapt_lora,task748_glucose_reverse_cause_event_detection,task748-3db61f9dc97e434ba1b83109cd46f34d,False,False,False,False,False,False
sapt_lora,task748_glucose_reverse_cause_event_detection,task748-4ed2fda98027456698d21890d58370ff,False,False,False,False,False,False
sapt_lora,task748_glucose_reverse_cause_event_detection,task748-2c114491ad5e4fc08fa27b26d3d32a16,False,False,False,False,False,False
sapt_lora,task748_glucose_reverse_cause_event_detection,task748-ac968cd951904608b57577f1655296aa,False,False,False,False,False,False
sapt_lora,task748_glucose_reverse_cause_event_detection,task748-7e311345214c45ffbcec9e974cc4b63c,False,False,False,False,False,False
sapt_lora,task748_glucose_reverse_cause_event_detection,task748-5593528f9bf446a5b4a8ba30c83787ea,False,False,False,False,False,False
sapt_lora,task748_glucose_reverse_cause_event_detection,task748-21a67d605dcf4020a9b7b41fe6cb4685,False,False,False,False,False,False
sapt_lora,task748_glucose_reverse_cause_event_detection,task748-fe95f87f959a4511857f90211d629e25,False,False,False,False,False,False
sapt_lora,task748_glucose_reverse_cause_event_detection,task748-9e9042bad2e847c49aafbe0d69d7ad5d,False,False,False,False,False,False
sapt_lora,task748_glucose_reverse_cause_event_detection,task748-5630376a64fd4502910d2badc874d095,False,False,False,False,False,False
sapt_lora,task748_glucose_reverse_cause_event_detection,task748-564be43d09cf4bcda09c90e8d4729f50,False,False,False,False,False,False
sapt_lora,task748_glucose_reverse_cause_event_detection,task748-099b98d74b9b4201bc09782464b8fe75,False,False,False,False,False,False
sapt_lora,task748_glucose_reverse_cause_event_detection,task748-415a12c2dce34b33924a6a26ead9c0cb,False,False,False,False,False,False
sapt_lora,task748_glucose_reverse_cause_event_detection,task748-24514ce1d6214886b9cc01b131e810b9,False,False,False,False,False,False
sapt_lora,task748_glucose_reverse_cause_event_detection,task748-46ccb91f00874b01ae23b2c386633840,False,False,False,False,False,False
sapt_lora,task748_glucose_reverse_cause_event_detection,task748-fc55ad9c2f13416a818403a3df233c1b,False,False,False,False,False,False
sapt_lora,task748_glucose_reverse_cause_event_detection,task748-2a3b9768a99740cba3693b8ca12e9180,False,False,False,False,False,False
sapt_lora,task748_glucose_reverse_cause_event_detection,task748-764a1ea0003445049f169246521b261a,False,False,False,False,False,False
sapt_lora,task748_glucose_reverse_cause_event_detection,task748-c738367e4908465f8d9e36a6650a6de4,False,False,False,False,False,False
sapt_lora,task748_glucose_reverse_cause_event_detection,task748-eda83b20404e4c92bdfefe3ef597ea56,False,False,False,False,False,False
sapt_lora,task748_glucose_reverse_cause_event_detection,task748-b3492cf67dc8463d925743f946aa9d39,False,False,False,False,False,False
sapt_lora,task748_glucose_reverse_cause_event_detection,task748-f189a7fd41fc473b9b819b83d094a9d5,False,False,False,False,False,False
sapt_lora,task748_glucose_reverse_cause_event_detection,task748-42de4fa830bc4328b77a944dd59bb7d6,False,False,False,False,False,False
sapt_lora,task748_glucose_reverse_cause_event_detection,task748-80fe28ba576d4c4b8d33c2868f7e7c9d,False,False,False,False,False,False
sapt_lora,task748_glucose_reverse_cause_event_detection,task748-3e4349f1238344b88c7576ddb083cc9c,False,False,False,False,False,False
sapt_lora,task748_glucose_reverse_cause_event_detection,task748-17ccd76dd4e44c69adc767cda6dea9f7,False,False,False,False,False,False
sapt_lora,task748_glucose_reverse_cause_event_detection,task748-2730a7d5f5994a7ab93c3d0e1bb81fa6,False,False,False,False,False,False
sapt_lora,task748_glucose_reverse_cause_event_detection,task748-0eaa61227f0a4222ba7639d8057f0042,False,False,False,False,False,False
sapt_lora,task748_glucose_reverse_cause_event_detection,task748-e03af2c413bb4d0bbe34064a4a32e5bf,False,False,False,False,False,False
sapt_lora,task748_glucose_reverse_cause_event_detection,task748-b8472ee96afb4aaa8213a448d06e13ca,False,False,False,False,False,False
sapt_lora,task748_glucose_reverse_cause_event_detection,task748-bef89369826b4806aa9c2e7c6a195222,False,False,False,False,False,False
sapt_lora,task748_glucose_reverse_cause_event_detection,task748-9faea50fdd6d43f8b14653978ff7cd9c,False,False,False,False,False,False
sapt_lora,task748_glucose_reverse_cause_event_detection,task748-2413fbcb9fee4d99a8f1cf97c052cacd,False,False,False,False,False,False
sapt_lora,task748_glucose_reverse_cause_event_detection,task748-b76429d915a74543983ab3ae312613cd,False,False,False,False,False,False
sapt_lora,task748_glucose_reverse_cause_event_detection,task748-64d2d143e3944b9680c53ef4351dafd9,False,False,False,False,False,False
sapt_lora,task748_glucose_reverse_cause_event_detection,task748-c04ac919863e46bc8afeeb1fc333040a,False,False,False,False,False,False
sapt_lora,task748_glucose_reverse_cause_event_detection,task748-8d529d9923a24fd89b8d137123d30127,False,False,False,False,False,False
sapt_lora,task748_glucose_reverse_cause_event_detection,task748-f6a63344330a4d66af76e348925221c5,False,False,False,False,False,False
sapt_lora,task748_glucose_reverse_cause_event_detection,task748-d0f81288248642fcb840a1e4ded26d73,False,False,False,False,False,False
sapt_lora,task748_glucose_reverse_cause_event_detection,task748-8677040e009e4a9c8fb26a94305ab32e,False,False,False,False,False,False
sapt_lora,task748_glucose_reverse_cause_event_detection,task748-3dc3cc3aee784da98402163e5daead60,False,False,False,False,False,False
sapt_lora,task748_glucose_reverse_cause_event_detection,task748-9af14bd0f0214322be2c2265829a088e,False,False,False,False,False,False
sapt_lora,task748_glucose_reverse_cause_event_detection,task748-f161f3ecfd80405d805fc05ff3c0a2f5,False,False,False,False,False,False
sapt_lora,task748_glucose_reverse_cause_event_detection,task748-54c930fcf0ff4eb4bb0ae262316e6db5,False,False,False,False,False,False
sapt_lora,task748_glucose_reverse_cause_event_detection,task748-05fddce85a7d4d349b0302e8b16026bd,False,False,False,False,False,False
sapt_lora,task748_glucose_reverse_cause_event_detection,task748-20dac3760c5b412f93a59e9b9a294b24,False,False,False,False,False,False
sapt_lora,task748_glucose_reverse_cause_event_detection,task748-5e09d661f26949f78270c49de406b8ee,False,False,False,False,False,False
sapt_lora,task748_glucose_reverse_cause_event_detection,task748-2e33e2e222324dfab9b5c33222804c85,False,False,False,False,False,False
sapt_lora,task748_glucose_reverse_cause_event_detection,task748-be1b1cbfb9f64673984e1b5a01c4e25b,False,False,False,False,False,False
sapt_lora,task748_glucose_reverse_cause_event_detection,task748-6195c56c0dda4475b9891e432b6bb2d2,False,False,False,False,False,False
sapt_lora,task748_glucose_reverse_cause_event_detection,task748-4e2d55b7ae574368ab28e927db4b4d53,False,False,False,False,False,False
sapt_lora,task748_glucose_reverse_cause_event_detection,task748-4d07632776b043b796914d5fa9e8e9d6,False,False,False,False,False,False
sapt_lora,task748_glucose_reverse_cause_event_detection,task748-b2e0a9a7059344edbf0756c4323fc371,False,False,False,False,False,False
sapt_lora,task748_glucose_reverse_cause_event_detection,task748-0d0084db121044f29781929f2198f9dd,False,False,False,False,False,False
sapt_lora,task748_glucose_reverse_cause_event_detection,task748-a13df7d761f44a548103e10c4fb2bd6b,False,False,False,False,False,False
sapt_lora,task748_glucose_reverse_cause_event_detection,task748-d351e9850d0447cf9a3dddcaf1e043ba,False,False,False,False,False,False
sapt_lora,task748_glucose_reverse_cause_event_detection,task748-ce0e781c83e047f58b3b4f52cc86528e,False,False,False,False,False,False
sapt_lora,task748_glucose_reverse_cause_event_detection,task748-3d255d4fd1734d369b1b4ed44080096f,False,False,False,False,False,False
sapt_lora,task748_glucose_reverse_cause_event_detection,task748-6142d6f2ab80450585a052d4bb56297b,False,False,False,False,False,False
sapt_lora,task748_glucose_reverse_cause_event_detection,task748-15740c12564e43b489a85fc79989bf7f,False,False,False,False,False,False
sapt_lora,task748_glucose_reverse_cause_event_detection,task748-18b37fefadff48499b7af08226574def,False,False,False,False,False,False
sapt_lora,task748_glucose_reverse_cause_event_detection,task748-9341dcf36fcc419ca899dc93d0e1ffc4,False,False,False,False,False,False
sapt_lora,task748_glucose_reverse_cause_event_detection,task748-a05628670c024be3a1f6a6d81fd95163,False,False,False,False,False,False
sapt_lora,task748_glucose_reverse_cause_event_detection,task748-caf3cc9a4b274438b3eed548b0f5381f,False,False,False,False,False,False
sapt_lora,task748_glucose_reverse_cause_event_detection,task748-71a4b20778224721a5d4a937a3c6e322,False,False,False,False,False,False
sapt_lora,task748_glucose_reverse_cause_event_detection,task748-7c3c381eab6d41809e691d62a875e933,False,False,False,False,False,False
sapt_lora,task748_glucose_reverse_cause_event_detection,task748-7215b2ad6f264ac4a5f6055ac4922f95,False,False,False,False,False,False
sapt_lora,task748_glucose_reverse_cause_event_detection,task748-9d14794ea33e4a0b9c5a29282898fc2f,False,False,False,False,False,False
sapt_lora,task748_glucose_reverse_cause_event_detection,task748-84aac3761c9349f3bcd2cd11a9f4a26e,False,False,False,False,False,False
sapt_lora,task748_glucose_reverse_cause_event_detection,task748-3e5c5dc9487a47818feda93380c61c86,False,False,False,False,False,False
sapt_lora,task748_glucose_reverse_cause_event_detection,task748-62c0e108b9074d9aa34625fc14bb11c2,False,False,False,False,False,False
sapt_lora,task748_glucose_reverse_cause_event_detection,task748-af9c949f666e48199efbb0ef06455cd4,False,False,False,False,False,False
sapt_lora,task748_glucose_reverse_cause_event_detection,task748-d814e3e7ab814c15b4d5fe2182df3a32,False,False,False,False,False,False
sapt_lora,task748_glucose_reverse_cause_event_detection,task748-03781ed6ab3b4d5e942a0f6b34a3e114,False,False,False,False,False,False
sapt_lora,task748_glucose_reverse_cause_event_detection,task748-e454907b4bb34ca6aaf826c526eda2a9,False,False,False,False,False,False
sapt_lora,task748_glucose_reverse_cause_event_detection,task748-9576d6c024fa419db985de28f2cecb4e,False,False,False,False,False,False
sapt_lora,task748_glucose_reverse_cause_event_detection,task748-05c1548b9a6b423d8e93bfb9c8cd7c53,False,False,False,False,False,False
sapt_lora,task748_glucose_reverse_cause_event_detection,task748-98545eca96864020940df70930b969e1,False,False,False,False,False,False
sapt_lora,task748_glucose_reverse_cause_event_detection,task748-d3c90e2986e3456eb7c9156d1aedfd7b,False,False,False,False,False,False
sapt_lora,task748_glucose_reverse_cause_event_detection,task748-b68ea40eca1f4662aa8d0a15fc290f17,False,False,False,False,False,False
sapt_lora,task748_glucose_reverse_cause_event_detection,task748-80097fa6068c432cb688d6fda2cf26b5,False,False,False,False,False,False
sapt_lora,task748_glucose_reverse_cause_event_detection,task748-83d362bb14214a81a02710c020d41988,False,False,False,False,False,False
sapt_lora,task748_glucose_reverse_cause_event_detection,task748-107ed75bd11944b28c918185b821836d,False,False,False,False,False,False
sapt_lora,task748_glucose_reverse_cause_event_detection,task748-54ba208826b845a5a396668d0c400bc4,False,False,False,False,False,False
sapt_lora,task748_glucose_reverse_cause_event_detection,task748-41ee722d157c4f6c9194ebf3995e2723,False,False,False,False,False,False
sapt_lora,task748_glucose_reverse_cause_event_detection,task748-a3d29e0324f94e82a86c909b7fa7286c,False,False,False,False,False,False
sapt_lora,task748_glucose_reverse_cause_event_detection,task748-750344bf27b1424396c4e97f0e5b3f0b,False,False,False,False,False,False
sapt_lora,task748_glucose_reverse_cause_event_detection,task748-631490a7c99149d8a6c97b980081865f,False,False,False,False,False,False
sapt_lora,task748_glucose_reverse_cause_event_detection,task748-63b0d62fd2854d81be58e69ed8da0889,False,False,False,False,False,False
sapt_lora,task748_glucose_reverse_cause_event_detection,task748-f9f58e640ef54bf793e5e0b13e7535c7,False,False,False,False,False,False
sapt_lora,task748_glucose_reverse_cause_event_detection,task748-47ad629bb77145a2bb6213827953b18d,False,False,False,False,False,False
sapt_lora,task748_glucose_reverse_cause_event_detection,task748-3c715e7350f94489a0886dc2677f132c,False,False,False,False,False,False
sapt_lora,task748_glucose_reverse_cause_event_detection,task748-e0f537926a6241ab94af4e9f49de2da5,False,False,False,False,False,False
sapt_lora,task748_glucose_reverse_cause_event_detection,task748-694e443d3da74215a7cf2555d402be59,False,False,False,False,False,False
sapt_lora,task748_glucose_reverse_cause_event_detection,task748-0c6cd3ccada941eeb9609505723cdc30,False,False,False,False,False,False
sapt_lora,task748_glucose_reverse_cause_event_detection,task748-f7fcd806b18c4a8e85abb64b44beda57,False,False,False,False,False,False
sapt_lora,task748_glucose_reverse_cause_event_detection,task748-ca80103e7f274ae09f8d2001941bc5db,False,False,False,False,False,False
sapt_lora,task748_glucose_reverse_cause_event_detection,task748-d94ef61c2fa34a07a1c21c30ff91ccc6,False,False,False,False,False,False
sapt_lora,task748_glucose_reverse_cause_event_detection,task748-6f53810f51ea4eb4be0f55d073396218,False,False,False,False,False,False
sapt_lora,task748_glucose_reverse_cause_event_detection,task748-50a79700126e4ef1b31b698e9ffd5b9e,False,False,False,False,False,False
sapt_lora,task748_glucose_reverse_cause_event_detection,task748-0c3a60d8456c47c6bb57c26b47c01619,False,False,False,False,False,False
sapt_lora,task748_glucose_reverse_cause_event_detection,task748-9201ca38abf04c99886e4dcc052d5199,False,False,False,False,False,False
sapt_lora,task748_glucose_reverse_cause_event_detection,task748-2ac8a142dbae47fe919df48cb9e0b4a5,False,False,False,False,False,False
sapt_lora,task748_glucose_reverse_cause_event_detection,task748-2c7bc696c1a5435ab57e5d0426849916,False,False,False,False,False,False
sapt_lora,task748_glucose_reverse_cause_event_detection,task748-36bfa3ec8c8a4b84a4dfd55ae6d097a9,False,False,False,False,False,False
sapt_lora,task748_glucose_reverse_cause_event_detection,task748-a3fba2783f734e7387f6505bdf040ea4,False,False,False,False,False,False
sapt_lora,task748_glucose_reverse_cause_event_detection,task748-8e867282adb34e54a06975b6778dbceb,False,False,False,False,False,False
sapt_lora,task748_glucose_reverse_cause_event_detection,task748-ebfd6210ef3e4f7a9a519fb631784f69,False,False,False,False,False,False
sapt_lora,task748_glucose_reverse_cause_event_detection,task748-92c3e5b2b91842a994467d54c4a7b719,False,False,False,False,False,False
sapt_lora,task748_glucose_reverse_cause_event_detection,task748-96d87d9ae2964e1d81ffadb3db63feff,False,False,False,False,False,False
sapt_lora,task748_glucose_reverse_cause_event_detection,task748-a42bb98febe34bacba41843330e50b0c,False,False,False,False,False,False
sapt_lora,task748_glucose_reverse_cause_event_detection,task748-6eff2b685f554e83adb6c957e0ab0ca8,False,False,False,False,False,False
sapt_lora,task748_glucose_reverse_cause_event_detection,task748-734666e3938146d1a82d8878ad0583e5,False,False,False,False,False,False
sapt_lora,task748_glucose_reverse_cause_event_detection,task748-2c7a6e0fb1c94376909ea93810832b10,False,False,False,False,False,False
sapt_lora,task748_glucose_reverse_cause_event_detection,task748-737355ebec584ad192347b5637e76f34,False,False,False,False,False,False
sapt_lora,task748_glucose_reverse_cause_event_detection,task748-d9a06c50090b47c3a118d6c5479e9ea9,False,False,False,False,False,False
sapt_lora,task748_glucose_reverse_cause_event_detection,task748-4e6589dd29984f4f867e9dd67384c469,False,False,False,False,False,False
sapt_lora,task748_glucose_reverse_cause_event_detection,task748-ddf74ab01912458985850b952b51f1f9,False,False,False,False,False,False
sapt_lora,task748_glucose_reverse_cause_event_detection,task748-4f813fb0f79c4d6b926be3b6f68d417a,False,False,False,False,False,False
sapt_lora,task748_glucose_reverse_cause_event_detection,task748-6c84b3f719ec4db2bd94ae466f90efde,False,False,False,False,False,False
sapt_lora,task748_glucose_reverse_cause_event_detection,task748-ba1f8c3dd3254644b4c3c53ad29fe522,False,False,False,False,False,False
sapt_lora,task748_glucose_reverse_cause_event_detection,task748-74e9f8e366de42a7b77f7ffbd2aca664,False,False,False,False,False,False
sapt_lora,task748_glucose_reverse_cause_event_detection,task748-4f7b22ff271e4b87a74555698b4b4fd2,False,False,False,False,False,False
sapt_lora,task748_glucose_reverse_cause_event_detection,task748-4953e1f0dde24921a18d9a9721b225fc,False,False,False,False,False,False
sapt_lora,task748_glucose_reverse_cause_event_detection,task748-447dd24c85914aa3b7a96d620414fc26,False,False,False,False,False,False
sapt_lora,task748_glucose_reverse_cause_event_detection,task748-27481d37765e4423b608820ff22298a0,False,False,False,False,False,False
sapt_lora,task748_glucose_reverse_cause_event_detection,task748-8ee817de221645abb8bd6360ef51b622,False,False,False,False,False,False
sapt_lora,task748_glucose_reverse_cause_event_detection,task748-04f9215c67b14ad49beeb96d828ddcdf,False,False,False,False,False,False
sapt_lora,task748_glucose_reverse_cause_event_detection,task748-3390f9fb331641f98bb301365bc027e5,False,False,False,False,False,False
sapt_lora,task748_glucose_reverse_cause_event_detection,task748-9b5d14adc33c438fbc0876c8d6e353f2,False,False,False,False,False,False
sapt_lora,task748_glucose_reverse_cause_event_detection,task748-2bf68d48e3304f7bb51b6d8f73979eae,False,False,False,False,False,False
sapt_lora,task748_glucose_reverse_cause_event_detection,task748-592f38c6518b47d8931f5e688a41a270,False,False,False,False,False,False
sapt_lora,task748_glucose_reverse_cause_event_detection,task748-98deea9227804b4789d3c2e12c2556e9,False,False,False,False,False,False
sapt_lora,task748_glucose_reverse_cause_event_detection,task748-67656818bcf84fb59a04c1fce029bc0a,False,False,False,False,False,False
sapt_lora,task748_glucose_reverse_cause_event_detection,task748-bf72c6d3955b4688abb7dc907b535fe3,False,False,False,False,False,False
sapt_lora,task748_glucose_reverse_cause_event_detection,task748-c69a7151239d407a94752fc3c10e14dd,False,False,False,False,False,False
sapt_lora,task748_glucose_reverse_cause_event_detection,task748-5d36cf63f77a431db4956f9c9b182bda,False,False,False,False,False,False
sapt_lora,task748_glucose_reverse_cause_event_detection,task748-afa20be3e39b40b899bec11e56558a65,False,False,False,False,False,False
sapt_lora,task748_glucose_reverse_cause_event_detection,task748-e648501d82fd4b04a8c2768f0bc3e351,False,False,False,False,False,False
sapt_lora,task748_glucose_reverse_cause_event_detection,task748-35c8cdec4dcd44b7835df46623831814,False,False,False,False,False,False
sapt_lora,task748_glucose_reverse_cause_event_detection,task748-c1ed1cb8dd92466dba054700d5750a18,False,False,False,False,False,False
sapt_lora,task748_glucose_reverse_cause_event_detection,task748-44e520a12e9446a798e98e4cf934e4ef,False,False,False,False,False,False
sapt_lora,task748_glucose_reverse_cause_event_detection,task748-4cb2b8b03cb34b29b970974e0847978c,False,False,False,False,False,False
sapt_lora,task748_glucose_reverse_cause_event_detection,task748-dd0232029b004047a5f1b259d6b60bff,False,False,False,False,False,False
sapt_lora,task748_glucose_reverse_cause_event_detection,task748-d69df0313b9247f78b6c44af58797322,False,False,False,False,False,False
sapt_lora,task748_glucose_reverse_cause_event_detection,task748-00e27d8504194bf786935b3218b9ddf0,False,False,False,False,False,False
sapt_lora,task748_glucose_reverse_cause_event_detection,task748-0ee6f668840a480d9af4099fa7f56a80,False,False,False,False,False,False
sapt_lora,task748_glucose_reverse_cause_event_detection,task748-485c4922524f4393a31864b42d15c765,False,False,False,False,False,False
sapt_lora,task748_glucose_reverse_cause_event_detection,task748-e586995ecc9743cca94e07f596a70de8,False,False,False,False,False,False
sapt_lora,task748_glucose_reverse_cause_event_detection,task748-e832fe0895994a8682388145790a2dce,False,False,False,False,False,False
sapt_lora,task748_glucose_reverse_cause_event_detection,task748-43213d12ae4141fbbe999aef8aa1251b,False,False,False,False,False,False
sapt_lora,task748_glucose_reverse_cause_event_detection,task748-70aed17f261147ccac483d5aa02f9d73,False,False,False,False,False,False
sapt_lora,task748_glucose_reverse_cause_event_detection,task748-97b0ce1e915e4accb1c19cab559a35d9,False,False,False,False,False,False
sapt_lora,task748_glucose_reverse_cause_event_detection,task748-105a44b6ba324d9b84dd8ff2bf37b058,False,False,False,False,False,False
sapt_lora,task748_glucose_reverse_cause_event_detection,task748-0b0d373840fe4eba9ea0648f99835ed6,False,False,False,False,False,False
sapt_lora,task748_glucose_reverse_cause_event_detection,task748-c3b5b7d59633419c85f07267fcab5467,False,False,False,False,False,False
sapt_lora,task748_glucose_reverse_cause_event_detection,task748-98f694223434496486241dd4dec4dcb0,False,False,False,False,False,False
sapt_lora,task748_glucose_reverse_cause_event_detection,task748-e2d99c9015aa44dcaeb74534a678cdaa,False,False,False,False,False,False
sapt_lora,task748_glucose_reverse_cause_event_detection,task748-498984e624874015977d615634f03d2a,False,False,False,False,False,False
sapt_lora,task748_glucose_reverse_cause_event_detection,task748-e5dcdea23ba34984ab28ac058a6b7be2,False,False,False,False,False,False
sapt_lora,task748_glucose_reverse_cause_event_detection,task748-4e6dc13a68b341979e8a106e8d85dfc3,False,False,False,False,False,False
sapt_lora,task748_glucose_reverse_cause_event_detection,task748-e3b22e39a31d47c280dd4d848959a6c0,False,False,False,False,False,False
sapt_lora,task748_glucose_reverse_cause_event_detection,task748-9325bd727f1540caa6105d1a61601800,False,False,False,False,False,False
sapt_lora,task748_glucose_reverse_cause_event_detection,task748-70dcfb3e2983466d82302989b8a77225,False,False,False,False,False,False
sapt_lora,task748_glucose_reverse_cause_event_detection,task748-3f08ef7b751f47f0ab7a845807e98f9f,False,False,False,False,False,False
sapt_lora,task748_glucose_reverse_cause_event_detection,task748-3aa64a207645435384f0c52b04a1e7ee,False,False,False,False,False,False
sapt_lora,task748_glucose_reverse_cause_event_detection,task748-4eb52805d1894b86b7e1a061072c6d39,False,False,False,False,False,False
sapt_lora,task748_glucose_reverse_cause_event_detection,task748-0bffaeab0fe44e21827807172774a7bc,False,False,False,False,False,False
sapt_lora,task748_glucose_reverse_cause_event_detection,task748-8ba8fd098a0643188ea5df0a316e7097,False,False,False,False,False,False
sapt_lora,task748_glucose_reverse_cause_event_detection,task748-7fccd8af07374aa4aaede63db80c2527,False,False,False,False,False,False
sapt_lora,task748_glucose_reverse_cause_event_detection,task748-d9be6a38e74f4c869cdb091c3228ce1e,False,False,False,False,False,False
sapt_lora,task748_glucose_reverse_cause_event_detection,task748-127bb8374e1f414c9dc7a3946fffce62,False,False,False,False,False,False
sapt_lora,task748_glucose_reverse_cause_event_detection,task748-24b834763d9e42baa054e2beddb17f44,False,False,False,False,False,False
sapt_lora,task748_glucose_reverse_cause_event_detection,task748-55d8f389a1034cdebc1762f8d6d24fe2,False,False,False,False,False,False
sapt_lora,task748_glucose_reverse_cause_event_detection,task748-4a7c559b28bc4f8f868bb63133639a5f,False,False,False,False,False,False
sapt_lora,task748_glucose_reverse_cause_event_detection,task748-8d0e5799cfcc46f98f859c37f42364ee,False,False,False,False,False,False
sapt_lora,task748_glucose_reverse_cause_event_detection,task748-2af4fb05bce74640861b1801bd10c235,False,False,False,False,False,False
sapt_lora,task748_glucose_reverse_cause_event_detection,task748-83778252e98145d39a7f013f9c668796,False,False,False,False,False,False
sapt_lora,task748_glucose_reverse_cause_event_detection,task748-c23205d48e4742889111055c806a4e04,False,False,False,False,False,False
sapt_lora,task748_glucose_reverse_cause_event_detection,task748-04b60ac9b7ed42fda02fcdeeea64361c,False,False,False,False,False,False
sapt_lora,task748_glucose_reverse_cause_event_detection,task748-5ea78963086442f2a7aaaf1da331929f,False,False,False,False,False,False
sapt_lora,task748_glucose_reverse_cause_event_detection,task748-d492e2405df74c0bba53d9ef7f529a92,False,False,False,False,False,False
sapt_lora,task748_glucose_reverse_cause_event_detection,task748-1c38e46e7751450e907229320472a6d1,False,False,False,False,False,False
sapt_lora,task748_glucose_reverse_cause_event_detection,task748-29f422e6c5bc42c2a9edbdd2d88b146d,False,False,False,False,False,False
sapt_lora,medical_mts_dialog_note,mts_test_32,False,False,False,False,False,False
sapt_lora,medical_mts_dialog_note,mts_test_24,False,False,False,False,False,False
sapt_lora,medical_mts_dialog_note,mts_test_138,False,False,False,False,False,False
sapt_lora,medical_mts_dialog_note,mts_test_178,False,False,False,False,False,False
sapt_lora,medical_mts_dialog_note,mts_test_122,False,False,False,False,False,False
sapt_lora,medical_mts_dialog_note,mts_test_108,False,False,False,False,False,False
sapt_lora,medical_mts_dialog_note,mts_test_2,False,False,False,False,False,False
sapt_lora,medical_mts_dialog_note,mts_test_165,False,False,False,False,False,False
sapt_lora,medical_mts_dialog_note,mts_test_137,False,False,False,False,False,False
sapt_lora,medical_mts_dialog_note,mts_test_67,False,False,False,False,False,False
sapt_lora,medical_mts_dialog_note,mts_test_52,False,False,False,False,False,False
sapt_lora,medical_mts_dialog_note,mts_test_146,False,False,False,False,False,False
sapt_lora,medical_mts_dialog_note,mts_test_152,False,False,False,False,False,False
sapt_lora,medical_mts_dialog_note,mts_test_172,False,False,False,False,False,False
sapt_lora,medical_mts_dialog_note,mts_test_85,False,False,False,False,False,False
sapt_lora,medical_mts_dialog_note,mts_test_171,False,False,False,False,False,False
sapt_lora,medical_mts_dialog_note,mts_test_53,False,False,False,False,False,False
sapt_lora,medical_mts_dialog_note,mts_test_129,False,False,False,False,False,False
sapt_lora,medical_mts_dialog_note,mts_test_100,False,False,False,False,False,False
sapt_lora,medical_mts_dialog_note,mts_test_65,False,False,False,False,False,False
sapt_lora,medical_mts_dialog_note,mts_test_33,False,False,False,False,False,False
sapt_lora,medical_mts_dialog_note,mts_test_177,False,False,False,False,False,False
sapt_lora,medical_mts_dialog_note,mts_test_61,False,False,False,False,False,False
sapt_lora,medical_mts_dialog_note,mts_test_195,False,False,False,False,False,False
sapt_lora,medical_mts_dialog_note,mts_test_66,False,False,False,False,False,False
sapt_lora,medical_mts_dialog_note,mts_test_64,False,False,False,False,False,False
sapt_lora,medical_mts_dialog_note,mts_test_0,False,False,False,False,False,False
sapt_lora,medical_mts_dialog_note,mts_test_27,False,False,False,False,False,False
sapt_lora,medical_mts_dialog_note,mts_test_192,False,False,False,False,False,False
sapt_lora,medical_mts_dialog_note,mts_test_144,False,False,False,False,False,False
sapt_lora,medical_mts_dialog_note,mts_test_118,False,False,False,False,False,False
sapt_lora,medical_mts_dialog_note,mts_test_126,False,False,False,False,False,False
sapt_lora,medical_mts_dialog_note,mts_test_21,False,False,False,False,False,False
sapt_lora,medical_mts_dialog_note,mts_test_154,False,False,False,False,False,False
sapt_lora,medical_mts_dialog_note,mts_test_13,False,False,False,False,False,False
sapt_lora,medical_mts_dialog_note,mts_test_180,False,False,False,False,False,False
sapt_lora,medical_mts_dialog_note,mts_test_106,False,False,False,False,False,False
sapt_lora,medical_mts_dialog_note,mts_test_10,False,False,False,False,False,False
sapt_lora,medical_mts_dialog_note,mts_test_157,False,False,False,False,False,False
sapt_lora,medical_mts_dialog_note,mts_test_145,False,False,False,False,False,False
sapt_lora,medical_mts_dialog_note,mts_test_104,False,False,False,False,False,False
sapt_lora,medical_mts_dialog_note,mts_test_142,False,False,False,False,False,False
sapt_lora,medical_mts_dialog_note,mts_test_63,False,False,False,False,False,False
sapt_lora,medical_mts_dialog_note,mts_test_44,False,False,False,False,False,False
sapt_lora,medical_mts_dialog_note,mts_test_69,False,False,False,False,False,False
sapt_lora,medical_mts_dialog_note,mts_test_50,False,False,False,False,False,False
sapt_lora,medical_mts_dialog_note,mts_test_86,False,False,False,False,False,False
sapt_lora,medical_mts_dialog_note,mts_test_17,False,False,False,False,False,False
sapt_lora,medical_mts_dialog_note,mts_test_37,False,False,False,False,False,False
sapt_lora,medical_mts_dialog_note,mts_test_89,False,False,False,False,False,False
sapt_lora,medical_mts_dialog_note,mts_test_72,False,False,False,False,False,False
sapt_lora,medical_mts_dialog_note,mts_test_40,False,False,False,False,False,False
sapt_lora,medical_mts_dialog_note,mts_test_14,False,False,False,False,False,False
sapt_lora,medical_mts_dialog_note,mts_test_160,False,False,False,False,False,False
sapt_lora,medical_mts_dialog_note,mts_test_23,False,False,False,False,False,False
sapt_lora,medical_mts_dialog_note,mts_test_76,False,False,False,False,False,False
sapt_lora,medical_mts_dialog_note,mts_test_30,False,False,False,False,False,False
sapt_lora,medical_mts_dialog_note,mts_test_166,False,False,False,False,False,False
sapt_lora,medical_mts_dialog_note,mts_test_163,False,False,False,False,False,False
sapt_lora,medical_mts_dialog_note,mts_test_128,False,False,False,False,False,False
sapt_lora,medical_mts_dialog_note,mts_test_18,False,False,False,False,False,False
sapt_lora,medical_mts_dialog_note,mts_test_115,False,False,False,False,False,False
sapt_lora,medical_mts_dialog_note,mts_test_114,False,False,False,False,False,False
sapt_lora,medical_mts_dialog_note,mts_test_198,False,False,False,False,False,False
sapt_lora,medical_mts_dialog_note,mts_test_151,False,False,False,False,False,False
sapt_lora,medical_mts_dialog_note,mts_test_130,False,False,False,False,False,False
sapt_lora,medical_mts_dialog_note,mts_test_26,False,False,False,False,False,False
sapt_lora,medical_mts_dialog_note,mts_test_173,False,False,False,False,False,False
sapt_lora,medical_mts_dialog_note,mts_test_22,False,False,False,False,False,False
sapt_lora,medical_mts_dialog_note,mts_test_31,False,False,False,False,False,False
sapt_lora,medical_mts_dialog_note,mts_test_99,False,False,False,False,False,False
sapt_lora,medical_mts_dialog_note,mts_test_81,False,False,False,False,False,False
sapt_lora,medical_mts_dialog_note,mts_test_183,False,False,False,False,False,False
sapt_lora,medical_mts_dialog_note,mts_test_181,False,False,False,False,False,False
sapt_lora,medical_mts_dialog_note,mts_test_7,False,False,False,False,False,False
sapt_lora,medical_mts_dialog_note,mts_test_94,False,False,False,False,False,False
sapt_lora,medical_mts_dialog_note,mts_test_43,False,False,False,False,False,False
sapt_lora,medical_mts_dialog_note,mts_test_6,False,False,False,False,False,False
sapt_lora,medical_mts_dialog_note,mts_test_19,False,False,False,False,False,False
sapt_lora,medical_mts_dialog_note,mts_test_159,False,False,False,False,False,False
sapt_lora,medical_mts_dialog_note,mts_test_78,False,False,False,False,False,False
sapt_lora,medical_mts_dialog_note,mts_test_123,False,False,False,False,False,False
sapt_lora,medical_mts_dialog_note,mts_test_42,False,False,False,False,False,False
sapt_lora,medical_mts_dialog_note,mts_test_49,False,False,False,False,False,False
sapt_lora,medical_mts_dialog_note,mts_test_162,False,False,False,False,False,False
sapt_lora,medical_mts_dialog_note,mts_test_127,False,False,False,False,False,False
sapt_lora,medical_mts_dialog_note,mts_test_193,False,False,False,False,False,False
sapt_lora,medical_mts_dialog_note,mts_test_15,False,False,False,False,False,False
sapt_lora,medical_mts_dialog_note,mts_test_48,False,False,False,False,False,False
sapt_lora,medical_mts_dialog_note,mts_test_113,False,False,False,False,False,False
sapt_lora,medical_mts_dialog_note,mts_test_190,False,False,False,False,False,False
sapt_lora,medical_mts_dialog_note,mts_test_68,False,False,False,False,False,False
sapt_lora,medical_mts_dialog_note,mts_test_75,False,False,False,False,False,False
sapt_lora,medical_mts_dialog_note,mts_test_125,False,False,False,False,False,False
sapt_lora,medical_mts_dialog_note,mts_test_131,False,False,False,False,False,False
sapt_lora,medical_mts_dialog_note,mts_test_83,False,False,False,False,False,False
sapt_lora,medical_mts_dialog_note,mts_test_35,False,False,False,False,False,False
sapt_lora,medical_mts_dialog_note,mts_test_1,False,False,False,False,False,False
sapt_lora,medical_mts_dialog_note,mts_test_16,False,False,False,False,False,False
sapt_lora,medical_mts_dialog_note,mts_test_184,False,False,False,False,False,False
sapt_lora,medical_mts_dialog_note,mts_test_47,False,False,False,False,False,False
sapt_lora,medical_mts_dialog_note,mts_test_20,False,False,False,False,False,False
sapt_lora,medical_mts_dialog_note,mts_test_71,False,False,False,False,False,False
sapt_lora,medical_mts_dialog_note,mts_test_46,False,False,False,False,False,False
sapt_lora,medical_mts_dialog_note,mts_test_185,False,False,False,False,False,False
sapt_lora,medical_mts_dialog_note,mts_test_38,False,False,False,False,False,False
sapt_lora,medical_mts_dialog_note,mts_test_169,False,False,False,False,False,False
sapt_lora,medical_mts_dialog_note,mts_test_167,False,False,False,False,False,False
sapt_lora,medical_mts_dialog_note,mts_test_176,False,False,False,False,False,False
sapt_lora,medical_mts_dialog_note,mts_test_150,False,False,False,False,False,False
sapt_lora,medical_mts_dialog_note,mts_test_132,False,False,False,False,False,False
sapt_lora,medical_mts_dialog_note,mts_test_107,False,False,False,False,False,False
sapt_lora,medical_mts_dialog_note,mts_test_182,False,False,False,False,False,False
sapt_lora,medical_mts_dialog_note,mts_test_189,False,False,False,False,False,False
sapt_lora,medical_mts_dialog_note,mts_test_73,False,False,False,False,False,False
sapt_lora,medical_mts_dialog_note,mts_test_112,False,False,False,False,False,False
sapt_lora,medical_mts_dialog_note,mts_test_97,False,False,False,False,False,False
sapt_lora,medical_mts_dialog_note,mts_test_56,False,False,False,False,False,False
sapt_lora,medical_mts_dialog_note,mts_test_133,False,False,False,False,False,False
sapt_lora,medical_mts_dialog_note,mts_test_79,False,False,False,False,False,False
sapt_lora,medical_mts_dialog_note,mts_test_59,False,False,False,False,False,False
sapt_lora,medical_mts_dialog_note,mts_test_39,False,False,False,False,False,False
sapt_lora,medical_mts_dialog_note,mts_test_9,False,False,False,False,False,False
sapt_lora,medical_mts_dialog_note,mts_test_80,False,False,False,False,False,False
sapt_lora,medical_mts_dialog_note,mts_test_155,False,False,False,False,False,False
sapt_lora,medical_mts_dialog_note,mts_test_134,False,False,False,False,False,False
sapt_lora,medical_mts_dialog_note,mts_test_8,False,False,False,False,False,False
sapt_lora,medical_mts_dialog_note,mts_test_135,False,False,False,False,False,False
sapt_lora,medical_mts_dialog_note,mts_test_60,False,False,False,False,False,False
sapt_lora,medical_mts_dialog_note,mts_test_88,False,False,False,False,False,False
sapt_lora,medical_mts_dialog_note,mts_test_124,False,False,False,False,False,False
sapt_lora,medical_mts_dialog_note,mts_test_120,False,False,False,False,False,False
sapt_lora,medical_mts_dialog_note,mts_test_170,False,False,False,False,False,False
sapt_lora,medical_mts_dialog_note,mts_test_110,False,False,False,False,False,False
sapt_lora,medical_mts_dialog_note,mts_test_196,False,False,False,False,False,False
sapt_lora,medical_mts_dialog_note,mts_test_148,False,False,False,False,False,False
sapt_lora,medical_mts_dialog_note,mts_test_51,False,False,False,False,False,False
sapt_lora,medical_mts_dialog_note,mts_test_119,False,False,False,False,False,False
sapt_lora,medical_mts_dialog_note,mts_test_103,False,False,False,False,False,False
sapt_lora,medical_mts_dialog_note,mts_test_82,False,False,False,False,False,False
sapt_lora,medical_mts_dialog_note,mts_test_90,False,False,False,False,False,False
sapt_lora,medical_mts_dialog_note,mts_test_36,False,False,False,False,False,False
sapt_lora,medical_mts_dialog_note,mts_test_29,False,False,False,False,False,False
sapt_lora,medical_mts_dialog_note,mts_test_156,False,False,False,False,False,False
sapt_lora,medical_mts_dialog_note,mts_test_149,False,False,False,False,False,False
sapt_lora,medical_mts_dialog_note,mts_test_12,False,False,False,False,False,False
sapt_lora,medical_mts_dialog_note,mts_test_25,False,False,False,False,False,False
sapt_lora,medical_mts_dialog_note,mts_test_186,False,False,False,False,False,False
sapt_lora,medical_mts_dialog_note,mts_test_91,False,False,False,False,False,False
sapt_lora,medical_mts_dialog_note,mts_test_62,False,False,False,False,False,False
sapt_lora,medical_mts_dialog_note,mts_test_161,False,False,False,False,False,False
sapt_lora,medical_mts_dialog_note,mts_test_98,False,False,False,False,False,False
sapt_lora,medical_mts_dialog_note,mts_test_28,False,False,False,False,False,False
sapt_lora,medical_mts_dialog_note,mts_test_58,False,False,False,False,False,False
sapt_lora,medical_mts_dialog_note,mts_test_187,False,False,False,False,False,False
sapt_lora,medical_mts_dialog_note,mts_test_136,False,False,False,False,False,False
sapt_lora,medical_mts_dialog_note,mts_test_175,False,False,False,False,False,False
sapt_lora,medical_mts_dialog_note,mts_test_96,False,False,False,False,False,False
sapt_lora,medical_mts_dialog_note,mts_test_116,False,False,False,False,False,False
sapt_lora,medical_mts_dialog_note,mts_test_84,False,False,False,False,False,False
sapt_lora,medical_mts_dialog_note,mts_test_3,False,False,False,False,False,False
sapt_lora,medical_mts_dialog_note,mts_test_141,False,False,False,False,False,False
sapt_lora,medical_mts_dialog_note,mts_test_111,False,False,False,False,False,False
sapt_lora,medical_mts_dialog_note,mts_test_194,False,False,False,False,False,False
sapt_lora,medical_mts_dialog_note,mts_test_102,False,False,False,False,False,False
sapt_lora,medical_mts_dialog_note,mts_test_105,False,False,False,False,False,False
sapt_lora,medical_mts_dialog_note,mts_test_41,False,False,False,False,False,False
sapt_lora,medical_mts_dialog_note,mts_test_57,False,False,False,False,False,False
sapt_lora,medical_mts_dialog_note,mts_test_147,False,False,False,False,False,False
sapt_lora,medical_mts_dialog_note,mts_test_87,False,False,False,False,False,False
sapt_lora,medical_mts_dialog_note,mts_test_143,False,False,False,False,False,False
sapt_lora,medical_mts_dialog_note,mts_test_109,False,False,False,False,False,False
sapt_lora,medical_mts_dialog_note,mts_test_153,False,False,False,False,False,False
sapt_lora,medical_mts_dialog_note,mts_test_179,False,False,False,False,False,False
sapt_lora,medical_mts_dialog_note,mts_test_197,False,False,False,False,False,False
sapt_lora,medical_mts_dialog_note,mts_test_140,False,False,False,False,False,False
sapt_lora,medical_mts_dialog_note,mts_test_55,False,False,False,False,False,False
sapt_lora,medical_mts_dialog_note,mts_test_11,False,False,False,False,False,False
sapt_lora,medical_mts_dialog_note,mts_test_77,False,False,False,False,False,False
sapt_lora,medical_mts_dialog_note,mts_test_92,False,False,False,False,False,False
sapt_lora,medical_mts_dialog_note,mts_test_93,False,False,False,False,False,False
sapt_lora,medical_mts_dialog_note,mts_test_34,False,False,False,False,False,False
sapt_lora,medical_mts_dialog_note,mts_test_95,False,False,False,False,False,False
sapt_lora,medical_mts_dialog_note,mts_test_158,False,False,False,False,False,False
sapt_lora,medical_mts_dialog_note,mts_test_74,False,False,False,False,False,False
sapt_lora,medical_mts_dialog_note,mts_test_188,False,False,False,False,False,False
sapt_lora,medical_mts_dialog_note,mts_test_121,False,False,False,False,False,False
sapt_lora,medical_mts_dialog_note,mts_test_54,False,False,False,False,False,False
sapt_lora,medical_mts_dialog_note,mts_test_139,False,False,False,False,False,False
sapt_lora,medical_mts_dialog_note,mts_test_191,False,False,False,False,False,False
sapt_lora,medical_mts_dialog_note,mts_test_164,False,False,False,False,False,False
sapt_lora,medical_mts_dialog_note,mts_test_5,False,False,False,False,False,False
sapt_lora,medical_mts_dialog_note,mts_test_101,False,False,False,False,False,False
sapt_lora,medical_mts_dialog_note,mts_test_45,False,False,False,False,False,False
sapt_lora,medical_mts_dialog_note,mts_test_4,False,False,False,False,False,False
sapt_lora,medical_mts_dialog_note,mts_test_199,False,False,False,False,False,False
sapt_lora,medical_mts_dialog_note,mts_test_174,False,False,False,False,False,False
sapt_lora,medical_mts_dialog_note,mts_test_168,False,False,False,False,False,False
sapt_lora,medical_mts_dialog_note,mts_test_70,False,False,False,False,False,False
sapt_lora,medical_mts_dialog_note,mts_test_117,False,False,False,False,False,False
sapt_lora,medical_iu_xray_impression,CXR979,False,False,False,False,False,False
sapt_lora,medical_iu_xray_impression,CXR2513,False,False,False,False,False,False
sapt_lora,medical_iu_xray_impression,CXR350,False,False,False,False,False,False
sapt_lora,medical_iu_xray_impression,CXR1348,False,False,False,False,False,False
sapt_lora,medical_iu_xray_impression,CXR3725,False,False,False,False,False,False
sapt_lora,medical_iu_xray_impression,CXR3468,False,False,False,False,False,False
sapt_lora,medical_iu_xray_impression,CXR3211,False,False,False,False,False,False
sapt_lora,medical_iu_xray_impression,CXR297,False,False,False,False,False,False
sapt_lora,medical_iu_xray_impression,CXR783,False,False,False,False,False,False
sapt_lora,medical_iu_xray_impression,CXR1070,False,False,False,False,False,False
sapt_lora,medical_iu_xray_impression,CXR1233,False,False,False,False,False,False
sapt_lora,medical_iu_xray_impression,CXR2158,False,False,False,False,False,False
sapt_lora,medical_iu_xray_impression,CXR1306,False,False,False,False,False,False
sapt_lora,medical_iu_xray_impression,CXR3091,False,False,False,False,False,False
sapt_lora,medical_iu_xray_impression,CXR260,False,False,False,False,False,False
sapt_lora,medical_iu_xray_impression,CXR1218,False,False,False,False,False,False
sapt_lora,medical_iu_xray_impression,CXR930,False,False,False,False,False,False
sapt_lora,medical_iu_xray_impression,CXR1593,False,False,False,False,False,False
sapt_lora,medical_iu_xray_impression,CXR3369,False,False,False,False,False,False
sapt_lora,medical_iu_xray_impression,CXR2797,False,False,False,False,False,False
sapt_lora,medical_iu_xray_impression,CXR805,False,False,False,False,False,False
sapt_lora,medical_iu_xray_impression,CXR1629,False,False,False,False,False,False
sapt_lora,medical_iu_xray_impression,CXR535,False,False,False,False,False,False
sapt_lora,medical_iu_xray_impression,CXR2465,False,False,False,False,False,False
sapt_lora,medical_iu_xray_impression,CXR2890,False,False,False,False,False,False
sapt_lora,medical_iu_xray_impression,CXR14,False,False,False,False,False,False
sapt_lora,medical_iu_xray_impression,CXR3332,False,False,False,False,False,False
sapt_lora,medical_iu_xray_impression,CXR2139,False,False,False,False,False,False
sapt_lora,medical_iu_xray_impression,CXR3455,False,False,False,False,False,False
sapt_lora,medical_iu_xray_impression,CXR619,False,False,False,False,False,False
sapt_lora,medical_iu_xray_impression,CXR2267,False,False,False,False,False,False
sapt_lora,medical_iu_xray_impression,CXR1731,False,False,False,False,False,False
sapt_lora,medical_iu_xray_impression,CXR1072,False,False,False,False,False,False
sapt_lora,medical_iu_xray_impression,CXR2531,False,False,False,False,False,False
sapt_lora,medical_iu_xray_impression,CXR3748,False,False,False,False,False,False
sapt_lora,medical_iu_xray_impression,CXR2610,False,False,False,False,False,False
sapt_lora,medical_iu_xray_impression,CXR2538,False,False,False,False,False,False
sapt_lora,medical_iu_xray_impression,CXR3436,False,False,False,False,False,False
sapt_lora,medical_iu_xray_impression,CXR2826,False,False,False,False,False,False
sapt_lora,medical_iu_xray_impression,CXR1643,False,False,False,False,False,False
sapt_lora,medical_iu_xray_impression,CXR2644,False,False,False,False,False,False
sapt_lora,medical_iu_xray_impression,CXR789,False,False,False,False,False,False
sapt_lora,medical_iu_xray_impression,CXR1472,False,False,False,False,False,False
sapt_lora,medical_iu_xray_impression,CXR692,False,False,False,False,False,False
sapt_lora,medical_iu_xray_impression,CXR2746,False,False,False,False,False,False
sapt_lora,medical_iu_xray_impression,CXR3565,False,False,False,False,False,False
sapt_lora,medical_iu_xray_impression,CXR3494,False,False,False,False,False,False
sapt_lora,medical_iu_xray_impression,CXR3905,False,False,False,False,False,False
sapt_lora,medical_iu_xray_impression,CXR3339,False,False,False,False,False,False
sapt_lora,medical_iu_xray_impression,CXR3456,False,False,False,False,False,False
sapt_lora,medical_iu_xray_impression,CXR3787,False,False,False,False,False,False
sapt_lora,medical_iu_xray_impression,CXR2056,False,False,False,False,False,False
sapt_lora,medical_iu_xray_impression,CXR818,False,False,False,False,False,False
sapt_lora,medical_iu_xray_impression,CXR3085,False,False,False,False,False,False
sapt_lora,medical_iu_xray_impression,CXR2029,False,False,False,False,False,False
sapt_lora,medical_iu_xray_impression,CXR3539,False,False,False,False,False,False
sapt_lora,medical_iu_xray_impression,CXR3785,False,False,False,False,False,False
sapt_lora,medical_iu_xray_impression,CXR1940,False,False,False,False,False,False
sapt_lora,medical_iu_xray_impression,CXR2239,False,False,False,False,False,False
sapt_lora,medical_iu_xray_impression,CXR1181,False,False,False,False,False,False
sapt_lora,medical_iu_xray_impression,CXR1600,False,False,False,False,False,False
sapt_lora,medical_iu_xray_impression,CXR820,False,False,False,False,False,False
sapt_lora,medical_iu_xray_impression,CXR1565,False,False,False,False,False,False
sapt_lora,medical_iu_xray_impression,CXR2902,False,False,False,False,False,False
sapt_lora,medical_iu_xray_impression,CXR2935,False,False,False,False,False,False
sapt_lora,medical_iu_xray_impression,CXR199,False,False,False,False,False,False
sapt_lora,medical_iu_xray_impression,CXR2546,False,False,False,False,False,False
sapt_lora,medical_iu_xray_impression,CXR3217,False,False,False,False,False,False
sapt_lora,medical_iu_xray_impression,CXR1436,False,False,False,False,False,False
sapt_lora,medical_iu_xray_impression,CXR1012,False,False,False,False,False,False
sapt_lora,medical_iu_xray_impression,CXR251,False,False,False,False,False,False
sapt_lora,medical_iu_xray_impression,CXR724,False,False,False,False,False,False
sapt_lora,medical_iu_xray_impression,CXR2655,False,False,False,False,False,False
sapt_lora,medical_iu_xray_impression,CXR1499,False,False,False,False,False,False
sapt_lora,medical_iu_xray_impression,CXR1802,False,False,False,False,False,False
sapt_lora,medical_iu_xray_impression,CXR3154,False,False,False,False,False,False
sapt_lora,medical_iu_xray_impression,CXR3820,False,False,False,False,False,False
sapt_lora,medical_iu_xray_impression,CXR2865,False,False,False,False,False,False
sapt_lora,medical_iu_xray_impression,CXR1607,False,False,False,False,False,False
sapt_lora,medical_iu_xray_impression,CXR404,False,False,False,False,False,False
sapt_lora,medical_iu_xray_impression,CXR1571,False,False,False,False,False,False
sapt_lora,medical_iu_xray_impression,CXR2021,False,False,False,False,False,False
sapt_lora,medical_iu_xray_impression,CXR1235,False,False,False,False,False,False
sapt_lora,medical_iu_xray_impression,CXR152,False,False,False,False,False,False
sapt_lora,medical_iu_xray_impression,CXR808,False,False,False,False,False,False
sapt_lora,medical_iu_xray_impression,CXR3127,False,False,False,False,False,False
sapt_lora,medical_iu_xray_impression,CXR3941,False,False,False,False,False,False
sapt_lora,medical_iu_xray_impression,CXR636,False,False,False,False,False,False
sapt_lora,medical_iu_xray_impression,CXR28,False,False,False,False,False,False
sapt_lora,medical_iu_xray_impression,CXR2952,False,False,False,False,False,False
sapt_lora,medical_iu_xray_impression,CXR1498,False,False,False,False,False,False
sapt_lora,medical_iu_xray_impression,CXR3740,False,False,False,False,False,False
sapt_lora,medical_iu_xray_impression,CXR3678,False,False,False,False,False,False
sapt_lora,medical_iu_xray_impression,CXR1089,False,False,False,False,False,False
sapt_lora,medical_iu_xray_impression,CXR3003,False,False,False,False,False,False
sapt_lora,medical_iu_xray_impression,CXR809,False,False,False,False,False,False
sapt_lora,medical_iu_xray_impression,CXR1437,False,False,False,False,False,False
sapt_lora,medical_iu_xray_impression,CXR2195,False,False,False,False,False,False
sapt_lora,medical_iu_xray_impression,CXR1392,False,False,False,False,False,False
sapt_lora,medical_iu_xray_impression,CXR3092,False,False,False,False,False,False
sapt_lora,medical_iu_xray_impression,CXR1794,False,False,False,False,False,False
sapt_lora,medical_iu_xray_impression,CXR689,False,False,False,False,False,False
sapt_lora,medical_iu_xray_impression,CXR2206,False,False,False,False,False,False
sapt_lora,medical_iu_xray_impression,CXR3541,False,False,False,False,False,False
sapt_lora,medical_iu_xray_impression,CXR1035,False,False,False,False,False,False
sapt_lora,medical_iu_xray_impression,CXR1098,False,False,False,False,False,False
sapt_lora,medical_iu_xray_impression,CXR3028,False,False,False,False,False,False
sapt_lora,medical_iu_xray_impression,CXR2907,False,False,False,False,False,False
sapt_lora,medical_iu_xray_impression,CXR767,False,False,False,False,False,False
sapt_lora,medical_iu_xray_impression,CXR3650,False,False,False,False,False,False
sapt_lora,medical_iu_xray_impression,CXR2968,False,False,False,False,False,False
sapt_lora,medical_iu_xray_impression,CXR85,False,False,False,False,False,False
sapt_lora,medical_iu_xray_impression,CXR1131,False,False,False,False,False,False
sapt_lora,medical_iu_xray_impression,CXR397,False,False,False,False,False,False
sapt_lora,medical_iu_xray_impression,CXR611,False,False,False,False,False,False
sapt_lora,medical_iu_xray_impression,CXR72,False,False,False,False,False,False
sapt_lora,medical_iu_xray_impression,CXR371,False,False,False,False,False,False
sapt_lora,medical_iu_xray_impression,CXR2307,False,False,False,False,False,False
sapt_lora,medical_iu_xray_impression,CXR3856,False,False,False,False,False,False
sapt_lora,medical_iu_xray_impression,CXR1100,False,False,False,False,False,False
sapt_lora,medical_iu_xray_impression,CXR740,False,False,False,False,False,False
sapt_lora,medical_iu_xray_impression,CXR3230,False,False,False,False,False,False
sapt_lora,medical_iu_xray_impression,CXR2192,False,False,False,False,False,False
sapt_lora,medical_iu_xray_impression,CXR1407,False,False,False,False,False,False
sapt_lora,medical_iu_xray_impression,CXR2464,False,False,False,False,False,False
sapt_lora,medical_iu_xray_impression,CXR417,False,False,False,False,False,False
sapt_lora,medical_iu_xray_impression,CXR1256,False,False,False,False,False,False
sapt_lora,medical_iu_xray_impression,CXR3689,False,False,False,False,False,False
sapt_lora,medical_iu_xray_impression,CXR1340,False,False,False,False,False,False
sapt_lora,medical_iu_xray_impression,CXR1419,False,False,False,False,False,False
sapt_lora,medical_iu_xray_impression,CXR2570,False,False,False,False,False,False
sapt_lora,medical_iu_xray_impression,CXR1879,False,False,False,False,False,False
sapt_lora,medical_iu_xray_impression,CXR1034,False,False,False,False,False,False
sapt_lora,medical_iu_xray_impression,CXR1881,False,False,False,False,False,False
sapt_lora,medical_iu_xray_impression,CXR1513,False,False,False,False,False,False
sapt_lora,medical_iu_xray_impression,CXR1289,False,False,False,False,False,False
sapt_lora,medical_iu_xray_impression,CXR430,False,False,False,False,False,False
sapt_lora,medical_iu_xray_impression,CXR2696,False,False,False,False,False,False
sapt_lora,medical_iu_xray_impression,CXR984,False,False,False,False,False,False
sapt_lora,medical_iu_xray_impression,CXR3683,False,False,False,False,False,False
sapt_lora,medical_iu_xray_impression,CXR2271,False,False,False,False,False,False
sapt_lora,medical_iu_xray_impression,CXR1645,False,False,False,False,False,False
sapt_lora,medical_iu_xray_impression,CXR2622,False,False,False,False,False,False
sapt_lora,medical_iu_xray_impression,CXR3018,False,False,False,False,False,False
sapt_lora,medical_iu_xray_impression,CXR2309,False,False,False,False,False,False
sapt_lora,medical_iu_xray_impression,CXR3847,False,False,False,False,False,False
sapt_lora,medical_iu_xray_impression,CXR819,False,False,False,False,False,False
sapt_lora,medical_iu_xray_impression,CXR521,False,False,False,False,False,False
sapt_lora,medical_iu_xray_impression,CXR591,False,False,False,False,False,False
sapt_lora,medical_iu_xray_impression,CXR1154,False,False,False,False,False,False
sapt_lora,medical_iu_xray_impression,CXR1467,False,False,False,False,False,False
sapt_lora,medical_iu_xray_impression,CXR2241,False,False,False,False,False,False
sapt_lora,medical_iu_xray_impression,CXR1077,False,False,False,False,False,False
sapt_lora,medical_iu_xray_impression,CXR2628,False,False,False,False,False,False
sapt_lora,medical_iu_xray_impression,CXR1124,False,False,False,False,False,False
sapt_lora,medical_iu_xray_impression,CXR2416,False,False,False,False,False,False
sapt_lora,medical_iu_xray_impression,CXR2578,False,False,False,False,False,False
sapt_lora,medical_iu_xray_impression,CXR370,False,False,False,False,False,False
sapt_lora,medical_iu_xray_impression,CXR1474,False,False,False,False,False,False
sapt_lora,medical_iu_xray_impression,CXR1753,False,False,False,False,False,False
sapt_lora,medical_iu_xray_impression,CXR1290,False,False,False,False,False,False
sapt_lora,medical_iu_xray_impression,CXR2646,False,False,False,False,False,False
sapt_lora,medical_iu_xray_impression,CXR2858,False,False,False,False,False,False
sapt_lora,medical_iu_xray_impression,CXR1526,False,False,False,False,False,False
sapt_lora,medical_iu_xray_impression,CXR1050,False,False,False,False,False,False
sapt_lora,medical_iu_xray_impression,CXR3206,False,False,False,False,False,False
sapt_lora,medical_iu_xray_impression,CXR1584,False,False,False,False,False,False
sapt_lora,medical_iu_xray_impression,CXR3184,False,False,False,False,False,False
sapt_lora,medical_iu_xray_impression,CXR3045,False,False,False,False,False,False
sapt_lora,medical_iu_xray_impression,CXR1939,False,False,False,False,False,False
sapt_lora,medical_iu_xray_impression,CXR916,False,False,False,False,False,False
sapt_lora,medical_iu_xray_impression,CXR1724,False,False,False,False,False,False
sapt_lora,medical_iu_xray_impression,CXR2840,False,False,False,False,False,False
sapt_lora,medical_iu_xray_impression,CXR87,False,False,False,False,False,False
sapt_lora,medical_iu_xray_impression,CXR2477,False,False,False,False,False,False
sapt_lora,medical_iu_xray_impression,CXR3118,False,False,False,False,False,False
sapt_lora,medical_iu_xray_impression,CXR2382,False,False,False,False,False,False
sapt_lora,medical_iu_xray_impression,CXR2023,False,False,False,False,False,False
sapt_lora,medical_iu_xray_impression,CXR1656,False,False,False,False,False,False
sapt_lora,medical_iu_xray_impression,CXR3960,False,False,False,False,False,False
sapt_lora,medical_iu_xray_impression,CXR1572,False,False,False,False,False,False
sapt_lora,medical_iu_xray_impression,CXR3044,False,False,False,False,False,False
sapt_lora,medical_iu_xray_impression,CXR569,False,False,False,False,False,False
sapt_lora,medical_iu_xray_impression,CXR1268,False,False,False,False,False,False
sapt_lora,medical_iu_xray_impression,CXR1288,False,False,False,False,False,False
sapt_lora,medical_iu_xray_impression,CXR2961,False,False,False,False,False,False
sapt_lora,medical_iu_xray_impression,CXR3507,False,False,False,False,False,False
sapt_lora,medical_iu_xray_impression,CXR3773,False,False,False,False,False,False
sapt_lora,medical_iu_xray_impression,CXR2813,False,False,False,False,False,False
sapt_lora,medical_iu_xray_impression,CXR1769,False,False,False,False,False,False
sapt_lora,medical_iu_xray_impression,CXR1514,False,False,False,False,False,False
sapt_lora,medical_iu_xray_impression,CXR3485,False,False,False,False,False,False
sapt_lora,medical_iu_xray_impression,CXR1273,False,False,False,False,False,False
sapt_lora,medical_iu_xray_impression,CXR3988,False,False,False,False,False,False
sapt_lora,medical_iu_xray_impression,CXR699,False,False,False,False,False,False
sapt_lora,medical_iu_xray_impression,CXR3130,False,False,False,False,False,False
sapt_lora,medical_iu_xray_impression,CXR1369,False,False,False,False,False,False
sapt_lora,medical_iu_xray_impression,CXR851,False,False,False,False,False,False
sapt_lora,medical_iu_xray_impression,CXR3942,False,False,False,False,False,False
sapt_lora,medical_iu_xray_impression,CXR1673,False,False,False,False,False,False
sapt_lora,natural_vqav2,vqav2_388829000,True,True,True,False,False,False
sapt_lora,natural_vqav2,vqav2_356949000,True,True,True,False,False,False
sapt_lora,natural_vqav2,vqav2_539937000,True,True,True,False,False,False
sapt_lora,natural_vqav2,vqav2_182236000,False,False,False,False,False,False
sapt_lora,natural_vqav2,vqav2_490702000,True,True,True,False,False,False
sapt_lora,natural_vqav2,vqav2_146042000,False,False,False,False,False,False
sapt_lora,natural_vqav2,vqav2_251785000,True,True,True,False,False,False
sapt_lora,natural_vqav2,vqav2_89880000,True,True,True,False,False,False
sapt_lora,natural_vqav2,vqav2_123410000,True,True,True,False,False,False
sapt_lora,natural_vqav2,vqav2_125404000,True,True,True,False,False,False
sapt_lora,natural_vqav2,vqav2_248400000,True,True,True,False,False,False
sapt_lora,natural_vqav2,vqav2_563185000,True,True,True,False,False,False
sapt_lora,natural_vqav2,vqav2_343606000,True,True,True,False,False,False
sapt_lora,natural_vqav2,vqav2_70332000,False,False,False,False,False,False
sapt_lora,natural_vqav2,vqav2_352151000,True,True,True,False,False,False
sapt_lora,natural_vqav2,vqav2_138124000,True,True,True,False,False,False
sapt_lora,natural_vqav2,vqav2_272718000,True,True,True,False,False,False
sapt_lora,natural_vqav2,vqav2_228541000,True,True,True,False,False,False
sapt_lora,natural_vqav2,vqav2_207059000,True,True,True,False,False,False
sapt_lora,natural_vqav2,vqav2_1369000,True,True,True,False,False,False
sapt_lora,natural_vqav2,vqav2_471641000,True,True,True,False,False,False
sapt_lora,natural_vqav2,vqav2_550477000,True,True,True,False,False,False
sapt_lora,natural_vqav2,vqav2_30012000,True,True,True,False,False,False
sapt_lora,natural_vqav2,vqav2_227882000,True,True,True,False,False,False
sapt_lora,natural_vqav2,vqav2_191691000,True,True,True,False,False,False
sapt_lora,natural_vqav2,vqav2_137658000,True,True,True,False,False,False
sapt_lora,natural_vqav2,vqav2_210144000,True,True,True,False,False,False
sapt_lora,natural_vqav2,vqav2_81782000,True,True,True,False,False,False
sapt_lora,natural_vqav2,vqav2_362714000,True,True,True,False,False,False
sapt_lora,natural_vqav2,vqav2_54355000,True,True,True,False,False,False
sapt_lora,natural_vqav2,vqav2_357899000,True,True,True,False,False,False
sapt_lora,natural_vqav2,vqav2_450217000,True,True,True,False,False,False
sapt_lora,natural_vqav2,vqav2_395182000,True,True,True,False,False,False
sapt_lora,natural_vqav2,vqav2_169436000,True,True,True,False,False,False
sapt_lora,natural_vqav2,vqav2_291834000,True,True,True,False,False,False
sapt_lora,natural_vqav2,vqav2_145750000,False,False,False,False,False,False
sapt_lora,natural_vqav2,vqav2_438046000,True,True,True,False,False,False
sapt_lora,natural_vqav2,vqav2_357816000,False,False,False,False,False,False
sapt_lora,natural_vqav2,vqav2_366137000,True,True,True,False,False,False
sapt_lora,natural_vqav2,vqav2_219075000,True,True,True,False,False,False
sapt_lora,natural_vqav2,vqav2_258516000,False,False,False,False,False,False
sapt_lora,natural_vqav2,vqav2_431256000,True,True,True,False,False,False
sapt_lora,natural_vqav2,vqav2_553847000,True,True,True,False,False,False
sapt_lora,natural_vqav2,vqav2_546642000,True,True,True,False,False,False
sapt_lora,natural_vqav2,vqav2_542962000,True,True,True,False,False,False
sapt_lora,natural_vqav2,vqav2_302893000,False,False,False,False,False,False
sapt_lora,natural_vqav2,vqav2_494179000,False,False,False,False,False,False
sapt_lora,natural_vqav2,vqav2_462953000,True,True,True,False,False,False
sapt_lora,natural_vqav2,vqav2_235832000,True,True,True,False,False,False
sapt_lora,natural_vqav2,vqav2_346641000,True,True,True,False,False,False
sapt_lora,natural_vqav2,vqav2_461993000,True,True,True,False,False,False
sapt_lora,natural_vqav2,vqav2_17198000,True,True,True,False,False,False
sapt_lora,natural_vqav2,vqav2_179793000,True,True,True,False,False,False
sapt_lora,natural_vqav2,vqav2_367128000,False,False,False,False,False,False
sapt_lora,natural_vqav2,vqav2_311902000,True,True,True,False,False,False
sapt_lora,natural_vqav2,vqav2_488789000,False,False,False,False,False,False
sapt_lora,natural_vqav2,vqav2_287506000,False,False,False,False,False,False
sapt_lora,natural_vqav2,vqav2_21452000,False,False,False,False,False,False
sapt_lora,natural_vqav2,vqav2_264420000,True,True,True,False,False,False
sapt_lora,natural_vqav2,vqav2_189365000,True,True,True,False,False,False
sapt_lora,natural_vqav2,vqav2_296797000,True,True,True,False,False,False
sapt_lora,natural_vqav2,vqav2_421401000,True,True,True,False,False,False
sapt_lora,natural_vqav2,vqav2_25508000,True,True,True,False,False,False
sapt_lora,natural_vqav2,vqav2_138653000,True,True,True,False,False,False
sapt_lora,natural_vqav2,vqav2_376209000,True,True,True,False,False,False
sapt_lora,natural_vqav2,vqav2_208549000,True,True,True,False,False,False
sapt_lora,natural_vqav2,vqav2_178606000,True,True,True,False,False,False
sapt_lora,natural_vqav2,vqav2_295756000,True,True,True,False,False,False
sapt_lora,natural_vqav2,vqav2_541132000,False,False,False,False,False,False
sapt_lora,natural_vqav2,vqav2_239808000,True,True,True,False,False,False
sapt_lora,natural_vqav2,vqav2_135846000,False,False,False,False,False,False
sapt_lora,natural_vqav2,vqav2_547858000,False,False,False,False,False,False
sapt_lora,natural_vqav2,vqav2_391642000,True,True,True,False,False,False
sapt_lora,natural_vqav2,vqav2_527163000,False,False,False,False,False,False
sapt_lora,natural_vqav2,vqav2_2685000,True,True,True,False,False,False
sapt_lora,natural_vqav2,vqav2_467973000,True,True,True,False,False,False
sapt_lora,natural_vqav2,vqav2_206922000,True,True,True,False,False,False
sapt_lora,natural_vqav2,vqav2_232115000,False,False,False,False,False,False
sapt_lora,natural_vqav2,vqav2_84163000,True,True,True,False,False,False
sapt_lora,natural_vqav2,vqav2_403907000,True,True,True,False,False,False
sapt_lora,natural_vqav2,vqav2_246809000,True,True,True,False,False,False
sapt_lora,natural_vqav2,vqav2_63958000,True,True,True,False,False,False
sapt_lora,natural_vqav2,vqav2_492057000,False,False,False,False,False,False
sapt_lora,natural_vqav2,vqav2_342271000,True,True,True,False,False,False
sapt_lora,natural_vqav2,vqav2_546976000,True,True,True,False,False,False
sapt_lora,natural_vqav2,vqav2_477820000,True,True,True,False,False,False
sapt_lora,natural_vqav2,vqav2_400567000,True,True,True,False,False,False
sapt_lora,natural_vqav2,vqav2_263351000,True,True,True,False,False,False
sapt_lora,natural_vqav2,vqav2_419144000,True,True,True,False,False,False
sapt_lora,natural_vqav2,vqav2_537574000,True,True,True,False,False,False
sapt_lora,natural_vqav2,vqav2_476491000,True,True,True,False,False,False
sapt_lora,natural_vqav2,vqav2_378548000,True,True,True,False,False,False
sapt_lora,natural_vqav2,vqav2_115793000,False,False,False,False,False,False
sapt_lora,natural_vqav2,vqav2_560312000,True,True,True,False,False,False
sapt_lora,natural_vqav2,vqav2_205834000,True,True,True,False,False,False
sapt_lora,natural_vqav2,vqav2_521285000,True,True,True,False,False,False
sapt_lora,natural_vqav2,vqav2_345560000,True,True,True,False,False,False
sapt_lora,natural_vqav2,vqav2_134328000,True,True,True,False,False,False
sapt_lora,natural_vqav2,vqav2_233140000,False,False,False,False,False,False
sapt_lora,natural_vqav2,vqav2_400994000,True,True,True,False,False,False
sapt_lora,natural_vqav2,vqav2_249785000,True,True,True,False,False,False
sapt_lora,natural_vqav2,vqav2_16733000,True,True,True,False,False,False
sapt_lora,natural_vqav2,vqav2_441468000,True,True,True,False,False,False
sapt_lora,natural_vqav2,vqav2_475159000,False,False,False,False,False,False
sapt_lora,natural_vqav2,vqav2_366295000,True,True,True,False,False,False
sapt_lora,natural_vqav2,vqav2_283380000,True,True,True,False,False,False
sapt_lora,natural_vqav2,vqav2_37367000,True,True,True,False,False,False
sapt_lora,natural_vqav2,vqav2_506224000,True,True,True,False,False,False
sapt_lora,natural_vqav2,vqav2_363830000,True,True,True,False,False,False
sapt_lora,natural_vqav2,vqav2_23895000,True,True,True,False,False,False
sapt_lora,natural_vqav2,vqav2_492420000,True,True,True,False,False,False
sapt_lora,natural_vqav2,vqav2_208050000,True,True,True,False,False,False
sapt_lora,natural_vqav2,vqav2_510636000,True,True,True,False,False,False
sapt_lora,natural_vqav2,vqav2_102644000,True,True,True,False,False,False
sapt_lora,natural_vqav2,vqav2_331937000,True,True,True,False,False,False
sapt_lora,natural_vqav2,vqav2_305873000,True,True,True,False,False,False
sapt_lora,natural_vqav2,vqav2_555009000,True,True,True,False,False,False
sapt_lora,natural_vqav2,vqav2_553747000,True,True,True,False,False,False
sapt_lora,natural_vqav2,vqav2_390841000,True,True,True,False,False,False
sapt_lora,natural_vqav2,vqav2_282296000,True,True,True,False,False,False
sapt_lora,natural_vqav2,vqav2_431746000,True,True,True,False,False,False
sapt_lora,natural_vqav2,vqav2_71549000,True,True,True,False,False,False
sapt_lora,natural_vqav2,vqav2_542856000,True,True,True,False,False,False
sapt_lora,natural_vqav2,vqav2_415714000,True,True,True,False,False,False
sapt_lora,natural_vqav2,vqav2_460837000,True,True,True,False,False,False
sapt_lora,natural_vqav2,vqav2_213162000,True,True,True,False,False,False
sapt_lora,natural_vqav2,vqav2_261779000,False,False,False,False,False,False
sapt_lora,natural_vqav2,vqav2_505845000,True,True,True,False,False,False
sapt_lora,natural_vqav2,vqav2_271143000,True,True,True,False,False,False
sapt_lora,natural_vqav2,vqav2_496379000,True,True,True,False,False,False
sapt_lora,natural_vqav2,vqav2_222283000,True,True,True,False,False,False
sapt_lora,natural_vqav2,vqav2_415647000,True,True,True,False,False,False
sapt_lora,natural_vqav2,vqav2_289640000,True,True,True,False,False,False
sapt_lora,natural_vqav2,vqav2_391371000,True,True,True,False,False,False
sapt_lora,natural_vqav2,vqav2_35807000,True,True,True,False,False,False
sapt_lora,natural_vqav2,vqav2_568611000,True,True,True,False,False,False
sapt_lora,natural_vqav2,vqav2_90448000,True,True,True,False,False,False
sapt_lora,natural_vqav2,vqav2_128110000,True,True,True,False,False,False
sapt_lora,natural_vqav2,vqav2_170041000,True,True,True,False,False,False
sapt_lora,natural_vqav2,vqav2_227884000,True,True,True,False,False,False
sapt_lora,natural_vqav2,vqav2_8589000,True,True,True,False,False,False
sapt_lora,natural_vqav2,vqav2_431897000,False,False,False,False,False,False
sapt_lora,natural_vqav2,vqav2_360540000,True,True,True,False,False,False
sapt_lora,natural_vqav2,vqav2_294487000,True,True,True,False,False,False
sapt_lora,natural_vqav2,vqav2_68814000,True,True,True,False,False,False
sapt_lora,natural_vqav2,vqav2_411241000,True,True,True,False,False,False
sapt_lora,natural_vqav2,vqav2_476939000,True,True,True,False,False,False
sapt_lora,natural_vqav2,vqav2_454161000,True,True,True,False,False,False
sapt_lora,natural_vqav2,vqav2_7253000,True,True,True,False,False,False
sapt_lora,natural_vqav2,vqav2_132024000,True,True,True,False,False,False
sapt_lora,natural_vqav2,vqav2_308235000,False,False,False,False,False,False
sapt_lora,natural_vqav2,vqav2_13420000,True,True,True,False,False,False
sapt_lora,natural_vqav2,vqav2_328728000,True,True,True,False,False,False
sapt_lora,natural_vqav2,vqav2_21971000,True,True,True,False,False,False
sapt_lora,natural_vqav2,vqav2_432657000,True,True,True,False,False,False
sapt_lora,natural_vqav2,vqav2_185432000,False,False,False,False,False,False
sapt_lora,natural_vqav2,vqav2_158279000,True,True,True,False,False,False
sapt_lora,natural_vqav2,vqav2_117374000,True,True,True,False,False,False
sapt_lora,natural_vqav2,vqav2_214349000,True,True,True,False,False,False
sapt_lora,natural_vqav2,vqav2_365385000,True,True,True,False,False,False
sapt_lora,natural_vqav2,vqav2_51500000,True,True,True,False,False,False
sapt_lora,natural_vqav2,vqav2_111086000,True,True,True,False,False,False
sapt_lora,natural_vqav2,vqav2_543719000,True,True,True,False,False,False
sapt_lora,natural_vqav2,vqav2_262987000,True,True,True,False,False,False
sapt_lora,natural_vqav2,vqav2_484938000,True,True,True,False,False,False
sapt_lora,natural_vqav2,vqav2_27440000,True,True,True,False,False,False
sapt_lora,natural_vqav2,vqav2_120285000,True,True,True,False,False,False
sapt_lora,natural_vqav2,vqav2_120388000,True,True,True,False,False,False
sapt_lora,natural_vqav2,vqav2_522443000,False,False,False,False,False,False
sapt_lora,natural_vqav2,vqav2_489248000,True,True,True,False,False,False
sapt_lora,natural_vqav2,vqav2_354278000,True,True,True,False,False,False
sapt_lora,natural_vqav2,vqav2_194411000,True,True,True,False,False,False
sapt_lora,natural_vqav2,vqav2_494855000,True,True,True,False,False,False
sapt_lora,natural_vqav2,vqav2_563605000,True,True,True,False,False,False
sapt_lora,natural_vqav2,vqav2_574402000,True,True,True,False,False,False
sapt_lora,natural_vqav2,vqav2_518249000,False,False,False,False,False,False
sapt_lora,natural_vqav2,vqav2_468121000,False,False,False,False,False,False
sapt_lora,natural_vqav2,vqav2_194216000,True,True,True,False,False,False
sapt_lora,natural_vqav2,vqav2_337180000,False,False,False,False,False,False
sapt_lora,natural_vqav2,vqav2_417410000,True,True,True,False,False,False
sapt_lora,natural_vqav2,vqav2_418070000,False,False,False,False,False,False
sapt_lora,natural_vqav2,vqav2_402410000,True,True,True,False,False,False
sapt_lora,natural_vqav2,vqav2_491947000,True,True,True,False,False,False
sapt_lora,natural_vqav2,vqav2_430467000,True,True,True,False,False,False
sapt_lora,natural_vqav2,vqav2_160820000,True,True,True,False,False,False
sapt_lora,natural_vqav2,vqav2_268018000,True,True,True,False,False,False
sapt_lora,natural_vqav2,vqav2_162685000,True,True,True,False,False,False
sapt_lora,natural_vqav2,vqav2_213453000,True,True,True,False,False,False
sapt_lora,natural_vqav2,vqav2_134290000,False,False,False,False,False,False
sapt_lora,natural_vqav2,vqav2_118507000,True,True,True,False,False,False
sapt_lora,natural_vqav2,vqav2_80974000,True,True,True,False,False,False
sapt_lora,natural_vqav2,vqav2_87419000,False,False,False,False,False,False
sapt_lora,natural_vqav2,vqav2_349616000,True,True,True,False,False,False
sapt_lora,natural_vqav2,vqav2_253421000,True,True,True,False,False,False
sapt_lora,natural_vqav2,vqav2_191687000,True,True,True,False,False,False
sapt_lora,natural_vqav2,vqav2_279176000,True,True,True,False,False,False
sapt_lora,natural_vqav2,vqav2_505818000,True,True,True,False,False,False
sapt_lora,natural_vqav2,vqav2_154057000,True,True,True,False,False,False
sapt_lora,natural_vqav2,vqav2_324500000,True,True,True,False,False,False
sapt_lora,natural_vqav2,vqav2_555942000,False,False,False,False,False,False
sapt_lora,medical_vqa_rad,vqarad_0001,True,True,True,False,False,False
sapt_lora,medical_vqa_rad,vqarad_0002,True,True,True,False,False,False
sapt_lora,medical_vqa_rad,vqarad_0004,True,True,True,False,False,False
sapt_lora,medical_vqa_rad,vqarad_0012,True,True,True,False,False,False
sapt_lora,medical_vqa_rad,vqarad_0018,True,True,True,False,False,False
sapt_lora,medical_vqa_rad,vqarad_0019,False,False,False,False,False,False
sapt_lora,medical_vqa_rad,vqarad_0025,True,True,True,False,False,False
sapt_lora,medical_vqa_rad,vqarad_0033,True,True,True,False,False,False
sapt_lora,medical_vqa_rad,vqarad_0034,True,True,True,False,False,False
sapt_lora,medical_vqa_rad,vqarad_0035,False,False,False,False,False,False
sapt_lora,medical_vqa_rad,vqarad_0036,False,False,False,False,False,False
sapt_lora,medical_vqa_rad,vqarad_0039,False,False,False,False,False,False
sapt_lora,medical_vqa_rad,vqarad_0040,True,True,True,False,False,False
sapt_lora,medical_vqa_rad,vqarad_0043,True,True,True,False,False,False
sapt_lora,medical_vqa_rad,vqarad_0044,False,False,False,False,False,False
sapt_lora,medical_vqa_rad,vqarad_0047,False,False,False,False,False,False
sapt_lora,medical_vqa_rad,vqarad_0048,False,False,False,False,False,False
sapt_lora,medical_vqa_rad,vqarad_0056,False,False,False,False,False,False
sapt_lora,medical_vqa_rad,vqarad_0057,False,False,False,False,False,False
sapt_lora,medical_vqa_rad,vqarad_0060,False,False,False,False,False,False
sapt_lora,medical_vqa_rad,vqarad_0061,True,True,True,False,False,False
sapt_lora,medical_vqa_rad,vqarad_0071,False,False,False,False,False,False
sapt_lora,medical_vqa_rad,vqarad_0072,False,False,False,False,False,False
sapt_lora,medical_vqa_rad,vqarad_0082,True,True,True,False,False,False
sapt_lora,medical_vqa_rad,vqarad_0083,True,True,True,False,False,False
sapt_lora,medical_vqa_rad,vqarad_0084,True,True,True,False,False,False
sapt_lora,medical_vqa_rad,vqarad_0085,True,True,True,False,False,False
sapt_lora,medical_vqa_rad,vqarad_0122,False,False,False,False,False,False
sapt_lora,medical_vqa_rad,vqarad_0125,True,True,True,False,False,False
sapt_lora,medical_vqa_rad,vqarad_0126,False,False,False,False,False,False
sapt_lora,medical_vqa_rad,vqarad_0130,True,True,True,False,False,False
sapt_lora,medical_vqa_rad,vqarad_0131,False,False,False,False,False,False
sapt_lora,medical_vqa_rad,vqarad_0142,False,False,False,False,False,False
sapt_lora,medical_vqa_rad,vqarad_0147,False,False,False,False,False,False
sapt_lora,medical_vqa_rad,vqarad_0148,False,False,False,False,False,False
sapt_lora,medical_vqa_rad,vqarad_0151,True,True,True,False,False,False
sapt_lora,medical_vqa_rad,vqarad_0152,True,True,True,False,False,False
sapt_lora,medical_vqa_rad,vqarad_0153,False,True,True,True,False,True
sapt_lora,medical_vqa_rad,vqarad_0154,True,True,True,False,False,False
sapt_lora,medical_vqa_rad,vqarad_0164,True,True,True,False,False,False
sapt_lora,medical_vqa_rad,vqarad_0203,False,False,False,False,False,False
sapt_lora,medical_vqa_rad,vqarad_0204,False,False,False,False,False,False
sapt_lora,medical_vqa_rad,vqarad_0296,False,False,False,False,False,False
sapt_lora,medical_vqa_rad,vqarad_0297,False,False,False,False,False,False
sapt_lora,medical_vqa_rad,vqarad_0310,False,False,False,False,False,False
sapt_lora,medical_vqa_rad,vqarad_0311,False,False,False,False,False,False
sapt_lora,medical_vqa_rad,vqarad_0322,False,False,False,False,False,False
sapt_lora,medical_vqa_rad,vqarad_0323,False,False,False,False,False,False
sapt_lora,medical_vqa_rad,vqarad_0324,False,False,False,False,False,False
sapt_lora,medical_vqa_rad,vqarad_0325,False,False,False,False,False,False
sapt_lora,medical_vqa_rad,vqarad_0326,True,True,True,False,False,False
sapt_lora,medical_vqa_rad,vqarad_0327,True,True,True,False,False,False
sapt_lora,medical_vqa_rad,vqarad_0328,True,True,True,False,False,False
sapt_lora,medical_vqa_rad,vqarad_0331,False,False,False,False,False,False
sapt_lora,medical_vqa_rad,vqarad_0332,True,True,True,False,False,False
sapt_lora,medical_vqa_rad,vqarad_0352,False,False,False,False,False,False
sapt_lora,medical_vqa_rad,vqarad_0353,True,True,True,False,False,False
sapt_lora,medical_vqa_rad,vqarad_0354,True,True,True,False,False,False
sapt_lora,medical_vqa_rad,vqarad_0355,True,True,True,False,False,False
sapt_lora,medical_vqa_rad,vqarad_0356,False,False,False,False,False,False
sapt_lora,medical_vqa_rad,vqarad_0357,True,True,True,False,False,False
sapt_lora,medical_vqa_rad,vqarad_0358,False,False,False,False,False,False
sapt_lora,medical_vqa_rad,vqarad_0359,True,True,True,False,False,False
sapt_lora,medical_vqa_rad,vqarad_0360,False,False,False,False,False,False
sapt_lora,medical_vqa_rad,vqarad_0361,False,False,False,False,False,False
sapt_lora,medical_vqa_rad,vqarad_0362,True,True,True,False,False,False
sapt_lora,medical_vqa_rad,vqarad_0370,True,True,True,False,False,False
sapt_lora,medical_vqa_rad,vqarad_0371,False,False,False,False,False,False
sapt_lora,medical_vqa_rad,vqarad_0374,True,True,True,False,False,False
sapt_lora,medical_vqa_rad,vqarad_0375,False,False,False,False,False,False
sapt_lora,medical_vqa_rad,vqarad_0376,True,True,True,False,False,False
sapt_lora,medical_vqa_rad,vqarad_0377,True,True,True,False,False,False
sapt_lora,medical_vqa_rad,vqarad_0380,False,False,False,False,False,False
sapt_lora,medical_vqa_rad,vqarad_0398,True,True,True,False,False,False
sapt_lora,medical_vqa_rad,vqarad_0399,False,False,False,False,False,False
sapt_lora,medical_vqa_rad,vqarad_0400,False,False,False,False,False,False
sapt_lora,medical_vqa_rad,vqarad_0407,False,False,False,False,False,False
sapt_lora,medical_vqa_rad,vqarad_0408,False,False,False,False,False,False
sapt_lora,medical_vqa_rad,vqarad_0409,False,False,False,False,False,False
sapt_lora,medical_vqa_rad,vqarad_0412,True,True,True,False,False,False
sapt_lora,medical_vqa_rad,vqarad_0418,False,False,False,False,False,False
sapt_lora,medical_vqa_rad,vqarad_0419,True,True,True,False,False,False
sapt_lora,medical_vqa_rad,vqarad_0420,False,False,False,False,False,False
sapt_lora,medical_vqa_rad,vqarad_0421,False,False,False,False,False,False
sapt_lora,medical_vqa_rad,vqarad_0422,False,False,False,False,False,False
sapt_lora,medical_vqa_rad,vqarad_0423,False,False,False,False,False,False
sapt_lora,medical_vqa_rad,vqarad_0430,True,True,True,False,False,False
sapt_lora,medical_vqa_rad,vqarad_0431,True,True,True,False,False,False
sapt_lora,medical_vqa_rad,vqarad_0436,True,True,True,False,False,False
sapt_lora,medical_vqa_rad,vqarad_0437,True,True,True,False,False,False
sapt_lora,medical_vqa_rad,vqarad_0447,False,False,False,False,False,False
sapt_lora,medical_vqa_rad,vqarad_0448,False,False,False,False,False,False
sapt_lora,medical_vqa_rad,vqarad_0454,False,False,False,False,False,False
sapt_lora,medical_vqa_rad,vqarad_0455,False,False,False,False,False,False
sapt_lora,medical_vqa_rad,vqarad_0461,False,False,False,False,False,False
sapt_lora,medical_vqa_rad,vqarad_0463,False,False,False,False,False,False
sapt_lora,medical_vqa_rad,vqarad_0467,False,False,False,False,False,False
sapt_lora,medical_vqa_rad,vqarad_0468,False,False,False,False,False,False
sapt_lora,medical_vqa_rad,vqarad_0471,True,True,True,False,False,False
sapt_lora,medical_vqa_rad,vqarad_0473,True,True,True,False,False,False
sapt_lora,medical_vqa_rad,vqarad_0480,True,True,True,False,False,False
sapt_lora,medical_vqa_rad,vqarad_0481,False,False,False,False,False,False
sapt_lora,medical_vqa_rad,vqarad_0485,True,True,True,False,False,False
sapt_lora,medical_vqa_rad,vqarad_0487,False,False,False,False,False,False
sapt_lora,medical_vqa_rad,vqarad_0489,False,False,False,False,False,False
sapt_lora,medical_vqa_rad,vqarad_0492,True,True,True,False,False,False
sapt_lora,medical_vqa_rad,vqarad_0494,True,True,True,False,False,False
sapt_lora,medical_vqa_rad,vqarad_0497,False,False,False,False,False,False
sapt_lora,medical_vqa_rad,vqarad_0499,True,True,True,False,False,False
sapt_lora,medical_vqa_rad,vqarad_0502,True,True,True,False,False,False
sapt_lora,medical_vqa_rad,vqarad_0503,True,True,True,False,False,False
sapt_lora,medical_vqa_rad,vqarad_0504,False,False,False,False,False,False
sapt_lora,medical_vqa_rad,vqarad_0516,False,False,False,False,False,False
sapt_lora,medical_vqa_rad,vqarad_0517,False,False,False,False,False,False
sapt_lora,medical_vqa_rad,vqarad_0528,False,False,False,False,False,False
sapt_lora,medical_vqa_rad,vqarad_0529,False,False,False,False,False,False
sapt_lora,medical_vqa_rad,vqarad_0536,False,False,False,False,False,False
sapt_lora,medical_vqa_rad,vqarad_0539,True,True,True,False,False,False
sapt_lora,medical_vqa_rad,vqarad_0546,False,False,False,False,False,False
sapt_lora,medical_vqa_rad,vqarad_0547,False,False,False,False,False,False
sapt_lora,medical_vqa_rad,vqarad_0550,True,True,True,False,False,False
sapt_lora,medical_vqa_rad,vqarad_0560,False,False,False,False,False,False
sapt_lora,medical_vqa_rad,vqarad_0561,False,False,False,False,False,False
sapt_lora,medical_vqa_rad,vqarad_0562,True,True,True,False,False,False
sapt_lora,medical_vqa_rad,vqarad_0563,True,True,True,False,False,False
sapt_lora,medical_vqa_rad,vqarad_0565,False,False,False,False,False,False
sapt_lora,medical_vqa_rad,vqarad_0566,False,False,False,False,False,False
sapt_lora,medical_vqa_rad,vqarad_0571,True,True,True,False,False,False
sapt_lora,medical_vqa_rad,vqarad_0574,False,False,False,False,False,False
sapt_lora,medical_vqa_rad,vqarad_0577,False,False,False,False,False,False
sapt_lora,medical_vqa_rad,vqarad_0578,True,True,True,False,False,False
sapt_lora,medical_vqa_rad,vqarad_0583,True,True,True,False,False,False
sapt_lora,medical_vqa_rad,vqarad_0584,False,False,False,False,False,False
sapt_lora,medical_vqa_rad,vqarad_0588,False,False,False,False,False,False
sapt_lora,medical_vqa_rad,vqarad_0589,False,False,False,False,False,False
sapt_lora,medical_vqa_rad,vqarad_0594,False,False,False,False,False,False
sapt_lora,medical_vqa_rad,vqarad_0595,True,True,True,False,False,False
sapt_lora,medical_vqa_rad,vqarad_0600,True,True,True,False,False,False
sapt_lora,medical_vqa_rad,vqarad_0601,True,True,True,False,False,False
sapt_lora,medical_vqa_rad,vqarad_0604,False,False,False,False,False,False
sapt_lora,medical_vqa_rad,vqarad_0605,True,True,True,False,False,False
sapt_lora,medical_vqa_rad,vqarad_0606,False,False,False,False,False,False
sapt_lora,medical_vqa_rad,vqarad_0618,False,False,False,False,False,False
sapt_lora,medical_vqa_rad,vqarad_0619,True,True,True,False,False,False
sapt_lora,medical_vqa_rad,vqarad_0640,True,True,True,False,False,False
sapt_lora,medical_vqa_rad,vqarad_0641,True,True,True,False,False,False
sapt_lora,medical_vqa_rad,vqarad_0661,False,False,False,False,False,False
sapt_lora,medical_vqa_rad,vqarad_0662,False,False,False,False,False,False
sapt_lora,medical_vqa_rad,vqarad_0676,True,True,True,False,False,False
sapt_lora,medical_vqa_rad,vqarad_0677,True,True,True,False,False,False
sapt_lora,medical_vqa_rad,vqarad_0746,True,True,True,False,False,False
sapt_lora,medical_vqa_rad,vqarad_0747,True,True,True,False,False,False
sapt_lora,medical_vqa_rad,vqarad_0773,False,False,False,False,False,False
sapt_lora,medical_vqa_rad,vqarad_0774,False,False,False,False,False,False
sapt_lora,medical_vqa_rad,vqarad_0779,True,True,True,False,False,False
sapt_lora,medical_vqa_rad,vqarad_0782,True,True,True,False,False,False
sapt_lora,medical_vqa_rad,vqarad_0783,False,False,False,False,False,False
sapt_lora,medical_vqa_rad,vqarad_0784,False,False,False,False,False,False
sapt_lora,medical_vqa_rad,vqarad_0788,True,True,True,False,False,False
sapt_lora,medical_vqa_rad,vqarad_0798,False,False,False,False,False,False
sapt_lora,medical_vqa_rad,vqarad_0800,False,False,False,False,False,False
sapt_lora,medical_vqa_rad,vqarad_0804,True,True,True,False,False,False
sapt_lora,medical_vqa_rad,vqarad_0808,True,True,True,False,False,False
sapt_lora,medical_vqa_rad,vqarad_0819,True,True,True,False,False,False
sapt_lora,medical_vqa_rad,vqarad_0820,False,False,False,False,False,False
sapt_lora,medical_vqa_rad,vqarad_0822,False,False,False,False,False,False
sapt_lora,medical_vqa_rad,vqarad_0825,False,False,False,False,False,False
sapt_lora,medical_vqa_rad,vqarad_0836,True,True,True,False,False,False
sapt_lora,medical_vqa_rad,vqarad_0843,True,True,True,False,False,False
sapt_lora,medical_vqa_rad,vqarad_0847,True,True,True,False,False,False
sapt_lora,medical_vqa_rad,vqarad_0857,False,False,False,False,False,False
sapt_lora,medical_vqa_rad,vqarad_0858,False,False,False,False,False,False
sapt_lora,medical_vqa_rad,vqarad_0862,False,False,False,False,False,False
sapt_lora,medical_vqa_rad,vqarad_0863,True,True,True,False,False,False
sapt_lora,medical_vqa_rad,vqarad_0864,True,True,True,False,False,False
sapt_lora,medical_vqa_rad,vqarad_0867,False,False,False,False,False,False
sapt_lora,medical_vqa_rad,vqarad_0868,True,True,True,False,False,False
sapt_lora,medical_vqa_rad,vqarad_0872,True,True,True,False,False,False
sapt_lora,medical_vqa_rad,vqarad_0873,False,False,False,False,False,False
sapt_lora,medical_vqa_rad,vqarad_0874,True,True,True,False,False,False
sapt_lora,medical_vqa_rad,vqarad_0875,True,True,True,False,False,False
sapt_lora,medical_vqa_rad,vqarad_0877,False,False,False,False,False,False
sapt_lora,medical_vqa_rad,vqarad_0878,False,False,False,False,False,False
sapt_lora,medical_vqa_rad,vqarad_0879,True,True,True,False,False,False
sapt_lora,medical_vqa_rad,vqarad_0880,True,True,True,False,False,False
sapt_lora,medical_vqa_rad,vqarad_0887,True,True,True,False,False,False
sapt_lora,medical_vqa_rad,vqarad_0888,True,True,True,False,False,False
sapt_lora,medical_vqa_rad,vqarad_0889,False,False,False,False,False,False
sapt_lora,medical_vqa_rad,vqarad_0890,False,False,False,False,False,False
sapt_lora,medical_vqa_rad,vqarad_0892,False,False,False,False,False,False
sapt_lora,medical_vqa_rad,vqarad_0893,False,False,False,False,False,False
sapt_lora,medical_vqa_rad,vqarad_0894,False,False,False,False,False,False
sapt_lora,medical_vqa_rad,vqarad_0895,False,False,False,False,False,False
sapt_lora,medical_vqa_rad,vqarad_0905,False,False,False,False,False,False
sapt_lora,medical_vqa_rad,vqarad_0906,False,False,False,False,False,False
sapt_lora,medical_vqa_rad,vqarad_0911,True,True,True,False,False,False
sapt_lora,medical_vqa_rad,vqarad_0912,False,False,False,False,False,False
sapt_lora,medical_vqa_rad,vqarad_0913,False,False,False,False,False,False
sapt_lora,medical_vqa_rad,vqarad_0914,True,True,True,False,False,False
sapt_lora,medical_vqa_rad,vqarad_0922,False,False,False,False,False,False
